-- Generated by Craft v2.7.3 on 11 dec. 2018 14:42:30.

--
-- Disable foreign key checks and autocommit.
--

SET FOREIGN_KEY_CHECKS = 0;
SET SQL_MODE = "NO_AUTO_VALUE_ON_ZERO";
SET AUTOCOMMIT = 0;
SET NAMES utf8;


DROP TABLE IF EXISTS `craft_assetfiles`;


--
-- Schema for table `craft_assetfiles`
--
CREATE TABLE `craft_assetfiles` (
  `id` int(11) NOT NULL,
  `sourceId` int(11) DEFAULT NULL,
  `folderId` int(11) NOT NULL,
  `filename` varchar(255) COLLATE utf8_unicode_ci NOT NULL,
  `kind` varchar(50) COLLATE utf8_unicode_ci NOT NULL DEFAULT 'unknown',
  `width` int(11) unsigned DEFAULT NULL,
  `height` int(11) unsigned DEFAULT NULL,
  `size` bigint(20) unsigned DEFAULT NULL,
  `dateModified` datetime DEFAULT NULL,
  `dateCreated` datetime NOT NULL,
  `dateUpdated` datetime NOT NULL,
  `uid` char(36) COLLATE utf8_unicode_ci NOT NULL DEFAULT '0',
  PRIMARY KEY (`id`),
  UNIQUE KEY `craft_assetfiles_filename_folderId_unq_idx` (`filename`,`folderId`),
  KEY `craft_assetfiles_sourceId_fk` (`sourceId`),
  KEY `craft_assetfiles_folderId_fk` (`folderId`)
) ENGINE=InnoDB DEFAULT CHARSET=utf8 COLLATE=utf8_unicode_ci;

--
-- Data for table `craft_assetfiles`
--

INSERT INTO `craft_assetfiles` (`id`, `sourceId`, `folderId`, `filename`, `kind`, `width`, `height`, `size`, `dateModified`, `dateCreated`, `dateUpdated`, `uid`) VALUES
 ('82', '1', '1', 'pexels-photo-1070536.jpg', 'image', '2250', '1500', '596409', '2018-11-11 11:34:21', '2018-11-11 11:34:21', '2018-11-11 11:34:21', '1ecedbf6-a41e-4e28-8779-35536948338e'),
 ('84', '1', '1', 'pexels-photo-1012982.jpg', 'image', '2250', '1500', '560093', '2018-11-11 11:34:57', '2018-11-11 11:34:58', '2018-11-11 11:34:58', '1d3fc0c1-a729-4640-ae8e-b7235e4d04f4'),
 ('87', '1', '1', 'bojan.jpg', 'image', '768', '523', '274563', '2018-11-11 15:17:49', '2018-11-11 15:17:49', '2018-11-11 15:17:49', '40cbb47b-de76-42fe-a96c-bb97b3456df3'),
 ('90', '1', '1', 'pexels-photo-1496183.jpg', 'image', '2250', '1500', '512376', '2018-11-12 13:46:59', '2018-11-12 13:46:59', '2018-11-12 13:46:59', '8662a96e-9c92-4451-a444-53ec4779d384'),
 ('93', '1', '1', 'pexels-photo-417040.jpg', 'image', '2520', '1398', '330673', '2018-11-12 14:41:56', '2018-11-12 14:41:56', '2018-11-12 14:41:56', '8c4cbf65-1516-45f8-a3e1-639ce63910f6'),
 ('95', '1', '1', 'pexels-photo-691030.jpg', 'image', '2388', '1500', '451390', '2018-11-12 14:43:05', '2018-11-12 14:43:06', '2018-11-12 14:43:06', 'e1f0a6c0-9bac-4c73-ab33-7f2ef6833287'),
 ('98', '1', '1', 'data25069064-83e484.jpg', 'image', '1280', '769', '122526', '2018-11-12 20:03:48', '2018-11-12 20:03:48', '2018-11-12 20:03:48', '8cb2f3c2-e5a1-4e6c-b6fa-1be821ee100b'),
 ('100', '1', '1', 'pexels-photo-1080722.jpg', 'image', '2520', '572', '258695', '2018-11-13 17:37:40', '2018-11-13 17:37:40', '2018-11-13 17:37:40', '5f7172ef-cb3a-4172-9e35-1f20ac03c0fe'),
 ('102', '1', '1', 'pexels-photo-149419.jpeg', 'image', '1001', '1500', '301211', '2018-11-13 17:39:38', '2018-11-13 17:39:38', '2018-11-13 17:39:38', '4ae3fefd-1317-46ee-bbef-0783af908268'),
 ('115', '1', '1', 'Billions.jpg', 'image', '2560', '1600', '626826', '2018-12-11 13:19:30', '2018-12-11 13:19:31', '2018-12-11 13:19:31', 'ea0dae21-3f0d-45a2-bc9f-0446eda2a4ce');



DROP TABLE IF EXISTS `craft_assetfolders`;


--
-- Schema for table `craft_assetfolders`
--
CREATE TABLE `craft_assetfolders` (
  `id` int(11) NOT NULL AUTO_INCREMENT,
  `parentId` int(11) DEFAULT NULL,
  `sourceId` int(11) DEFAULT NULL,
  `name` varchar(255) COLLATE utf8_unicode_ci NOT NULL,
  `path` varchar(255) COLLATE utf8_unicode_ci DEFAULT NULL,
  `dateCreated` datetime NOT NULL,
  `dateUpdated` datetime NOT NULL,
  `uid` char(36) COLLATE utf8_unicode_ci NOT NULL DEFAULT '0',
  PRIMARY KEY (`id`),
  UNIQUE KEY `craft_assetfolders_name_parentId_sourceId_unq_idx` (`name`,`parentId`,`sourceId`),
  KEY `craft_assetfolders_parentId_fk` (`parentId`),
  KEY `craft_assetfolders_sourceId_fk` (`sourceId`)
) ENGINE=InnoDB AUTO_INCREMENT=2 DEFAULT CHARSET=utf8 COLLATE=utf8_unicode_ci;

--
-- Data for table `craft_assetfolders`
--

INSERT INTO `craft_assetfolders` (`id`, `parentId`, `sourceId`, `name`, `path`, `dateCreated`, `dateUpdated`, `uid`) VALUES
 ('1', NULL, '1', 'Uploads', '', '2018-10-30 20:15:55', '2018-10-30 20:15:55', '6fce21cb-3e49-40b4-90cd-0cfe511660db');



DROP TABLE IF EXISTS `craft_assetindexdata`;


--
-- Schema for table `craft_assetindexdata`
--
CREATE TABLE `craft_assetindexdata` (
  `id` int(11) NOT NULL AUTO_INCREMENT,
  `sessionId` varchar(36) COLLATE utf8_unicode_ci NOT NULL DEFAULT '',
  `sourceId` int(10) NOT NULL,
  `offset` int(10) NOT NULL,
  `uri` text COLLATE utf8_unicode_ci,
  `size` varchar(255) COLLATE utf8_unicode_ci DEFAULT NULL,
  `recordId` int(10) DEFAULT NULL,
  `dateCreated` datetime NOT NULL,
  `dateUpdated` datetime NOT NULL,
  `uid` char(36) COLLATE utf8_unicode_ci NOT NULL DEFAULT '0',
  PRIMARY KEY (`id`),
  UNIQUE KEY `craft_assetindexdata_sessionId_sourceId_offset_unq_idx` (`sessionId`,`sourceId`,`offset`),
  KEY `craft_assetindexdata_sourceId_fk` (`sourceId`)
) ENGINE=InnoDB DEFAULT CHARSET=utf8 COLLATE=utf8_unicode_ci;

DROP TABLE IF EXISTS `craft_assetsources`;


--
-- Schema for table `craft_assetsources`
--
CREATE TABLE `craft_assetsources` (
  `id` int(11) NOT NULL AUTO_INCREMENT,
  `name` varchar(255) COLLATE utf8_unicode_ci NOT NULL,
  `handle` varchar(255) COLLATE utf8_unicode_ci NOT NULL,
  `type` varchar(150) COLLATE utf8_unicode_ci NOT NULL,
  `settings` text COLLATE utf8_unicode_ci,
  `sortOrder` smallint(6) unsigned DEFAULT NULL,
  `fieldLayoutId` int(10) DEFAULT NULL,
  `dateCreated` datetime NOT NULL,
  `dateUpdated` datetime NOT NULL,
  `uid` char(36) COLLATE utf8_unicode_ci NOT NULL DEFAULT '0',
  PRIMARY KEY (`id`),
  UNIQUE KEY `craft_assetsources_name_unq_idx` (`name`),
  UNIQUE KEY `craft_assetsources_handle_unq_idx` (`handle`),
  KEY `craft_assetsources_fieldLayoutId_fk` (`fieldLayoutId`)
) ENGINE=InnoDB AUTO_INCREMENT=2 DEFAULT CHARSET=utf8 COLLATE=utf8_unicode_ci;

--
-- Data for table `craft_assetsources`
--

INSERT INTO `craft_assetsources` (`id`, `name`, `handle`, `type`, `settings`, `sortOrder`, `fieldLayoutId`, `dateCreated`, `dateUpdated`, `uid`) VALUES
 ('1', 'Uploads', 'uploads', 'Local', '{\"path\":\"{basePath}public\\/images\\/\",\"publicURLs\":\"1\",\"url\":\"{baseUrl}public\\/images\\/\"}', '1', '12', '2018-10-30 20:15:55', '2018-10-30 20:24:12', '3553d3ae-bf8b-4e53-bce3-0199a1318fb6');



DROP TABLE IF EXISTS `craft_assettransformindex`;


--
-- Schema for table `craft_assettransformindex`
--
CREATE TABLE `craft_assettransformindex` (
  `id` int(11) NOT NULL AUTO_INCREMENT,
  `fileId` int(11) NOT NULL,
  `filename` varchar(255) COLLATE utf8_unicode_ci DEFAULT NULL,
  `format` varchar(255) COLLATE utf8_unicode_ci DEFAULT NULL,
  `location` varchar(255) COLLATE utf8_unicode_ci NOT NULL,
  `sourceId` int(11) DEFAULT NULL,
  `fileExists` tinyint(1) DEFAULT NULL,
  `inProgress` tinyint(1) DEFAULT NULL,
  `dateIndexed` datetime DEFAULT NULL,
  `dateCreated` datetime NOT NULL,
  `dateUpdated` datetime NOT NULL,
  `uid` char(36) COLLATE utf8_unicode_ci NOT NULL DEFAULT '0',
  PRIMARY KEY (`id`),
  KEY `craft_assettransformindex_sourceId_fileId_location_idx` (`sourceId`,`fileId`,`location`)
) ENGINE=InnoDB AUTO_INCREMENT=3 DEFAULT CHARSET=utf8 COLLATE=utf8_unicode_ci;

DROP TABLE IF EXISTS `craft_assettransforms`;


--
-- Schema for table `craft_assettransforms`
--
CREATE TABLE `craft_assettransforms` (
  `id` int(11) NOT NULL AUTO_INCREMENT,
  `name` varchar(255) COLLATE utf8_unicode_ci NOT NULL,
  `handle` varchar(255) COLLATE utf8_unicode_ci NOT NULL,
  `mode` enum('stretch','fit','crop') COLLATE utf8_unicode_ci NOT NULL DEFAULT 'crop',
  `position` enum('top-left','top-center','top-right','center-left','center-center','center-right','bottom-left','bottom-center','bottom-right') COLLATE utf8_unicode_ci NOT NULL DEFAULT 'center-center',
  `height` int(10) DEFAULT NULL,
  `width` int(10) DEFAULT NULL,
  `format` varchar(255) COLLATE utf8_unicode_ci DEFAULT NULL,
  `quality` int(10) DEFAULT NULL,
  `dimensionChangeTime` datetime DEFAULT NULL,
  `dateCreated` datetime NOT NULL,
  `dateUpdated` datetime NOT NULL,
  `uid` char(36) COLLATE utf8_unicode_ci NOT NULL DEFAULT '0',
  PRIMARY KEY (`id`),
  UNIQUE KEY `craft_assettransforms_name_unq_idx` (`name`),
  UNIQUE KEY `craft_assettransforms_handle_unq_idx` (`handle`)
) ENGINE=InnoDB DEFAULT CHARSET=utf8 COLLATE=utf8_unicode_ci;

DROP TABLE IF EXISTS `craft_categories`;


--
-- Schema for table `craft_categories`
--
CREATE TABLE `craft_categories` (
  `id` int(11) NOT NULL,
  `groupId` int(11) NOT NULL,
  `dateCreated` datetime NOT NULL,
  `dateUpdated` datetime NOT NULL,
  `uid` char(36) COLLATE utf8_unicode_ci NOT NULL DEFAULT '0',
  PRIMARY KEY (`id`),
  KEY `craft_categories_groupId_fk` (`groupId`)
) ENGINE=InnoDB DEFAULT CHARSET=utf8 COLLATE=utf8_unicode_ci;

DROP TABLE IF EXISTS `craft_categorygroups`;


--
-- Schema for table `craft_categorygroups`
--
CREATE TABLE `craft_categorygroups` (
  `id` int(11) NOT NULL AUTO_INCREMENT,
  `structureId` int(11) NOT NULL,
  `fieldLayoutId` int(11) DEFAULT NULL,
  `name` varchar(255) COLLATE utf8_unicode_ci NOT NULL,
  `handle` varchar(255) COLLATE utf8_unicode_ci NOT NULL,
  `hasUrls` tinyint(1) unsigned NOT NULL DEFAULT '1',
  `template` varchar(500) COLLATE utf8_unicode_ci DEFAULT NULL,
  `dateCreated` datetime NOT NULL,
  `dateUpdated` datetime NOT NULL,
  `uid` char(36) COLLATE utf8_unicode_ci NOT NULL DEFAULT '0',
  PRIMARY KEY (`id`),
  UNIQUE KEY `craft_categorygroups_name_unq_idx` (`name`),
  UNIQUE KEY `craft_categorygroups_handle_unq_idx` (`handle`),
  KEY `craft_categorygroups_structureId_fk` (`structureId`),
  KEY `craft_categorygroups_fieldLayoutId_fk` (`fieldLayoutId`)
) ENGINE=InnoDB DEFAULT CHARSET=utf8 COLLATE=utf8_unicode_ci;

DROP TABLE IF EXISTS `craft_categorygroups_i18n`;


--
-- Schema for table `craft_categorygroups_i18n`
--
CREATE TABLE `craft_categorygroups_i18n` (
  `id` int(11) NOT NULL AUTO_INCREMENT,
  `groupId` int(11) NOT NULL,
  `locale` char(12) COLLATE utf8_unicode_ci NOT NULL,
  `urlFormat` text COLLATE utf8_unicode_ci,
  `nestedUrlFormat` text COLLATE utf8_unicode_ci,
  `dateCreated` datetime NOT NULL,
  `dateUpdated` datetime NOT NULL,
  `uid` char(36) COLLATE utf8_unicode_ci NOT NULL DEFAULT '0',
  PRIMARY KEY (`id`),
  UNIQUE KEY `craft_categorygroups_i18n_groupId_locale_unq_idx` (`groupId`,`locale`),
  KEY `craft_categorygroups_i18n_locale_fk` (`locale`)
) ENGINE=InnoDB DEFAULT CHARSET=utf8 COLLATE=utf8_unicode_ci;

DROP TABLE IF EXISTS `craft_commerce_addresses`;


--
-- Schema for table `craft_commerce_addresses`
--
CREATE TABLE `craft_commerce_addresses` (
  `id` int(11) NOT NULL AUTO_INCREMENT,
  `attention` varchar(255) COLLATE utf8_unicode_ci DEFAULT NULL,
  `title` varchar(255) COLLATE utf8_unicode_ci DEFAULT NULL,
  `firstName` varchar(255) COLLATE utf8_unicode_ci NOT NULL,
  `lastName` varchar(255) COLLATE utf8_unicode_ci NOT NULL,
  `countryId` int(10) DEFAULT NULL,
  `stateId` int(10) DEFAULT NULL,
  `address1` varchar(255) COLLATE utf8_unicode_ci DEFAULT NULL,
  `address2` varchar(255) COLLATE utf8_unicode_ci DEFAULT NULL,
  `city` varchar(255) COLLATE utf8_unicode_ci DEFAULT NULL,
  `zipCode` varchar(255) COLLATE utf8_unicode_ci DEFAULT NULL,
  `phone` varchar(255) COLLATE utf8_unicode_ci DEFAULT NULL,
  `alternativePhone` varchar(255) COLLATE utf8_unicode_ci DEFAULT NULL,
  `businessName` varchar(255) COLLATE utf8_unicode_ci DEFAULT NULL,
  `businessTaxId` varchar(255) COLLATE utf8_unicode_ci DEFAULT NULL,
  `businessId` varchar(255) COLLATE utf8_unicode_ci DEFAULT NULL,
  `stateName` varchar(255) COLLATE utf8_unicode_ci DEFAULT NULL,
  `dateCreated` datetime NOT NULL,
  `dateUpdated` datetime NOT NULL,
  `uid` char(36) COLLATE utf8_unicode_ci NOT NULL DEFAULT '0',
  PRIMARY KEY (`id`),
  KEY `craft_commerce_addresses_countryId_fk` (`countryId`),
  KEY `craft_commerce_addresses_stateId_fk` (`stateId`)
) ENGINE=InnoDB DEFAULT CHARSET=utf8 COLLATE=utf8_unicode_ci;

DROP TABLE IF EXISTS `craft_commerce_countries`;


--
-- Schema for table `craft_commerce_countries`
--
CREATE TABLE `craft_commerce_countries` (
  `id` int(11) NOT NULL AUTO_INCREMENT,
  `name` varchar(255) COLLATE utf8_unicode_ci NOT NULL,
  `iso` varchar(2) COLLATE utf8_unicode_ci NOT NULL,
  `stateRequired` tinyint(1) unsigned NOT NULL DEFAULT '0',
  `dateCreated` datetime NOT NULL,
  `dateUpdated` datetime NOT NULL,
  `uid` char(36) COLLATE utf8_unicode_ci NOT NULL DEFAULT '0',
  PRIMARY KEY (`id`),
  UNIQUE KEY `craft_commerce_countries_name_unq_idx` (`name`),
  UNIQUE KEY `craft_commerce_countries_iso_unq_idx` (`iso`)
) ENGINE=InnoDB AUTO_INCREMENT=250 DEFAULT CHARSET=utf8 COLLATE=utf8_unicode_ci;

--
-- Data for table `craft_commerce_countries`
--

INSERT INTO `craft_commerce_countries` (`id`, `name`, `iso`, `stateRequired`, `dateCreated`, `dateUpdated`, `uid`) VALUES
 ('1', 'Andorra', 'AD', '0', '2018-12-11 13:08:44', '2018-12-11 13:08:44', '03fa1495-14d7-4abc-80fb-a0b81371bdcc'),
 ('2', 'United Arab Emirates', 'AE', '0', '2018-12-11 13:08:44', '2018-12-11 13:08:44', 'f941b4b6-655b-4427-982f-a75afdf0a2bb'),
 ('3', 'Afghanistan', 'AF', '0', '2018-12-11 13:08:44', '2018-12-11 13:08:44', 'af915116-913a-4ad7-b92b-3868d2374c25'),
 ('4', 'Antigua and Barbuda', 'AG', '0', '2018-12-11 13:08:44', '2018-12-11 13:08:44', 'b03123c8-3e60-4875-b59f-7222cfc34387'),
 ('5', 'Anguilla', 'AI', '0', '2018-12-11 13:08:44', '2018-12-11 13:08:44', '4fd284d5-3c3b-4124-8a1d-eabf004447db'),
 ('6', 'Albania', 'AL', '0', '2018-12-11 13:08:44', '2018-12-11 13:08:44', '8fdf79b1-d48e-42ec-ac81-c8f373cbce31'),
 ('7', 'Armenia', 'AM', '0', '2018-12-11 13:08:44', '2018-12-11 13:08:44', '5966af96-6876-4e9a-ab93-f9855b24fa01'),
 ('8', 'Angola', 'AO', '0', '2018-12-11 13:08:44', '2018-12-11 13:08:44', 'ef466ff0-2d43-439e-ae4c-6df60afac617'),
 ('9', 'Antarctica', 'AQ', '0', '2018-12-11 13:08:44', '2018-12-11 13:08:44', 'ad3d29a6-e409-4c74-b36c-5f567fbb7af0'),
 ('10', 'Argentina', 'AR', '0', '2018-12-11 13:08:44', '2018-12-11 13:08:44', '38b639e2-38ab-4da2-8aea-0f27c4e13782'),
 ('11', 'American Samoa', 'AS', '0', '2018-12-11 13:08:44', '2018-12-11 13:08:44', 'e82a8c47-dbd0-46b8-b16e-477dc9e61cdc'),
 ('12', 'Austria', 'AT', '0', '2018-12-11 13:08:44', '2018-12-11 13:08:44', '38f0308d-79bd-40f5-9aa4-938a1b325bd7'),
 ('13', 'Australia', 'AU', '0', '2018-12-11 13:08:44', '2018-12-11 13:08:44', '3d55a9bd-cafc-4d60-a0c5-a69522041c79'),
 ('14', 'Aruba', 'AW', '0', '2018-12-11 13:08:44', '2018-12-11 13:08:44', '6a2a1bca-b6dc-4ce2-8638-2f69af75ecdc'),
 ('15', 'Aland Islands', 'AX', '0', '2018-12-11 13:08:44', '2018-12-11 13:08:44', 'd0f90150-63c9-4c02-852e-cdec759ce7fc'),
 ('16', 'Azerbaijan', 'AZ', '0', '2018-12-11 13:08:44', '2018-12-11 13:08:44', 'e49d8d7d-c990-413b-8ac7-1575e97588a1'),
 ('17', 'Bosnia and Herzegovina', 'BA', '0', '2018-12-11 13:08:44', '2018-12-11 13:08:44', '8f81dd5c-e94a-41eb-b763-618740896883'),
 ('18', 'Barbados', 'BB', '0', '2018-12-11 13:08:44', '2018-12-11 13:08:44', '61ff074b-28f2-422a-bfa6-1333e1d3518b'),
 ('19', 'Bangladesh', 'BD', '0', '2018-12-11 13:08:44', '2018-12-11 13:08:44', 'f6b24875-b3d1-4db2-8056-e38a4af5f53b'),
 ('20', 'Belgium', 'BE', '0', '2018-12-11 13:08:44', '2018-12-11 13:08:44', '692ef9a1-11e8-4ff8-b27c-3903cab93a57'),
 ('21', 'Burkina Faso', 'BF', '0', '2018-12-11 13:08:44', '2018-12-11 13:08:44', '7902e33d-de87-4b88-be2d-801a57eff82a'),
 ('22', 'Bulgaria', 'BG', '0', '2018-12-11 13:08:44', '2018-12-11 13:08:44', '7bfd43da-9913-4f7a-ae34-f8da78682d71'),
 ('23', 'Bahrain', 'BH', '0', '2018-12-11 13:08:44', '2018-12-11 13:08:44', '5b432d8e-c1f7-4a34-80ac-972624eed12a'),
 ('24', 'Burundi', 'BI', '0', '2018-12-11 13:08:44', '2018-12-11 13:08:44', '6b403777-0498-4527-8faa-6cdec90c63ec'),
 ('25', 'Benin', 'BJ', '0', '2018-12-11 13:08:44', '2018-12-11 13:08:44', 'bd9c03d1-266a-42f1-b637-e38e029d4a33'),
 ('26', 'Saint Barthelemy', 'BL', '0', '2018-12-11 13:08:44', '2018-12-11 13:08:44', 'f70bdc07-8c42-405f-9d12-a09d10f3c4db'),
 ('27', 'Bermuda', 'BM', '0', '2018-12-11 13:08:44', '2018-12-11 13:08:44', '38cb0b1a-9a49-435d-9c80-bd4f9b45c729'),
 ('28', 'Brunei Darussalam', 'BN', '0', '2018-12-11 13:08:44', '2018-12-11 13:08:44', 'e38dc21e-d7db-4f22-9ffe-4a7df7794b44'),
 ('29', 'Bolivia', 'BO', '0', '2018-12-11 13:08:44', '2018-12-11 13:08:44', '451a473f-8db9-4af4-aa76-a5357db1e90f'),
 ('30', 'Bonaire, Sint Eustatius and Saba', 'BQ', '0', '2018-12-11 13:08:44', '2018-12-11 13:08:44', '779d0866-c4a7-45dd-85c6-58a44179feb6'),
 ('31', 'Brazil', 'BR', '0', '2018-12-11 13:08:44', '2018-12-11 13:08:44', 'bbb66776-c236-4902-8b2e-724989e46c3e'),
 ('32', 'Bahamas', 'BS', '0', '2018-12-11 13:08:44', '2018-12-11 13:08:44', 'e694f3f1-570f-4108-bcef-fd205ce02e7d'),
 ('33', 'Bhutan', 'BT', '0', '2018-12-11 13:08:44', '2018-12-11 13:08:44', '73077350-97bd-41a6-b2b3-be88850a337c'),
 ('34', 'Bouvet Island', 'BV', '0', '2018-12-11 13:08:44', '2018-12-11 13:08:44', '48542654-97c0-40c5-8193-22f2175b2d00'),
 ('35', 'Botswana', 'BW', '0', '2018-12-11 13:08:44', '2018-12-11 13:08:44', 'b9a541ce-00a1-44ed-87c0-9f7e8ec9c3c8'),
 ('36', 'Belarus', 'BY', '0', '2018-12-11 13:08:44', '2018-12-11 13:08:44', 'b16b12fe-c601-4e7f-bb85-1df42aa77eb8'),
 ('37', 'Belize', 'BZ', '0', '2018-12-11 13:08:44', '2018-12-11 13:08:44', 'dcf06f43-fb29-475a-9bee-27fdd77c61e3'),
 ('38', 'Canada', 'CA', '0', '2018-12-11 13:08:44', '2018-12-11 13:08:44', 'affdce79-bc55-4e0e-95d2-74662dd4f336'),
 ('39', 'Cocos (Keeling) Islands', 'CC', '0', '2018-12-11 13:08:44', '2018-12-11 13:08:44', 'e9d9241f-e0cb-4bd7-b6cb-bd3d7ac15062'),
 ('40', 'Democratic Republic of Congo', 'CD', '0', '2018-12-11 13:08:44', '2018-12-11 13:08:44', '5a38924b-b230-4dd7-8972-5f15c76bbf3e'),
 ('41', 'Central African Republic', 'CF', '0', '2018-12-11 13:08:44', '2018-12-11 13:08:44', '16ed7a2b-d465-460c-bdc6-6380e7d20290'),
 ('42', 'Congo', 'CG', '0', '2018-12-11 13:08:44', '2018-12-11 13:08:44', 'd2929333-216a-4371-a88b-e7deff05082e'),
 ('43', 'Switzerland', 'CH', '0', '2018-12-11 13:08:44', '2018-12-11 13:08:44', '81c3dbc3-81a1-44b6-b316-61932d9f417b'),
 ('44', 'Ivory Coast', 'CI', '0', '2018-12-11 13:08:44', '2018-12-11 13:08:44', '0476612d-338d-496e-84ec-b8d72851d456'),
 ('45', 'Cook Islands', 'CK', '0', '2018-12-11 13:08:44', '2018-12-11 13:08:44', 'b7bec32d-c03e-41f5-8d3a-ec76c679454d'),
 ('46', 'Chile', 'CL', '0', '2018-12-11 13:08:44', '2018-12-11 13:08:44', '21637a88-a351-444f-a4c0-8cd5fe8a256a'),
 ('47', 'Cameroon', 'CM', '0', '2018-12-11 13:08:44', '2018-12-11 13:08:44', '6bc0585c-70e0-4af9-8479-aba78e3766a8'),
 ('48', 'China', 'CN', '0', '2018-12-11 13:08:44', '2018-12-11 13:08:44', 'e90ef545-9f57-4bec-a044-c8a77f1423d4'),
 ('49', 'Colombia', 'CO', '0', '2018-12-11 13:08:44', '2018-12-11 13:08:44', '85addeef-d3b7-4c28-a4d0-dd62c5f722c8'),
 ('50', 'Costa Rica', 'CR', '0', '2018-12-11 13:08:44', '2018-12-11 13:08:44', 'b467f4ac-d13d-46c1-8566-4362913ecbd9'),
 ('51', 'Cuba', 'CU', '0', '2018-12-11 13:08:44', '2018-12-11 13:08:44', '2061d292-1456-4144-a77d-25f5d4e975a0'),
 ('52', 'Cape Verde', 'CV', '0', '2018-12-11 13:08:44', '2018-12-11 13:08:44', 'c82c9dc0-56b7-48da-a9f8-1be0e4547f88'),
 ('53', 'Curacao', 'CW', '0', '2018-12-11 13:08:44', '2018-12-11 13:08:44', 'ef883841-3858-41ec-8bdb-69f6db3e0e6a'),
 ('54', 'Christmas Island', 'CX', '0', '2018-12-11 13:08:44', '2018-12-11 13:08:44', '0f987e4c-6cad-49f9-8da4-ee71ff9afd32'),
 ('55', 'Cyprus', 'CY', '0', '2018-12-11 13:08:44', '2018-12-11 13:08:44', 'ad3fc438-8991-409f-a215-0d0a60eead9a'),
 ('56', 'Czech Republic', 'CZ', '0', '2018-12-11 13:08:44', '2018-12-11 13:08:44', '6c4992f3-7406-4dce-a7c5-b20509c6c466'),
 ('57', 'Germany', 'DE', '0', '2018-12-11 13:08:44', '2018-12-11 13:08:44', 'a84e9dfb-d666-4ca6-abfb-8d6b0ab09367'),
 ('58', 'Djibouti', 'DJ', '0', '2018-12-11 13:08:44', '2018-12-11 13:08:44', 'e1d5b7d3-e7fb-4eff-8559-24d5da2d4c9e'),
 ('59', 'Denmark', 'DK', '0', '2018-12-11 13:08:44', '2018-12-11 13:08:44', '6c4a156c-01ee-4c19-82da-bf0a2ba3b9f2'),
 ('60', 'Dominica', 'DM', '0', '2018-12-11 13:08:44', '2018-12-11 13:08:44', '1132fc6e-9723-489f-a9f5-42e94c8de24d'),
 ('61', 'Dominican Republic', 'DO', '0', '2018-12-11 13:08:44', '2018-12-11 13:08:44', '51b437f6-fb44-40de-9964-ac964a74c654'),
 ('62', 'Algeria', 'DZ', '0', '2018-12-11 13:08:44', '2018-12-11 13:08:44', '8e658646-ac24-47d9-a8d4-e80567f9873a'),
 ('63', 'Ecuador', 'EC', '0', '2018-12-11 13:08:44', '2018-12-11 13:08:44', '8bbec497-14b1-4641-83d0-b5e9ff4c08b9'),
 ('64', 'Estonia', 'EE', '0', '2018-12-11 13:08:44', '2018-12-11 13:08:44', 'c2c7b17a-d883-40dd-bd3e-0582b5a93dee'),
 ('65', 'Egypt', 'EG', '0', '2018-12-11 13:08:44', '2018-12-11 13:08:44', 'c8c0375c-be3e-43f0-93bd-0518817b8012'),
 ('66', 'Western Sahara', 'EH', '0', '2018-12-11 13:08:44', '2018-12-11 13:08:44', '6249cc2c-f5e4-47b0-ac6b-cbb3062c23ef'),
 ('67', 'Eritrea', 'ER', '0', '2018-12-11 13:08:44', '2018-12-11 13:08:44', 'df37be91-56c0-4a2f-821a-095d31ab95d6'),
 ('68', 'Spain', 'ES', '0', '2018-12-11 13:08:44', '2018-12-11 13:08:44', 'a7981900-56fe-4b43-8f1a-b2f6d927c6e6'),
 ('69', 'Ethiopia', 'ET', '0', '2018-12-11 13:08:44', '2018-12-11 13:08:44', '17ea345d-f280-4402-a1cd-ea15d8797016'),
 ('70', 'Finland', 'FI', '0', '2018-12-11 13:08:44', '2018-12-11 13:08:44', '7998e770-a0bd-4b63-b0ee-fa4a7364c730'),
 ('71', 'Fiji', 'FJ', '0', '2018-12-11 13:08:44', '2018-12-11 13:08:44', '1d6193c3-c1e4-4b1d-9086-5406deb2cd5d'),
 ('72', 'Falkland Islands (Malvinas)', 'FK', '0', '2018-12-11 13:08:44', '2018-12-11 13:08:44', 'cb3b7355-6468-4e74-92a1-f2a8b07cdafa'),
 ('73', 'Micronesia', 'FM', '0', '2018-12-11 13:08:44', '2018-12-11 13:08:44', '98cdc78a-136a-4695-be59-4c80a11c8d68'),
 ('74', 'Faroe Islands', 'FO', '0', '2018-12-11 13:08:44', '2018-12-11 13:08:44', '818f69ff-fdc3-4be8-828b-4af79ceb6644'),
 ('75', 'France', 'FR', '0', '2018-12-11 13:08:44', '2018-12-11 13:08:44', '84efe30a-a6ea-4ed4-9de5-cc53aab1dd09'),
 ('76', 'Gabon', 'GA', '0', '2018-12-11 13:08:44', '2018-12-11 13:08:44', 'dbbbef7f-1711-4e9e-ad9a-17212e872cc0'),
 ('77', 'United Kingdom', 'GB', '0', '2018-12-11 13:08:44', '2018-12-11 13:08:44', '43998e32-fb64-400a-8cb7-8155cdb4b01f'),
 ('78', 'Grenada', 'GD', '0', '2018-12-11 13:08:44', '2018-12-11 13:08:44', '8147328a-ce03-4366-be4c-9cb70d72de05'),
 ('79', 'Georgia', 'GE', '0', '2018-12-11 13:08:44', '2018-12-11 13:08:44', '0e45edfe-269a-435b-aa1c-5f12d8c7c3f6'),
 ('80', 'French Guiana', 'GF', '0', '2018-12-11 13:08:44', '2018-12-11 13:08:44', '1231373d-94e8-4988-ab0b-91b3ae7eb8d0'),
 ('81', 'Guernsey', 'GG', '0', '2018-12-11 13:08:44', '2018-12-11 13:08:44', '0f145f2e-9570-4706-b0a2-1919ed31ebd2'),
 ('82', 'Ghana', 'GH', '0', '2018-12-11 13:08:44', '2018-12-11 13:08:44', 'dbac3920-c9fa-4f37-8163-6d4c6eccba04'),
 ('83', 'Gibraltar', 'GI', '0', '2018-12-11 13:08:44', '2018-12-11 13:08:44', '9e8829b3-a99b-4474-bad8-6e930383c93b'),
 ('84', 'Greenland', 'GL', '0', '2018-12-11 13:08:44', '2018-12-11 13:08:44', '2a28806e-09db-442e-9edd-be85f35b5241'),
 ('85', 'Gambia', 'GM', '0', '2018-12-11 13:08:44', '2018-12-11 13:08:44', 'ebeff8e5-890e-4737-987b-5e192499bfc1'),
 ('86', 'Guinea', 'GN', '0', '2018-12-11 13:08:44', '2018-12-11 13:08:44', '23f2d93b-8660-4d9f-819e-1e6cb096d8ea'),
 ('87', 'Guadeloupe', 'GP', '0', '2018-12-11 13:08:44', '2018-12-11 13:08:44', 'cc346f6f-226b-4035-b2b1-0bfdd2ebda04'),
 ('88', 'Equatorial Guinea', 'GQ', '0', '2018-12-11 13:08:44', '2018-12-11 13:08:44', '68161f00-10f3-4d7e-ad8e-ba47b852e531'),
 ('89', 'Greece', 'GR', '0', '2018-12-11 13:08:44', '2018-12-11 13:08:44', '70b73006-e83b-40b7-93be-0a148aec36ac'),
 ('90', 'S. Georgia and S. Sandwich Isls.', 'GS', '0', '2018-12-11 13:08:44', '2018-12-11 13:08:44', '58a41e4b-4dd3-42cc-bb8d-0e27f203e3fb'),
 ('91', 'Guatemala', 'GT', '0', '2018-12-11 13:08:44', '2018-12-11 13:08:44', '704e3270-825a-4cb9-bb3d-f44a789b02bb'),
 ('92', 'Guam', 'GU', '0', '2018-12-11 13:08:44', '2018-12-11 13:08:44', 'f1125ebb-b7fe-470f-b455-c85005fdccdc'),
 ('93', 'Guinea-Bissau', 'GW', '0', '2018-12-11 13:08:44', '2018-12-11 13:08:44', 'a953f7d8-f688-47af-9e9f-3bd5b150e554'),
 ('94', 'Guyana', 'GY', '0', '2018-12-11 13:08:44', '2018-12-11 13:08:44', '5f37bd50-c30f-4812-a9b7-ef5fd19f6a98'),
 ('95', 'Hong Kong', 'HK', '0', '2018-12-11 13:08:44', '2018-12-11 13:08:44', 'a38a7ae6-16d1-4dc5-8ada-021691fcaed8'),
 ('96', 'Heard and McDonald Islands', 'HM', '0', '2018-12-11 13:08:44', '2018-12-11 13:08:44', '445a725f-ebad-47f1-a660-7e7eb07a1d5b'),
 ('97', 'Honduras', 'HN', '0', '2018-12-11 13:08:44', '2018-12-11 13:08:44', '387e0c99-b063-422b-9c91-72e30bcf7936'),
 ('98', 'Croatia (Hrvatska)', 'HR', '0', '2018-12-11 13:08:44', '2018-12-11 13:08:44', 'b359e32b-be9c-4732-bdae-b62579489d75'),
 ('99', 'Haiti', 'HT', '0', '2018-12-11 13:08:44', '2018-12-11 13:08:44', '8624dff8-5d8a-4b3d-b3a7-e29dd1ec9e8c'),
 ('100', 'Hungary', 'HU', '0', '2018-12-11 13:08:44', '2018-12-11 13:08:44', '7cb9867a-6db9-466d-9120-36b3fe308a3b');
INSERT INTO `craft_commerce_countries` (`id`, `name`, `iso`, `stateRequired`, `dateCreated`, `dateUpdated`, `uid`) VALUES
 ('101', 'Indonesia', 'ID', '0', '2018-12-11 13:08:44', '2018-12-11 13:08:44', 'df61cc22-b20a-4e9c-a65e-1d4af1cea65c'),
 ('102', 'Ireland', 'IE', '0', '2018-12-11 13:08:44', '2018-12-11 13:08:44', '6919dd5b-8d95-4fc9-b3ae-1de4c673d4ad'),
 ('103', 'Israel', 'IL', '0', '2018-12-11 13:08:44', '2018-12-11 13:08:44', '1107d2c7-de83-48cf-8667-e50da687594d'),
 ('104', 'Isle Of Man', 'IM', '0', '2018-12-11 13:08:44', '2018-12-11 13:08:44', 'c05dab4c-fbfb-4dd9-bcac-bd5551068acc'),
 ('105', 'India', 'IN', '0', '2018-12-11 13:08:44', '2018-12-11 13:08:44', 'bb4022a2-7422-4d07-8fdb-8628f22b0b76'),
 ('106', 'British Indian Ocean Territory', 'IO', '0', '2018-12-11 13:08:44', '2018-12-11 13:08:44', '5550cb82-175b-4eaf-8222-1571f35f5acb'),
 ('107', 'Iraq', 'IQ', '0', '2018-12-11 13:08:44', '2018-12-11 13:08:44', '2c033c3e-7721-492d-a102-642de742ea88'),
 ('108', 'Iran', 'IR', '0', '2018-12-11 13:08:44', '2018-12-11 13:08:44', '67728e19-0af3-4165-b3de-3b2f63b14be8'),
 ('109', 'Iceland', 'IS', '0', '2018-12-11 13:08:44', '2018-12-11 13:08:44', '444ef6b4-60e7-41a3-9f59-1acca1bae016'),
 ('110', 'Italy', 'IT', '0', '2018-12-11 13:08:44', '2018-12-11 13:08:44', '1a680ffc-8aeb-43ee-bf0e-2b91eff24075'),
 ('111', 'Jersey', 'JE', '0', '2018-12-11 13:08:44', '2018-12-11 13:08:44', 'c153b702-bd3e-463f-9f15-0ebc7c6a21fc'),
 ('112', 'Jamaica', 'JM', '0', '2018-12-11 13:08:44', '2018-12-11 13:08:44', '51e78d39-c7df-4152-9184-0a96f5a3e7f4'),
 ('113', 'Jordan', 'JO', '0', '2018-12-11 13:08:44', '2018-12-11 13:08:44', 'd0cca32b-93f5-44d4-b5b7-a34016e51374'),
 ('114', 'Japan', 'JP', '0', '2018-12-11 13:08:44', '2018-12-11 13:08:44', 'c353c6d8-3208-43e5-bbdd-06d3cfaf33e9'),
 ('115', 'Kenya', 'KE', '0', '2018-12-11 13:08:44', '2018-12-11 13:08:44', '53d31d00-84b0-4138-968a-0e917e35a60d'),
 ('116', 'Kyrgyzstan', 'KG', '0', '2018-12-11 13:08:44', '2018-12-11 13:08:44', '84125ea4-9758-4937-afc6-b84997b32e07'),
 ('117', 'Cambodia', 'KH', '0', '2018-12-11 13:08:44', '2018-12-11 13:08:44', 'da331144-f149-46e4-a4cf-ea8afb9e17ee'),
 ('118', 'Kiribati', 'KI', '0', '2018-12-11 13:08:44', '2018-12-11 13:08:44', '1cc70d50-9ba3-4e00-9b12-485377ed59b2'),
 ('119', 'Comoros', 'KM', '0', '2018-12-11 13:08:44', '2018-12-11 13:08:44', '273b4ecd-4064-4808-8a2d-731d03990b0e'),
 ('120', 'Saint Kitts and Nevis', 'KN', '0', '2018-12-11 13:08:44', '2018-12-11 13:08:44', '02ec12c5-bf3f-4d0a-9ee5-fad71ebbe428'),
 ('121', 'Korea (North)', 'KP', '0', '2018-12-11 13:08:44', '2018-12-11 13:08:44', '65c6a523-dbd6-4455-9fbc-1eaced286a6a'),
 ('122', 'Korea (South)', 'KR', '0', '2018-12-11 13:08:44', '2018-12-11 13:08:44', 'eb9ea463-5a86-4e4f-9d75-4361945433af'),
 ('123', 'Kuwait', 'KW', '0', '2018-12-11 13:08:44', '2018-12-11 13:08:44', 'fd01f991-414b-4b94-9150-ff7abc970f83'),
 ('124', 'Cayman Islands', 'KY', '0', '2018-12-11 13:08:44', '2018-12-11 13:08:44', 'f279a72f-3d6a-4a70-bc8a-c917f7aea2c4'),
 ('125', 'Kazakhstan', 'KZ', '0', '2018-12-11 13:08:44', '2018-12-11 13:08:44', '40a517a6-d78c-4f75-8a3c-0d5c52d70261'),
 ('126', 'Laos', 'LA', '0', '2018-12-11 13:08:44', '2018-12-11 13:08:44', 'fa540a34-45e7-46e6-80d7-ade242ed7db0'),
 ('127', 'Lebanon', 'LB', '0', '2018-12-11 13:08:44', '2018-12-11 13:08:44', '7496cd90-1f2e-42fc-9d07-e276afacbd79'),
 ('128', 'Saint Lucia', 'LC', '0', '2018-12-11 13:08:44', '2018-12-11 13:08:44', 'ce944eea-a623-4998-bbab-9808f2b3caa4'),
 ('129', 'Liechtenstein', 'LI', '0', '2018-12-11 13:08:44', '2018-12-11 13:08:44', '1688be3d-aad9-4c26-aab6-c63dfe660fc7'),
 ('130', 'Sri Lanka', 'LK', '0', '2018-12-11 13:08:44', '2018-12-11 13:08:44', '7daa78d7-5b63-4f31-83b0-74d8f466e743'),
 ('131', 'Liberia', 'LR', '0', '2018-12-11 13:08:44', '2018-12-11 13:08:44', 'e867ceeb-fd3f-4e38-bc15-3cfd536c093e'),
 ('132', 'Lesotho', 'LS', '0', '2018-12-11 13:08:44', '2018-12-11 13:08:44', 'aaef8a6d-964d-4b05-bc12-52a12ea5895f'),
 ('133', 'Lithuania', 'LT', '0', '2018-12-11 13:08:44', '2018-12-11 13:08:44', 'c4a53a11-448e-497a-bfe1-14e03b35aa7c'),
 ('134', 'Luxembourg', 'LU', '0', '2018-12-11 13:08:44', '2018-12-11 13:08:44', '1d99338e-9a71-411e-a14d-05776673f73c'),
 ('135', 'Latvia', 'LV', '0', '2018-12-11 13:08:44', '2018-12-11 13:08:44', '3c892492-5b78-42a8-9d64-f9ae12373b40'),
 ('136', 'Libya', 'LY', '0', '2018-12-11 13:08:44', '2018-12-11 13:08:44', '5d11c610-5fb3-4733-abf3-99820129d26f'),
 ('137', 'Morocco', 'MA', '0', '2018-12-11 13:08:44', '2018-12-11 13:08:44', '7ded1656-ca8e-4023-9339-5d382010993f'),
 ('138', 'Monaco', 'MC', '0', '2018-12-11 13:08:44', '2018-12-11 13:08:44', '92684eb2-4d4a-4b8f-85ce-56720acde980'),
 ('139', 'Moldova', 'MD', '0', '2018-12-11 13:08:44', '2018-12-11 13:08:44', 'b35da3e6-44c0-4e55-8b4c-3313e1456bf0'),
 ('140', 'Montenegro', 'ME', '0', '2018-12-11 13:08:44', '2018-12-11 13:08:44', 'f63250aa-aaf9-49dd-a412-effba8642078'),
 ('141', 'Saint Martin (French part)', 'MF', '0', '2018-12-11 13:08:44', '2018-12-11 13:08:44', '2d6ac90e-923b-442d-a648-22b33bf35bf9'),
 ('142', 'Madagascar', 'MG', '0', '2018-12-11 13:08:44', '2018-12-11 13:08:44', '00c6e391-a677-42bf-890f-9bcdc3bae035'),
 ('143', 'Marshall Islands', 'MH', '0', '2018-12-11 13:08:44', '2018-12-11 13:08:44', '33e4b3a9-9684-4dda-a33a-ee6d367b9a41'),
 ('144', 'Macedonia', 'MK', '0', '2018-12-11 13:08:44', '2018-12-11 13:08:44', 'f9302a05-cd15-4c26-b344-5224bb41903d'),
 ('145', 'Mali', 'ML', '0', '2018-12-11 13:08:44', '2018-12-11 13:08:44', '5c8ce00a-de46-4b4f-a16e-ab68df300baa'),
 ('146', 'Burma (Myanmar)', 'MM', '0', '2018-12-11 13:08:44', '2018-12-11 13:08:44', '6ecd51e8-5a49-48fe-b706-008dccf0b7b0'),
 ('147', 'Mongolia', 'MN', '0', '2018-12-11 13:08:44', '2018-12-11 13:08:44', '43d6b5fe-85d7-41fa-b08d-9939d58ffc56'),
 ('148', 'Macau', 'MO', '0', '2018-12-11 13:08:44', '2018-12-11 13:08:44', '00b03a33-405a-4cb5-ae75-67361cd13072'),
 ('149', 'Northern Mariana Islands', 'MP', '0', '2018-12-11 13:08:44', '2018-12-11 13:08:44', '0a4d48bc-8367-4767-8a4d-5f6e3e6aeea5'),
 ('150', 'Martinique', 'MQ', '0', '2018-12-11 13:08:44', '2018-12-11 13:08:44', '7245b563-d95e-4af9-9785-c50f186b063c'),
 ('151', 'Mauritania', 'MR', '0', '2018-12-11 13:08:44', '2018-12-11 13:08:44', 'a5b63a2d-8a31-4ef4-9d9a-9a29705f490c'),
 ('152', 'Montserrat', 'MS', '0', '2018-12-11 13:08:44', '2018-12-11 13:08:44', '399235e7-bdb4-4410-9e65-647a93c8346d'),
 ('153', 'Malta', 'MT', '0', '2018-12-11 13:08:44', '2018-12-11 13:08:44', 'cdda4849-974d-4246-8d9d-bdde3df99928'),
 ('154', 'Mauritius', 'MU', '0', '2018-12-11 13:08:44', '2018-12-11 13:08:44', 'fa529ac7-8129-47c3-bc89-4303ef82456c'),
 ('155', 'Maldives', 'MV', '0', '2018-12-11 13:08:44', '2018-12-11 13:08:44', 'a8b5c203-750b-4138-baa7-25fffa50968f'),
 ('156', 'Malawi', 'MW', '0', '2018-12-11 13:08:44', '2018-12-11 13:08:44', '78529e84-beb7-4734-8b0a-24654e369e9a'),
 ('157', 'Mexico', 'MX', '0', '2018-12-11 13:08:44', '2018-12-11 13:08:44', 'f5fa8db4-03f7-422b-ad1d-d059af256e54'),
 ('158', 'Malaysia', 'MY', '0', '2018-12-11 13:08:44', '2018-12-11 13:08:44', 'f611c77e-8184-4409-b839-26d67bd1fc58'),
 ('159', 'Mozambique', 'MZ', '0', '2018-12-11 13:08:44', '2018-12-11 13:08:44', 'a11f8188-243e-4163-ac55-e460384f6fdc'),
 ('160', 'Namibia', 'NA', '0', '2018-12-11 13:08:44', '2018-12-11 13:08:44', '1b2c3122-5d43-4b8a-bed0-fa4b4da07d52'),
 ('161', 'New Caledonia', 'NC', '0', '2018-12-11 13:08:44', '2018-12-11 13:08:44', '69318f8f-1812-4990-9ec2-58616717920c'),
 ('162', 'Niger', 'NE', '0', '2018-12-11 13:08:44', '2018-12-11 13:08:44', '72efa57d-59a1-4c48-9363-ff0157c18ca8'),
 ('163', 'Norfolk Island', 'NF', '0', '2018-12-11 13:08:44', '2018-12-11 13:08:44', '2bbd802d-19f3-4bc9-a7c2-811854eebfc5'),
 ('164', 'Nigeria', 'NG', '0', '2018-12-11 13:08:44', '2018-12-11 13:08:44', 'bd1967d3-ef18-4072-ba1d-aa0be66d93a7'),
 ('165', 'Nicaragua', 'NI', '0', '2018-12-11 13:08:44', '2018-12-11 13:08:44', '63038563-2a06-4817-bbb6-af14ec388e80'),
 ('166', 'Netherlands', 'NL', '0', '2018-12-11 13:08:44', '2018-12-11 13:08:44', '24337a73-6533-43ba-ba24-b404879c552c'),
 ('167', 'Norway', 'NO', '0', '2018-12-11 13:08:44', '2018-12-11 13:08:44', '2ce0cc82-0842-41cc-8110-234d5cf43167'),
 ('168', 'Nepal', 'NP', '0', '2018-12-11 13:08:44', '2018-12-11 13:08:44', '981bdaae-b80d-4b65-9600-d1fac5c32faa'),
 ('169', 'Nauru', 'NR', '0', '2018-12-11 13:08:44', '2018-12-11 13:08:44', 'ebf3f5c4-6c7d-4de8-9aed-680de1617fce'),
 ('170', 'Niue', 'NU', '0', '2018-12-11 13:08:44', '2018-12-11 13:08:44', '1ac41f66-5769-402a-a773-66ca41f5bee9'),
 ('171', 'New Zealand', 'NZ', '0', '2018-12-11 13:08:44', '2018-12-11 13:08:44', '261902f3-7b1c-4dab-a257-880dbf209ea2'),
 ('172', 'Oman', 'OM', '0', '2018-12-11 13:08:44', '2018-12-11 13:08:44', '2b232e7c-a14a-4a40-aa48-f7b8565afff8'),
 ('173', 'Panama', 'PA', '0', '2018-12-11 13:08:44', '2018-12-11 13:08:44', 'b962e127-f3ee-4470-af2b-a09fb875b907'),
 ('174', 'Peru', 'PE', '0', '2018-12-11 13:08:44', '2018-12-11 13:08:44', 'c9ce4a5d-9a76-469b-bacc-8bccf6da8a01'),
 ('175', 'French Polynesia', 'PF', '0', '2018-12-11 13:08:44', '2018-12-11 13:08:44', '311d8eff-d34b-4d73-a2e2-8e1d4bddeb6b'),
 ('176', 'Papua New Guinea', 'PG', '0', '2018-12-11 13:08:44', '2018-12-11 13:08:44', 'd10fb0e6-dcd2-44f4-af7e-c2813789270f'),
 ('177', 'Philippines', 'PH', '0', '2018-12-11 13:08:44', '2018-12-11 13:08:44', 'eaaa7a72-bbc1-427c-a856-3496afffc8a9'),
 ('178', 'Pakistan', 'PK', '0', '2018-12-11 13:08:44', '2018-12-11 13:08:44', '9f2299d1-ec67-4f88-8609-f1800a990fe2'),
 ('179', 'Poland', 'PL', '0', '2018-12-11 13:08:44', '2018-12-11 13:08:44', '05c085ee-59d6-460b-9005-8256984c8c30'),
 ('180', 'St. Pierre and Miquelon', 'PM', '0', '2018-12-11 13:08:44', '2018-12-11 13:08:44', '03d42fee-9c04-42a6-874c-e82f315192f5'),
 ('181', 'Pitcairn', 'PN', '0', '2018-12-11 13:08:44', '2018-12-11 13:08:44', '65c074bc-5b6e-446c-a7d4-a23097436bba'),
 ('182', 'Puerto Rico', 'PR', '0', '2018-12-11 13:08:44', '2018-12-11 13:08:44', 'bc1f20a9-ef08-473b-aa25-f85e90ae8eb3'),
 ('183', 'Palestinian Territory, Occupied', 'PS', '0', '2018-12-11 13:08:44', '2018-12-11 13:08:44', 'e120a053-bcf3-4dec-b2d3-b60fe6a94e84'),
 ('184', 'Portugal', 'PT', '0', '2018-12-11 13:08:44', '2018-12-11 13:08:44', '253bf1bf-7a15-4a58-90c9-91ccb5a0fe50'),
 ('185', 'Palau', 'PW', '0', '2018-12-11 13:08:44', '2018-12-11 13:08:44', '105aab8a-be46-4a0c-a74c-5076383421de'),
 ('186', 'Paraguay', 'PY', '0', '2018-12-11 13:08:44', '2018-12-11 13:08:44', '3ba2149c-b35c-4547-8f46-104f8dff095e'),
 ('187', 'Qatar', 'QA', '0', '2018-12-11 13:08:44', '2018-12-11 13:08:44', '38fdda8f-fcb3-4183-abbc-4b944f53f47f'),
 ('188', 'Reunion', 'RE', '0', '2018-12-11 13:08:44', '2018-12-11 13:08:44', 'e7596db6-a822-40e2-8157-501a9f4591da'),
 ('189', 'Romania', 'RO', '0', '2018-12-11 13:08:44', '2018-12-11 13:08:44', 'aa0c5adc-6960-49cb-89d1-8474f04a10f4'),
 ('190', 'Republic of Serbia', 'RS', '0', '2018-12-11 13:08:44', '2018-12-11 13:08:44', '69f489b9-9d54-4726-a478-8006344cb8ea'),
 ('191', 'Russia', 'RU', '0', '2018-12-11 13:08:44', '2018-12-11 13:08:44', '9d8e080c-962a-4e8f-b052-c31d117b6665'),
 ('192', 'Rwanda', 'RW', '0', '2018-12-11 13:08:44', '2018-12-11 13:08:44', '8758621e-90b9-4a64-89ac-ecd0c0552823'),
 ('193', 'Saudi Arabia', 'SA', '0', '2018-12-11 13:08:44', '2018-12-11 13:08:44', 'e1917e49-1e5f-49ba-beb7-e3ffb57bed95'),
 ('194', 'Solomon Islands', 'SB', '0', '2018-12-11 13:08:44', '2018-12-11 13:08:44', 'c2800524-1f53-4ebf-ac7e-686e1f148435'),
 ('195', 'Seychelles', 'SC', '0', '2018-12-11 13:08:44', '2018-12-11 13:08:44', '7ebdc3f2-888e-4d41-b01c-a1c9c22bf4db'),
 ('196', 'Sudan', 'SD', '0', '2018-12-11 13:08:44', '2018-12-11 13:08:44', 'a1f00d27-abc9-4286-ad36-47bd257ef47e'),
 ('197', 'Sweden', 'SE', '0', '2018-12-11 13:08:44', '2018-12-11 13:08:44', '6c0f5bfa-fec0-40c7-a7a9-59d9e0a9f856'),
 ('198', 'Singapore', 'SG', '0', '2018-12-11 13:08:44', '2018-12-11 13:08:44', 'a524ee22-cd0b-4065-af35-a5a8d6795149'),
 ('199', 'St. Helena', 'SH', '0', '2018-12-11 13:08:44', '2018-12-11 13:08:44', 'b5434d72-7fca-4928-b36e-568132f6bc25'),
 ('200', 'Slovenia', 'SI', '0', '2018-12-11 13:08:44', '2018-12-11 13:08:44', '214236ca-406d-42f8-aed6-56701d81a403');
INSERT INTO `craft_commerce_countries` (`id`, `name`, `iso`, `stateRequired`, `dateCreated`, `dateUpdated`, `uid`) VALUES
 ('201', 'Svalbard and Jan Mayen Islands', 'SJ', '0', '2018-12-11 13:08:44', '2018-12-11 13:08:44', '25ccc41d-bfeb-4a53-9aa9-9fb1e99e0e29'),
 ('202', 'Slovak Republic', 'SK', '0', '2018-12-11 13:08:44', '2018-12-11 13:08:44', '50c806c4-f26a-457b-9ab5-39dcbb5267e1'),
 ('203', 'Sierra Leone', 'SL', '0', '2018-12-11 13:08:44', '2018-12-11 13:08:44', 'c1e43a87-95a1-4de9-b0b7-592782688f4a'),
 ('204', 'San Marino', 'SM', '0', '2018-12-11 13:08:44', '2018-12-11 13:08:44', 'fe260a9b-78d7-43ca-b9e3-3770285a05f1'),
 ('205', 'Senegal', 'SN', '0', '2018-12-11 13:08:44', '2018-12-11 13:08:44', '29707256-dba6-4ea8-a869-65a970eb7f21'),
 ('206', 'Somalia', 'SO', '0', '2018-12-11 13:08:44', '2018-12-11 13:08:44', '5091072d-e1b9-45f3-a771-ac5f62f62d52'),
 ('207', 'Suriname', 'SR', '0', '2018-12-11 13:08:44', '2018-12-11 13:08:44', '7c24ac27-9acf-4dd4-afbf-61fb6acdf494'),
 ('208', 'South Sudan', 'SS', '0', '2018-12-11 13:08:44', '2018-12-11 13:08:44', 'd83530bf-db69-4ea6-8e40-58a06a3a8dd8'),
 ('209', 'Sao Tome and Principe', 'ST', '0', '2018-12-11 13:08:44', '2018-12-11 13:08:44', '4192288a-922a-40b7-bba4-bacf9eaa33d9'),
 ('210', 'El Salvador', 'SV', '0', '2018-12-11 13:08:44', '2018-12-11 13:08:44', '6ff15e91-0900-436e-86e9-90dc657837a6'),
 ('211', 'Sint Maarten (Dutch part)', 'SX', '0', '2018-12-11 13:08:44', '2018-12-11 13:08:44', '509d60cc-4de0-4f8d-9ee8-cfaced30e834'),
 ('212', 'Syria', 'SY', '0', '2018-12-11 13:08:44', '2018-12-11 13:08:44', 'f8316cb5-65f1-459c-9828-9e778ccf358f'),
 ('213', 'Swaziland', 'SZ', '0', '2018-12-11 13:08:44', '2018-12-11 13:08:44', '8d785b41-ab4d-4192-8358-a2097716842d'),
 ('214', 'Turks and Caicos Islands', 'TC', '0', '2018-12-11 13:08:44', '2018-12-11 13:08:44', '78e1efc5-e388-4109-ab43-98f5e7749ea5'),
 ('215', 'Chad', 'TD', '0', '2018-12-11 13:08:44', '2018-12-11 13:08:44', '704ca854-09b9-4087-a695-6fcbca43b8fd'),
 ('216', 'French Southern Territories', 'TF', '0', '2018-12-11 13:08:44', '2018-12-11 13:08:44', '6d142fd3-e160-4a9d-9cab-7caaa9f16d40'),
 ('217', 'Togo', 'TG', '0', '2018-12-11 13:08:44', '2018-12-11 13:08:44', '3db5f864-d8d0-436f-8565-ab87d62807e5'),
 ('218', 'Thailand', 'TH', '0', '2018-12-11 13:08:44', '2018-12-11 13:08:44', 'a2d2baa5-aaee-4bb9-9838-41303ccf7186'),
 ('219', 'Tajikistan', 'TJ', '0', '2018-12-11 13:08:44', '2018-12-11 13:08:44', 'cbdda22d-37a0-466a-b452-67f90838b61a'),
 ('220', 'Tokelau', 'TK', '0', '2018-12-11 13:08:44', '2018-12-11 13:08:44', 'e4acbafa-b902-41d0-aedb-cb918f296935'),
 ('221', 'Timor-Leste', 'TL', '0', '2018-12-11 13:08:44', '2018-12-11 13:08:44', '6d112910-7fe5-469b-b0ca-8ede986dc527'),
 ('222', 'Turkmenistan', 'TM', '0', '2018-12-11 13:08:44', '2018-12-11 13:08:44', 'd5c3cea0-1074-486d-a95b-522b3c268284'),
 ('223', 'Tunisia', 'TN', '0', '2018-12-11 13:08:44', '2018-12-11 13:08:44', '6839211b-dd19-4636-bfef-4bb09421dcf6'),
 ('224', 'Tonga', 'TO', '0', '2018-12-11 13:08:44', '2018-12-11 13:08:44', '4cb9bea7-cb03-4989-9012-631ad67caefe'),
 ('225', 'Turkey', 'TR', '0', '2018-12-11 13:08:44', '2018-12-11 13:08:44', '9dbd5afc-444c-4233-83a1-82b3fa5d99d4'),
 ('226', 'Trinidad and Tobago', 'TT', '0', '2018-12-11 13:08:44', '2018-12-11 13:08:44', '195cd2e0-c001-49d9-93fc-089291ce83ee'),
 ('227', 'Tuvalu', 'TV', '0', '2018-12-11 13:08:44', '2018-12-11 13:08:44', 'bb301d1f-240d-4e72-9e37-05e0df160146'),
 ('228', 'Taiwan', 'TW', '0', '2018-12-11 13:08:44', '2018-12-11 13:08:44', 'e0797a2a-863f-4b0a-851f-a40b14f1d6f5'),
 ('229', 'Tanzania', 'TZ', '0', '2018-12-11 13:08:44', '2018-12-11 13:08:44', '1972ee30-1f07-4c11-8b50-36256b2e2528'),
 ('230', 'Ukraine', 'UA', '0', '2018-12-11 13:08:44', '2018-12-11 13:08:44', '8d2ff1bd-86e8-4de3-bff5-44d76341ed58'),
 ('231', 'Uganda', 'UG', '0', '2018-12-11 13:08:44', '2018-12-11 13:08:44', '5e054962-2574-4280-aae6-368e54124956'),
 ('232', 'United States Minor Outlying Islands', 'UM', '0', '2018-12-11 13:08:44', '2018-12-11 13:08:44', '5e38141d-77dc-4add-9b41-4863b4f6c7b4'),
 ('233', 'United States', 'US', '0', '2018-12-11 13:08:44', '2018-12-11 13:08:44', '15457ac2-b742-4e40-b785-6532b0c68788'),
 ('234', 'Uruguay', 'UY', '0', '2018-12-11 13:08:44', '2018-12-11 13:08:44', '7c1823ec-627d-4b94-bd54-e1d775e8a46f'),
 ('235', 'Uzbekistan', 'UZ', '0', '2018-12-11 13:08:44', '2018-12-11 13:08:44', '1fa84934-a41b-4baa-8745-9585271db5f7'),
 ('236', 'Vatican City State (Holy See)', 'VA', '0', '2018-12-11 13:08:44', '2018-12-11 13:08:44', '5f3b2aed-1ef6-488a-9aa7-6f62ba230753'),
 ('237', 'Saint Vincent and the Grenadines', 'VC', '0', '2018-12-11 13:08:44', '2018-12-11 13:08:44', '48465899-9fd7-417b-8e70-0dcc56cbd859'),
 ('238', 'Venezuela', 'VE', '0', '2018-12-11 13:08:44', '2018-12-11 13:08:44', 'e219e818-7d51-4234-9d70-d2450a760474'),
 ('239', 'Virgin Islands (British)', 'VG', '0', '2018-12-11 13:08:44', '2018-12-11 13:08:44', '1db0dba1-2dd7-4e7e-87c8-7448aded3472'),
 ('240', 'Virgin Islands (U.S.)', 'VI', '0', '2018-12-11 13:08:44', '2018-12-11 13:08:44', 'a7ba8a99-4142-4c44-ac04-da9fd8df6b97'),
 ('241', 'Viet Nam', 'VN', '0', '2018-12-11 13:08:44', '2018-12-11 13:08:44', 'd40c3465-4447-43df-ab5e-bcf936f531a8'),
 ('242', 'Vanuatu', 'VU', '0', '2018-12-11 13:08:44', '2018-12-11 13:08:44', 'a6a664a6-70cb-4d98-b9f7-ba9f28fba7f4'),
 ('243', 'Wallis and Futuna Islands', 'WF', '0', '2018-12-11 13:08:44', '2018-12-11 13:08:44', '459b13a2-8da1-49f0-9f49-ad7b15da0f93'),
 ('244', 'Samoa', 'WS', '0', '2018-12-11 13:08:44', '2018-12-11 13:08:44', '5e4f2434-43d9-4b50-aacc-9c8d157fc9cc'),
 ('245', 'Yemen', 'YE', '0', '2018-12-11 13:08:44', '2018-12-11 13:08:44', '5f190cf0-b9b7-4564-8cbd-c64d7770bf30'),
 ('246', 'Mayotte', 'YT', '0', '2018-12-11 13:08:44', '2018-12-11 13:08:44', '8b50afef-1a3a-44a8-81b1-ce0baebb6d68'),
 ('247', 'South Africa', 'ZA', '0', '2018-12-11 13:08:44', '2018-12-11 13:08:44', '2613dfe0-e7b8-4467-a862-2eb47e13c297'),
 ('248', 'Zambia', 'ZM', '0', '2018-12-11 13:08:44', '2018-12-11 13:08:44', '1630f725-93ed-4ce5-b810-41547509cc73'),
 ('249', 'Zimbabwe', 'ZW', '0', '2018-12-11 13:08:44', '2018-12-11 13:08:44', 'd2a432dd-87ff-4c3d-bd44-30704a5330b1');



DROP TABLE IF EXISTS `craft_commerce_customer_discountuses`;


--
-- Schema for table `craft_commerce_customer_discountuses`
--
CREATE TABLE `craft_commerce_customer_discountuses` (
  `id` int(11) NOT NULL AUTO_INCREMENT,
  `discountId` int(10) NOT NULL,
  `customerId` int(10) NOT NULL,
  `uses` int(10) unsigned NOT NULL,
  `dateCreated` datetime NOT NULL,
  `dateUpdated` datetime NOT NULL,
  `uid` char(36) COLLATE utf8_unicode_ci NOT NULL DEFAULT '0',
  PRIMARY KEY (`id`),
  UNIQUE KEY `craft_commerce_customer_discountuses_customerId_discountId_unq_i` (`customerId`,`discountId`),
  KEY `craft_commerce_customer_discountuses_discountId_fk` (`discountId`)
) ENGINE=InnoDB DEFAULT CHARSET=utf8 COLLATE=utf8_unicode_ci;

DROP TABLE IF EXISTS `craft_commerce_customers`;


--
-- Schema for table `craft_commerce_customers`
--
CREATE TABLE `craft_commerce_customers` (
  `id` int(11) NOT NULL AUTO_INCREMENT,
  `userId` int(11) DEFAULT NULL,
  `lastUsedBillingAddressId` int(10) DEFAULT NULL,
  `lastUsedShippingAddressId` int(10) DEFAULT NULL,
  `dateCreated` datetime NOT NULL,
  `dateUpdated` datetime NOT NULL,
  `uid` char(36) COLLATE utf8_unicode_ci NOT NULL DEFAULT '0',
  PRIMARY KEY (`id`),
  KEY `craft_commerce_customers_userId_fk` (`userId`)
) ENGINE=InnoDB AUTO_INCREMENT=2 DEFAULT CHARSET=utf8 COLLATE=utf8_unicode_ci;

--
-- Data for table `craft_commerce_customers`
--

INSERT INTO `craft_commerce_customers` (`id`, `userId`, `lastUsedBillingAddressId`, `lastUsedShippingAddressId`, `dateCreated`, `dateUpdated`, `uid`) VALUES
 ('1', '1', NULL, NULL, '2018-12-11 13:42:46', '2018-12-11 13:42:46', '5c1b1dff-f81c-4565-9853-6dd57fdb10e2');



DROP TABLE IF EXISTS `craft_commerce_customers_addresses`;


--
-- Schema for table `craft_commerce_customers_addresses`
--
CREATE TABLE `craft_commerce_customers_addresses` (
  `id` int(11) NOT NULL AUTO_INCREMENT,
  `customerId` int(11) NOT NULL,
  `addressId` int(11) NOT NULL,
  `dateCreated` datetime NOT NULL,
  `dateUpdated` datetime NOT NULL,
  `uid` char(36) COLLATE utf8_unicode_ci NOT NULL DEFAULT '0',
  PRIMARY KEY (`id`),
  UNIQUE KEY `craft_commerce_customers_addresses_customerId_addressId_unq_idx` (`customerId`,`addressId`),
  KEY `craft_commerce_customers_addresses_customerId_idx` (`customerId`),
  KEY `craft_commerce_customers_addresses_addressId_idx` (`addressId`)
) ENGINE=InnoDB DEFAULT CHARSET=utf8 COLLATE=utf8_unicode_ci;

DROP TABLE IF EXISTS `craft_commerce_discount_products`;


--
-- Schema for table `craft_commerce_discount_products`
--
CREATE TABLE `craft_commerce_discount_products` (
  `id` int(11) NOT NULL AUTO_INCREMENT,
  `discountId` int(10) NOT NULL,
  `productId` int(10) NOT NULL,
  `dateCreated` datetime NOT NULL,
  `dateUpdated` datetime NOT NULL,
  `uid` char(36) COLLATE utf8_unicode_ci NOT NULL DEFAULT '0',
  PRIMARY KEY (`id`),
  UNIQUE KEY `craft_commerce_discount_products_discountId_productId_unq_idx` (`discountId`,`productId`),
  KEY `craft_commerce_discount_products_productId_fk` (`productId`)
) ENGINE=InnoDB DEFAULT CHARSET=utf8 COLLATE=utf8_unicode_ci;

DROP TABLE IF EXISTS `craft_commerce_discount_producttypes`;


--
-- Schema for table `craft_commerce_discount_producttypes`
--
CREATE TABLE `craft_commerce_discount_producttypes` (
  `id` int(11) NOT NULL AUTO_INCREMENT,
  `discountId` int(10) NOT NULL,
  `productTypeId` int(10) NOT NULL,
  `dateCreated` datetime NOT NULL,
  `dateUpdated` datetime NOT NULL,
  `uid` char(36) COLLATE utf8_unicode_ci NOT NULL DEFAULT '0',
  PRIMARY KEY (`id`),
  UNIQUE KEY `craft_commerc_discoun_producttype_discountI_productTypeI_unq_idx` (`discountId`,`productTypeId`),
  KEY `craft_commerce_discount_producttypes_productTypeId_fk` (`productTypeId`)
) ENGINE=InnoDB DEFAULT CHARSET=utf8 COLLATE=utf8_unicode_ci;

DROP TABLE IF EXISTS `craft_commerce_discount_usergroups`;


--
-- Schema for table `craft_commerce_discount_usergroups`
--
CREATE TABLE `craft_commerce_discount_usergroups` (
  `id` int(11) NOT NULL AUTO_INCREMENT,
  `discountId` int(10) NOT NULL,
  `userGroupId` int(10) NOT NULL,
  `dateCreated` datetime NOT NULL,
  `dateUpdated` datetime NOT NULL,
  `uid` char(36) COLLATE utf8_unicode_ci NOT NULL DEFAULT '0',
  PRIMARY KEY (`id`),
  UNIQUE KEY `craft_commerce_discount_usergroups_discountId_userGroupId_unq_id` (`discountId`,`userGroupId`),
  KEY `craft_commerce_discount_usergroups_userGroupId_fk` (`userGroupId`)
) ENGINE=InnoDB DEFAULT CHARSET=utf8 COLLATE=utf8_unicode_ci;

DROP TABLE IF EXISTS `craft_commerce_discounts`;


--
-- Schema for table `craft_commerce_discounts`
--
CREATE TABLE `craft_commerce_discounts` (
  `id` int(11) NOT NULL AUTO_INCREMENT,
  `name` varchar(255) COLLATE utf8_unicode_ci NOT NULL,
  `description` text COLLATE utf8_unicode_ci,
  `code` varchar(255) COLLATE utf8_unicode_ci DEFAULT NULL,
  `perUserLimit` int(10) unsigned NOT NULL DEFAULT '0',
  `perEmailLimit` int(10) unsigned NOT NULL DEFAULT '0',
  `totalUseLimit` int(10) unsigned NOT NULL DEFAULT '0',
  `totalUses` int(10) unsigned NOT NULL DEFAULT '0',
  `dateFrom` datetime DEFAULT NULL,
  `dateTo` datetime DEFAULT NULL,
  `purchaseTotal` int(10) NOT NULL DEFAULT '0',
  `purchaseQty` int(10) NOT NULL DEFAULT '0',
  `maxPurchaseQty` int(10) NOT NULL DEFAULT '0',
  `baseDiscount` decimal(14,4) NOT NULL DEFAULT '0.0000',
  `perItemDiscount` decimal(14,4) NOT NULL DEFAULT '0.0000',
  `percentDiscount` decimal(14,4) NOT NULL DEFAULT '0.0000',
  `percentageOffSubject` enum('original','discounted') COLLATE utf8_unicode_ci NOT NULL DEFAULT 'discounted',
  `excludeOnSale` tinyint(1) unsigned NOT NULL DEFAULT '0',
  `freeShipping` tinyint(1) unsigned NOT NULL DEFAULT '0',
  `allGroups` tinyint(1) unsigned NOT NULL DEFAULT '0',
  `allProducts` tinyint(1) unsigned NOT NULL DEFAULT '0',
  `allProductTypes` tinyint(1) unsigned NOT NULL DEFAULT '0',
  `enabled` tinyint(1) unsigned NOT NULL DEFAULT '1',
  `stopProcessing` tinyint(1) unsigned NOT NULL DEFAULT '0',
  `sortOrder` int(10) DEFAULT NULL,
  `dateCreated` datetime NOT NULL,
  `dateUpdated` datetime NOT NULL,
  `uid` char(36) COLLATE utf8_unicode_ci NOT NULL DEFAULT '0',
  PRIMARY KEY (`id`),
  UNIQUE KEY `craft_commerce_discounts_code_unq_idx` (`code`),
  KEY `craft_commerce_discounts_dateFrom_idx` (`dateFrom`),
  KEY `craft_commerce_discounts_dateTo_idx` (`dateTo`)
) ENGINE=InnoDB DEFAULT CHARSET=utf8 COLLATE=utf8_unicode_ci;

DROP TABLE IF EXISTS `craft_commerce_emails`;


--
-- Schema for table `craft_commerce_emails`
--
CREATE TABLE `craft_commerce_emails` (
  `id` int(11) NOT NULL AUTO_INCREMENT,
  `name` varchar(255) COLLATE utf8_unicode_ci NOT NULL,
  `subject` varchar(255) COLLATE utf8_unicode_ci NOT NULL,
  `recipientType` enum('customer','custom') COLLATE utf8_unicode_ci DEFAULT 'custom',
  `to` varchar(255) COLLATE utf8_unicode_ci DEFAULT NULL,
  `bcc` varchar(255) COLLATE utf8_unicode_ci DEFAULT NULL,
  `enabled` tinyint(1) unsigned NOT NULL DEFAULT '0',
  `templatePath` varchar(255) COLLATE utf8_unicode_ci NOT NULL,
  `dateCreated` datetime NOT NULL,
  `dateUpdated` datetime NOT NULL,
  `uid` char(36) COLLATE utf8_unicode_ci NOT NULL DEFAULT '0',
  PRIMARY KEY (`id`)
) ENGINE=InnoDB DEFAULT CHARSET=utf8 COLLATE=utf8_unicode_ci;

DROP TABLE IF EXISTS `craft_commerce_lineitems`;


--
-- Schema for table `craft_commerce_lineitems`
--
CREATE TABLE `craft_commerce_lineitems` (
  `id` int(11) NOT NULL AUTO_INCREMENT,
  `orderId` int(11) NOT NULL,
  `purchasableId` int(11) DEFAULT NULL,
  `options` text COLLATE utf8_unicode_ci,
  `optionsSignature` varchar(255) COLLATE utf8_unicode_ci NOT NULL,
  `price` decimal(14,4) unsigned NOT NULL,
  `saleAmount` decimal(14,4) NOT NULL DEFAULT '0.0000',
  `salePrice` decimal(14,4) NOT NULL DEFAULT '0.0000',
  `tax` decimal(14,4) NOT NULL DEFAULT '0.0000',
  `taxIncluded` decimal(14,4) NOT NULL DEFAULT '0.0000',
  `shippingCost` decimal(14,4) unsigned NOT NULL DEFAULT '0.0000',
  `discount` decimal(14,4) NOT NULL DEFAULT '0.0000',
  `weight` decimal(14,4) unsigned NOT NULL DEFAULT '0.0000',
  `height` decimal(14,4) unsigned NOT NULL DEFAULT '0.0000',
  `length` decimal(14,4) unsigned NOT NULL DEFAULT '0.0000',
  `width` decimal(14,4) unsigned NOT NULL DEFAULT '0.0000',
  `total` decimal(14,4) unsigned NOT NULL DEFAULT '0.0000',
  `qty` int(10) unsigned NOT NULL,
  `note` text COLLATE utf8_unicode_ci,
  `snapshot` text COLLATE utf8_unicode_ci NOT NULL,
  `taxCategoryId` int(10) NOT NULL,
  `shippingCategoryId` int(10) NOT NULL,
  `dateCreated` datetime NOT NULL,
  `dateUpdated` datetime NOT NULL,
  `uid` char(36) COLLATE utf8_unicode_ci NOT NULL DEFAULT '0',
  PRIMARY KEY (`id`),
  UNIQUE KEY `craf_commerc_lineitem_orderI_purchasableI_optionsSignatu_unq_idx` (`orderId`,`purchasableId`,`optionsSignature`),
  KEY `craft_commerce_lineitems_purchasableId_fk` (`purchasableId`),
  KEY `craft_commerce_lineitems_taxCategoryId_fk` (`taxCategoryId`),
  KEY `craft_commerce_lineitems_shippingCategoryId_fk` (`shippingCategoryId`)
) ENGINE=InnoDB AUTO_INCREMENT=2 DEFAULT CHARSET=utf8 COLLATE=utf8_unicode_ci;

--
-- Data for table `craft_commerce_lineitems`
--

INSERT INTO `craft_commerce_lineitems` (`id`, `orderId`, `purchasableId`, `options`, `optionsSignature`, `price`, `saleAmount`, `salePrice`, `tax`, `taxIncluded`, `shippingCost`, `discount`, `weight`, `height`, `length`, `width`, `total`, `qty`, `note`, `snapshot`, `taxCategoryId`, `shippingCategoryId`, `dateCreated`, `dateUpdated`, `uid`) VALUES
 ('1', '118', '110', '[]', 'd751713988987e9331980363e24189ce', '20.0000', '0.0000', '20.0000', '0.0000', '0.0000', '0.0000', '0.0000', '0.0000', '0.0000', '0.0000', '0.0000', '20.0000', '1', NULL, '{\"id\":\"110\",\"enabled\":\"1\",\"archived\":\"0\",\"locale\":\"nl\",\"localeEnabled\":\"1\",\"slug\":\"parka-with-stripes-on-back\",\"uri\":null,\"dateCreated\":\"2018-12-11 13:08:44\",\"dateUpdated\":\"2018-12-11 13:08:44\",\"root\":null,\"lft\":null,\"rgt\":null,\"level\":null,\"searchScore\":null,\"productId\":\"109\",\"isDefault\":\"1\",\"sku\":\"Parka with Stripes on Back\",\"price\":\"20.0000\",\"sortOrder\":null,\"width\":\"0.0000\",\"height\":\"0.0000\",\"length\":\"0.0000\",\"weight\":\"0.0000\",\"stock\":\"0\",\"unlimitedStock\":\"1\",\"minQty\":null,\"maxQty\":null,\"onSale\":0,\"cpEditUrl\":\"#\",\"product\":{\"id\":\"109\",\"enabled\":\"1\",\"archived\":\"0\",\"locale\":\"nl\",\"localeEnabled\":\"1\",\"slug\":\"parka-with-stripes-on-back\",\"uri\":\"shop\\/products\\/parka-with-stripes-on-back\",\"dateCreated\":\"2018-12-11 13:08:44\",\"dateUpdated\":\"2018-12-11 13:08:44\",\"root\":null,\"lft\":null,\"rgt\":null,\"level\":null,\"searchScore\":null,\"typeId\":\"1\",\"taxCategoryId\":\"1\",\"shippingCategoryId\":\"1\",\"promotable\":\"1\",\"freeShipping\":\"0\",\"postDate\":\"2018-12-11 13:08:44\",\"expiryDate\":null,\"defaultVariantId\":\"110\",\"defaultSku\":\"Parka with Stripes on Back\",\"defaultPrice\":\"20.0000\",\"defaultHeight\":\"0.0000\",\"defaultLength\":\"0.0000\",\"defaultWidth\":\"0.0000\",\"defaultWeight\":\"0.0000\",\"title\":\"Parka with Stripes on Back\"},\"description\":\"Parka with Stripes on Back\",\"purchasableId\":\"110\",\"options\":[]}', '1', '1', '2018-12-11 13:42:46', '2018-12-11 13:52:31', '3e48069c-a75e-4289-8e7d-3e0df30dfa82');



DROP TABLE IF EXISTS `craft_commerce_orderadjustments`;


--
-- Schema for table `craft_commerce_orderadjustments`
--
CREATE TABLE `craft_commerce_orderadjustments` (
  `id` int(11) NOT NULL AUTO_INCREMENT,
  `type` varchar(255) COLLATE utf8_unicode_ci NOT NULL,
  `name` varchar(255) COLLATE utf8_unicode_ci DEFAULT NULL,
  `description` varchar(255) COLLATE utf8_unicode_ci DEFAULT NULL,
  `amount` decimal(14,4) NOT NULL,
  `included` tinyint(1) unsigned NOT NULL DEFAULT '0',
  `optionsJson` text COLLATE utf8_unicode_ci NOT NULL,
  `orderId` int(10) NOT NULL,
  `dateCreated` datetime NOT NULL,
  `dateUpdated` datetime NOT NULL,
  `uid` char(36) COLLATE utf8_unicode_ci NOT NULL DEFAULT '0',
  PRIMARY KEY (`id`),
  KEY `craft_commerce_orderadjustments_orderId_idx` (`orderId`)
) ENGINE=InnoDB DEFAULT CHARSET=utf8 COLLATE=utf8_unicode_ci;

DROP TABLE IF EXISTS `craft_commerce_orderhistories`;


--
-- Schema for table `craft_commerce_orderhistories`
--
CREATE TABLE `craft_commerce_orderhistories` (
  `id` int(11) NOT NULL AUTO_INCREMENT,
  `prevStatusId` int(11) DEFAULT NULL,
  `newStatusId` int(11) DEFAULT NULL,
  `orderId` int(10) NOT NULL,
  `customerId` int(10) NOT NULL,
  `message` text COLLATE utf8_unicode_ci,
  `dateCreated` datetime NOT NULL,
  `dateUpdated` datetime NOT NULL,
  `uid` char(36) COLLATE utf8_unicode_ci NOT NULL DEFAULT '0',
  PRIMARY KEY (`id`),
  KEY `craft_commerce_orderhistories_orderId_fk` (`orderId`),
  KEY `craft_commerce_orderhistories_prevStatusId_fk` (`prevStatusId`),
  KEY `craft_commerce_orderhistories_newStatusId_fk` (`newStatusId`),
  KEY `craft_commerce_orderhistories_customerId_fk` (`customerId`)
) ENGINE=InnoDB DEFAULT CHARSET=utf8 COLLATE=utf8_unicode_ci;

DROP TABLE IF EXISTS `craft_commerce_orders`;


--
-- Schema for table `craft_commerce_orders`
--
CREATE TABLE `craft_commerce_orders` (
  `billingAddressId` int(11) DEFAULT NULL,
  `shippingAddressId` int(11) DEFAULT NULL,
  `paymentMethodId` int(11) DEFAULT NULL,
  `customerId` int(11) DEFAULT NULL,
  `id` int(11) NOT NULL,
  `orderStatusId` int(11) DEFAULT NULL,
  `number` varchar(32) COLLATE utf8_unicode_ci DEFAULT NULL,
  `couponCode` varchar(255) COLLATE utf8_unicode_ci DEFAULT NULL,
  `itemTotal` decimal(14,4) DEFAULT '0.0000',
  `baseDiscount` decimal(14,4) DEFAULT '0.0000',
  `baseShippingCost` decimal(14,4) DEFAULT '0.0000',
  `baseTax` decimal(14,4) DEFAULT '0.0000',
  `baseTaxIncluded` decimal(14,4) DEFAULT '0.0000',
  `totalPrice` decimal(14,4) DEFAULT '0.0000',
  `totalPaid` decimal(14,4) DEFAULT '0.0000',
  `email` varchar(255) COLLATE utf8_unicode_ci DEFAULT NULL,
  `isCompleted` tinyint(1) unsigned NOT NULL DEFAULT '0',
  `dateOrdered` datetime DEFAULT NULL,
  `datePaid` datetime DEFAULT NULL,
  `currency` varchar(255) COLLATE utf8_unicode_ci DEFAULT NULL,
  `paymentCurrency` varchar(255) COLLATE utf8_unicode_ci DEFAULT NULL,
  `lastIp` varchar(255) COLLATE utf8_unicode_ci DEFAULT NULL,
  `orderLocale` char(12) COLLATE utf8_unicode_ci DEFAULT NULL,
  `message` varchar(255) COLLATE utf8_unicode_ci DEFAULT NULL,
  `returnUrl` varchar(255) COLLATE utf8_unicode_ci DEFAULT NULL,
  `cancelUrl` varchar(255) COLLATE utf8_unicode_ci DEFAULT NULL,
  `shippingMethod` varchar(255) COLLATE utf8_unicode_ci DEFAULT NULL,
  `dateCreated` datetime NOT NULL,
  `dateUpdated` datetime NOT NULL,
  `uid` char(36) COLLATE utf8_unicode_ci NOT NULL DEFAULT '0',
  PRIMARY KEY (`id`),
  KEY `craft_commerce_orders_number_idx` (`number`),
  KEY `craft_commerce_orders_billingAddressId_fk` (`billingAddressId`),
  KEY `craft_commerce_orders_shippingAddressId_fk` (`shippingAddressId`),
  KEY `craft_commerce_orders_paymentMethodId_fk` (`paymentMethodId`),
  KEY `craft_commerce_orders_customerId_fk` (`customerId`),
  KEY `craft_commerce_orders_orderStatusId_fk` (`orderStatusId`)
) ENGINE=InnoDB DEFAULT CHARSET=utf8 COLLATE=utf8_unicode_ci;

--
-- Data for table `craft_commerce_orders`
--

INSERT INTO `craft_commerce_orders` (`billingAddressId`, `shippingAddressId`, `paymentMethodId`, `customerId`, `id`, `orderStatusId`, `number`, `couponCode`, `itemTotal`, `baseDiscount`, `baseShippingCost`, `baseTax`, `baseTaxIncluded`, `totalPrice`, `totalPaid`, `email`, `isCompleted`, `dateOrdered`, `datePaid`, `currency`, `paymentCurrency`, `lastIp`, `orderLocale`, `message`, `returnUrl`, `cancelUrl`, `shippingMethod`, `dateCreated`, `dateUpdated`, `uid`) VALUES
 (NULL, NULL, '2', '1', '118', NULL, '219ea0100337f0f27b552225c1f44dc6', NULL, '20.0000', '0.0000', '0.0000', '0.0000', '0.0000', '20.0000', '0.0000', 'brankog98@icloud.com', '0', NULL, NULL, 'USD', 'USD', '::1', 'nl', NULL, '/shop/customer/order?number=219ea0100337f0f27b552225c1f44dc6', '/shop/checkout/payment', NULL, '2018-12-11 13:42:46', '2018-12-11 13:52:31', '61ad97f5-d52c-43a1-9d72-7603e50cbe9d');



DROP TABLE IF EXISTS `craft_commerce_ordersettings`;


--
-- Schema for table `craft_commerce_ordersettings`
--
CREATE TABLE `craft_commerce_ordersettings` (
  `id` int(11) NOT NULL AUTO_INCREMENT,
  `fieldLayoutId` int(11) DEFAULT NULL,
  `name` varchar(255) COLLATE utf8_unicode_ci NOT NULL,
  `handle` varchar(255) COLLATE utf8_unicode_ci NOT NULL,
  `dateCreated` datetime NOT NULL,
  `dateUpdated` datetime NOT NULL,
  `uid` char(36) COLLATE utf8_unicode_ci NOT NULL DEFAULT '0',
  PRIMARY KEY (`id`),
  UNIQUE KEY `craft_commerce_ordersettings_handle_unq_idx` (`handle`),
  KEY `craft_commerce_ordersettings_fieldLayoutId_fk` (`fieldLayoutId`)
) ENGINE=InnoDB AUTO_INCREMENT=2 DEFAULT CHARSET=utf8 COLLATE=utf8_unicode_ci;

--
-- Data for table `craft_commerce_ordersettings`
--

INSERT INTO `craft_commerce_ordersettings` (`id`, `fieldLayoutId`, `name`, `handle`, `dateCreated`, `dateUpdated`, `uid`) VALUES
 ('1', '149', 'Order', 'order', '2018-12-11 13:08:43', '2018-12-11 13:08:43', '6bb396d8-ef66-463c-b097-912828a3da63');



DROP TABLE IF EXISTS `craft_commerce_orderstatus_emails`;


--
-- Schema for table `craft_commerce_orderstatus_emails`
--
CREATE TABLE `craft_commerce_orderstatus_emails` (
  `id` int(11) NOT NULL AUTO_INCREMENT,
  `orderStatusId` int(11) NOT NULL,
  `emailId` int(11) NOT NULL,
  `dateCreated` datetime NOT NULL,
  `dateUpdated` datetime NOT NULL,
  `uid` char(36) COLLATE utf8_unicode_ci NOT NULL DEFAULT '0',
  PRIMARY KEY (`id`),
  KEY `craft_commerce_orderstatus_emails_orderStatusId_fk` (`orderStatusId`),
  KEY `craft_commerce_orderstatus_emails_emailId_fk` (`emailId`)
) ENGINE=InnoDB DEFAULT CHARSET=utf8 COLLATE=utf8_unicode_ci;

DROP TABLE IF EXISTS `craft_commerce_orderstatuses`;


--
-- Schema for table `craft_commerce_orderstatuses`
--
CREATE TABLE `craft_commerce_orderstatuses` (
  `id` int(11) NOT NULL AUTO_INCREMENT,
  `name` varchar(255) COLLATE utf8_unicode_ci NOT NULL,
  `handle` varchar(255) COLLATE utf8_unicode_ci NOT NULL,
  `color` enum('green','orange','red','blue','yellow','pink','purple','turquoise','light','grey','black') COLLATE utf8_unicode_ci NOT NULL DEFAULT 'green',
  `sortOrder` int(10) DEFAULT NULL,
  `default` tinyint(1) unsigned NOT NULL DEFAULT '0',
  `dateCreated` datetime NOT NULL,
  `dateUpdated` datetime NOT NULL,
  `uid` char(36) COLLATE utf8_unicode_ci NOT NULL DEFAULT '0',
  PRIMARY KEY (`id`)
) ENGINE=InnoDB AUTO_INCREMENT=3 DEFAULT CHARSET=utf8 COLLATE=utf8_unicode_ci;

--
-- Data for table `craft_commerce_orderstatuses`
--

INSERT INTO `craft_commerce_orderstatuses` (`id`, `name`, `handle`, `color`, `sortOrder`, `default`, `dateCreated`, `dateUpdated`, `uid`) VALUES
 ('1', 'Processing', 'processing', 'green', '999', '1', '2018-12-11 13:08:43', '2018-12-11 13:08:43', '5f2569d7-671b-4c31-a293-a889b9a7b3ce'),
 ('2', 'Shipped', 'shipped', 'blue', '999', '0', '2018-12-11 13:08:43', '2018-12-11 13:08:43', '0ef06f9b-3430-4eb2-80dc-c96c6a35a8e7');



DROP TABLE IF EXISTS `craft_commerce_paymentcurrencies`;


--
-- Schema for table `craft_commerce_paymentcurrencies`
--
CREATE TABLE `craft_commerce_paymentcurrencies` (
  `id` int(11) NOT NULL AUTO_INCREMENT,
  `iso` varchar(3) COLLATE utf8_unicode_ci NOT NULL,
  `primary` tinyint(1) unsigned NOT NULL DEFAULT '0',
  `rate` decimal(14,4) NOT NULL DEFAULT '0.0000',
  `dateCreated` datetime NOT NULL,
  `dateUpdated` datetime NOT NULL,
  `uid` char(36) COLLATE utf8_unicode_ci NOT NULL DEFAULT '0',
  PRIMARY KEY (`id`),
  UNIQUE KEY `craft_commerce_paymentcurrencies_iso_unq_idx` (`iso`)
) ENGINE=InnoDB AUTO_INCREMENT=2 DEFAULT CHARSET=utf8 COLLATE=utf8_unicode_ci;

--
-- Data for table `craft_commerce_paymentcurrencies`
--

INSERT INTO `craft_commerce_paymentcurrencies` (`id`, `iso`, `primary`, `rate`, `dateCreated`, `dateUpdated`, `uid`) VALUES
 ('1', 'USD', '1', '1.0000', '2018-12-11 13:08:43', '2018-12-11 13:08:43', 'af211d01-3296-4c83-a43f-26cca82ae7cf');



DROP TABLE IF EXISTS `craft_commerce_paymentmethods`;


--
-- Schema for table `craft_commerce_paymentmethods`
--
CREATE TABLE `craft_commerce_paymentmethods` (
  `id` int(11) NOT NULL AUTO_INCREMENT,
  `class` varchar(255) COLLATE utf8_unicode_ci NOT NULL,
  `name` varchar(255) COLLATE utf8_unicode_ci NOT NULL,
  `settings` text COLLATE utf8_unicode_ci,
  `paymentType` enum('authorize','purchase') COLLATE utf8_unicode_ci NOT NULL DEFAULT 'purchase',
  `frontendEnabled` tinyint(1) unsigned NOT NULL DEFAULT '0',
  `isArchived` tinyint(1) unsigned NOT NULL DEFAULT '0',
  `dateArchived` datetime DEFAULT NULL,
  `sortOrder` int(10) DEFAULT NULL,
  `dateCreated` datetime NOT NULL,
  `dateUpdated` datetime NOT NULL,
  `uid` char(36) COLLATE utf8_unicode_ci NOT NULL DEFAULT '0',
  PRIMARY KEY (`id`),
  UNIQUE KEY `craft_commerce_paymentmethods_name_unq_idx` (`name`)
) ENGINE=InnoDB AUTO_INCREMENT=3 DEFAULT CHARSET=utf8 COLLATE=utf8_unicode_ci;

--
-- Data for table `craft_commerce_paymentmethods`
--

INSERT INTO `craft_commerce_paymentmethods` (`id`, `class`, `name`, `settings`, `paymentType`, `frontendEnabled`, `isArchived`, `dateArchived`, `sortOrder`, `dateCreated`, `dateUpdated`, `uid`) VALUES
 ('1', 'Dummy', 'Dummy', '[]', 'purchase', '1', '0', NULL, NULL, '2018-12-11 13:08:44', '2018-12-11 13:08:44', 'd32b66df-873e-4936-9255-ee66f4e6e7b5'),
 ('2', 'Mollie', 'Mollie', '{\"apiKey\":\"\"}', 'purchase', '1', '0', NULL, NULL, '2018-12-11 13:43:49', '2018-12-11 13:43:49', 'a3d6930c-389a-4036-af0c-47d6ad91f124');



DROP TABLE IF EXISTS `craft_commerce_products`;


--
-- Schema for table `craft_commerce_products`
--
CREATE TABLE `craft_commerce_products` (
  `id` int(11) NOT NULL,
  `typeId` int(11) DEFAULT NULL,
  `taxCategoryId` int(11) NOT NULL,
  `shippingCategoryId` int(11) NOT NULL,
  `postDate` datetime DEFAULT NULL,
  `expiryDate` datetime DEFAULT NULL,
  `promotable` tinyint(1) unsigned NOT NULL DEFAULT '0',
  `freeShipping` tinyint(1) unsigned NOT NULL DEFAULT '0',
  `defaultVariantId` int(10) DEFAULT NULL,
  `defaultSku` varchar(255) COLLATE utf8_unicode_ci DEFAULT NULL,
  `defaultPrice` decimal(14,4) DEFAULT NULL,
  `defaultHeight` decimal(14,4) DEFAULT NULL,
  `defaultLength` decimal(14,4) DEFAULT NULL,
  `defaultWidth` decimal(14,4) DEFAULT NULL,
  `defaultWeight` decimal(14,4) DEFAULT NULL,
  `dateCreated` datetime NOT NULL,
  `dateUpdated` datetime NOT NULL,
  `uid` char(36) COLLATE utf8_unicode_ci NOT NULL DEFAULT '0',
  PRIMARY KEY (`id`),
  KEY `craft_commerce_products_typeId_idx` (`typeId`),
  KEY `craft_commerce_products_postDate_idx` (`postDate`),
  KEY `craft_commerce_products_expiryDate_idx` (`expiryDate`),
  KEY `craft_commerce_products_taxCategoryId_fk` (`taxCategoryId`),
  KEY `craft_commerce_products_shippingCategoryId_fk` (`shippingCategoryId`)
) ENGINE=InnoDB DEFAULT CHARSET=utf8 COLLATE=utf8_unicode_ci;

--
-- Data for table `craft_commerce_products`
--

INSERT INTO `craft_commerce_products` (`id`, `typeId`, `taxCategoryId`, `shippingCategoryId`, `postDate`, `expiryDate`, `promotable`, `freeShipping`, `defaultVariantId`, `defaultSku`, `defaultPrice`, `defaultHeight`, `defaultLength`, `defaultWidth`, `defaultWeight`, `dateCreated`, `dateUpdated`, `uid`) VALUES
 ('107', '1', '1', '1', '2018-12-11 13:08:43', NULL, '1', '0', '108', 'A New Toga', '10.0000', '0.0000', '0.0000', '0.0000', '0.0000', '2018-12-11 13:08:44', '2018-12-11 13:08:44', '6d68bbfd-3789-4900-9cef-599a33999afc'),
 ('109', '1', '1', '1', '2018-12-11 13:08:44', NULL, '1', '0', '110', 'Parka with Stripes on Back', '20.0000', '0.0000', '0.0000', '0.0000', '0.0000', '2018-12-11 13:08:44', '2018-12-11 13:08:44', '236d83d6-28aa-4724-847c-87132539fa9d'),
 ('111', '1', '1', '1', '2018-12-11 13:08:44', NULL, '1', '0', '112', 'Romper for a Red Eye', '30.0000', '0.0000', '0.0000', '0.0000', '0.0000', '2018-12-11 13:08:44', '2018-12-11 13:08:44', '0a010207-6d1f-4c61-bfb2-5eee9249dde8'),
 ('113', '1', '1', '1', '2018-12-11 13:08:44', NULL, '1', '0', '114', 'The Fleece Awakens', '40.0000', '0.0000', '0.0000', '0.0000', '0.0000', '2018-12-11 13:08:44', '2018-12-11 13:08:44', 'e372ccd7-52c2-414b-882d-08bd36ffea7b');



DROP TABLE IF EXISTS `craft_commerce_producttypes`;


--
-- Schema for table `craft_commerce_producttypes`
--
CREATE TABLE `craft_commerce_producttypes` (
  `id` int(11) NOT NULL AUTO_INCREMENT,
  `fieldLayoutId` int(11) DEFAULT NULL,
  `variantFieldLayoutId` int(11) DEFAULT NULL,
  `name` varchar(255) COLLATE utf8_unicode_ci NOT NULL,
  `handle` varchar(255) COLLATE utf8_unicode_ci NOT NULL,
  `hasUrls` tinyint(1) unsigned NOT NULL DEFAULT '0',
  `hasDimensions` tinyint(1) unsigned NOT NULL DEFAULT '0',
  `hasVariants` tinyint(1) unsigned NOT NULL DEFAULT '0',
  `hasVariantTitleField` tinyint(1) unsigned NOT NULL DEFAULT '1',
  `titleFormat` varchar(255) COLLATE utf8_unicode_ci NOT NULL,
  `skuFormat` varchar(255) COLLATE utf8_unicode_ci DEFAULT NULL,
  `descriptionFormat` varchar(255) COLLATE utf8_unicode_ci DEFAULT NULL,
  `template` varchar(500) COLLATE utf8_unicode_ci DEFAULT NULL,
  `dateCreated` datetime NOT NULL,
  `dateUpdated` datetime NOT NULL,
  `uid` char(36) COLLATE utf8_unicode_ci NOT NULL DEFAULT '0',
  PRIMARY KEY (`id`),
  UNIQUE KEY `craft_commerce_producttypes_handle_unq_idx` (`handle`),
  KEY `craft_commerce_producttypes_fieldLayoutId_fk` (`fieldLayoutId`),
  KEY `craft_commerce_producttypes_variantFieldLayoutId_fk` (`variantFieldLayoutId`)
) ENGINE=InnoDB AUTO_INCREMENT=2 DEFAULT CHARSET=utf8 COLLATE=utf8_unicode_ci;

--
-- Data for table `craft_commerce_producttypes`
--

INSERT INTO `craft_commerce_producttypes` (`id`, `fieldLayoutId`, `variantFieldLayoutId`, `name`, `handle`, `hasUrls`, `hasDimensions`, `hasVariants`, `hasVariantTitleField`, `titleFormat`, `skuFormat`, `descriptionFormat`, `template`, `dateCreated`, `dateUpdated`, `uid`) VALUES
 ('1', '152', '153', 'Clothing', 'clothing', '1', '1', '0', '0', '{product.title}', NULL, NULL, 'shop/products/_product', '2018-12-11 13:08:43', '2018-12-11 13:08:43', '396bc684-01a0-4c0d-9fa4-feaad3603ab8');



DROP TABLE IF EXISTS `craft_commerce_producttypes_i18n`;


--
-- Schema for table `craft_commerce_producttypes_i18n`
--
CREATE TABLE `craft_commerce_producttypes_i18n` (
  `id` int(11) NOT NULL AUTO_INCREMENT,
  `productTypeId` int(11) NOT NULL,
  `locale` char(12) COLLATE utf8_unicode_ci NOT NULL,
  `urlFormat` text COLLATE utf8_unicode_ci,
  `dateCreated` datetime NOT NULL,
  `dateUpdated` datetime NOT NULL,
  `uid` char(36) COLLATE utf8_unicode_ci NOT NULL DEFAULT '0',
  PRIMARY KEY (`id`),
  UNIQUE KEY `craft_commerce_producttypes_i18n_productTypeId_locale_unq_idx` (`productTypeId`,`locale`),
  KEY `craft_commerce_producttypes_i18n_locale_fk` (`locale`)
) ENGINE=InnoDB AUTO_INCREMENT=2 DEFAULT CHARSET=utf8 COLLATE=utf8_unicode_ci;

--
-- Data for table `craft_commerce_producttypes_i18n`
--

INSERT INTO `craft_commerce_producttypes_i18n` (`id`, `productTypeId`, `locale`, `urlFormat`, `dateCreated`, `dateUpdated`, `uid`) VALUES
 ('1', '1', 'nl', 'shop/products/{slug}', '2018-12-11 13:08:43', '2018-12-11 13:08:43', 'c7e1fa2a-5eed-4323-95a2-dcbf44339ff8');



DROP TABLE IF EXISTS `craft_commerce_producttypes_shippingcategories`;


--
-- Schema for table `craft_commerce_producttypes_shippingcategories`
--
CREATE TABLE `craft_commerce_producttypes_shippingcategories` (
  `id` int(11) NOT NULL AUTO_INCREMENT,
  `productTypeId` int(11) NOT NULL,
  `shippingCategoryId` int(11) NOT NULL,
  `dateCreated` datetime NOT NULL,
  `dateUpdated` datetime NOT NULL,
  `uid` char(36) COLLATE utf8_unicode_ci NOT NULL DEFAULT '0',
  PRIMARY KEY (`id`),
  UNIQUE KEY `craf_commer_productty_shippingcateg_productTy_shippingCateg_un_i` (`productTypeId`,`shippingCategoryId`),
  KEY `craft_commerc_producttype_shippingcategorie_shippingCategoryI_fk` (`shippingCategoryId`)
) ENGINE=InnoDB AUTO_INCREMENT=2 DEFAULT CHARSET=utf8 COLLATE=utf8_unicode_ci;

--
-- Data for table `craft_commerce_producttypes_shippingcategories`
--

INSERT INTO `craft_commerce_producttypes_shippingcategories` (`id`, `productTypeId`, `shippingCategoryId`, `dateCreated`, `dateUpdated`, `uid`) VALUES
 ('1', '1', '1', '2018-12-11 13:08:43', '2018-12-11 13:08:43', '623c2402-26e7-4c14-b1ad-4229e9b59e2a');



DROP TABLE IF EXISTS `craft_commerce_producttypes_taxcategories`;


--
-- Schema for table `craft_commerce_producttypes_taxcategories`
--
CREATE TABLE `craft_commerce_producttypes_taxcategories` (
  `id` int(11) NOT NULL AUTO_INCREMENT,
  `productTypeId` int(11) NOT NULL,
  `taxCategoryId` int(11) NOT NULL,
  `dateCreated` datetime NOT NULL,
  `dateUpdated` datetime NOT NULL,
  `uid` char(36) COLLATE utf8_unicode_ci NOT NULL DEFAULT '0',
  PRIMARY KEY (`id`),
  UNIQUE KEY `craf_commerc_producttyp_taxcategori_productType_taxCategory_un_i` (`productTypeId`,`taxCategoryId`),
  KEY `craft_commerce_producttypes_taxcategories_taxCategoryId_fk` (`taxCategoryId`)
) ENGINE=InnoDB AUTO_INCREMENT=2 DEFAULT CHARSET=utf8 COLLATE=utf8_unicode_ci;

--
-- Data for table `craft_commerce_producttypes_taxcategories`
--

INSERT INTO `craft_commerce_producttypes_taxcategories` (`id`, `productTypeId`, `taxCategoryId`, `dateCreated`, `dateUpdated`, `uid`) VALUES
 ('1', '1', '1', '2018-12-11 13:08:43', '2018-12-11 13:08:43', 'ed288d98-b9a7-498d-9dda-e61a5de1b056');



DROP TABLE IF EXISTS `craft_commerce_purchasables`;


--
-- Schema for table `craft_commerce_purchasables`
--
CREATE TABLE `craft_commerce_purchasables` (
  `id` int(11) NOT NULL,
  `sku` varchar(255) COLLATE utf8_unicode_ci NOT NULL,
  `price` decimal(14,4) NOT NULL,
  `dateCreated` datetime NOT NULL,
  `dateUpdated` datetime NOT NULL,
  `uid` char(36) COLLATE utf8_unicode_ci NOT NULL DEFAULT '0',
  PRIMARY KEY (`id`),
  UNIQUE KEY `craft_commerce_purchasables_sku_unq_idx` (`sku`)
) ENGINE=InnoDB DEFAULT CHARSET=utf8 COLLATE=utf8_unicode_ci;

--
-- Data for table `craft_commerce_purchasables`
--

INSERT INTO `craft_commerce_purchasables` (`id`, `sku`, `price`, `dateCreated`, `dateUpdated`, `uid`) VALUES
 ('108', 'A New Toga', '10.0000', '2018-12-11 13:08:44', '2018-12-11 13:08:44', '34397a58-82b9-47c7-a64d-19fbf5c933cc'),
 ('110', 'Parka with Stripes on Back', '20.0000', '2018-12-11 13:08:44', '2018-12-11 13:08:44', '03406456-4e71-4a0f-b362-d9c4fec54861'),
 ('112', 'Romper for a Red Eye', '30.0000', '2018-12-11 13:08:44', '2018-12-11 13:08:44', '177a6eb5-f4b4-4c24-87f3-cc4c862e75ab'),
 ('114', 'The Fleece Awakens', '40.0000', '2018-12-11 13:08:44', '2018-12-11 13:08:44', '886a1177-821a-4f61-8beb-f27835f71280');



DROP TABLE IF EXISTS `craft_commerce_sale_products`;


--
-- Schema for table `craft_commerce_sale_products`
--
CREATE TABLE `craft_commerce_sale_products` (
  `id` int(11) NOT NULL AUTO_INCREMENT,
  `saleId` int(10) NOT NULL,
  `productId` int(10) NOT NULL,
  `dateCreated` datetime NOT NULL,
  `dateUpdated` datetime NOT NULL,
  `uid` char(36) COLLATE utf8_unicode_ci NOT NULL DEFAULT '0',
  PRIMARY KEY (`id`),
  UNIQUE KEY `craft_commerce_sale_products_saleId_productId_unq_idx` (`saleId`,`productId`),
  KEY `craft_commerce_sale_products_productId_fk` (`productId`)
) ENGINE=InnoDB DEFAULT CHARSET=utf8 COLLATE=utf8_unicode_ci;

DROP TABLE IF EXISTS `craft_commerce_sale_producttypes`;


--
-- Schema for table `craft_commerce_sale_producttypes`
--
CREATE TABLE `craft_commerce_sale_producttypes` (
  `id` int(11) NOT NULL AUTO_INCREMENT,
  `saleId` int(10) NOT NULL,
  `productTypeId` int(10) NOT NULL,
  `dateCreated` datetime NOT NULL,
  `dateUpdated` datetime NOT NULL,
  `uid` char(36) COLLATE utf8_unicode_ci NOT NULL DEFAULT '0',
  PRIMARY KEY (`id`),
  UNIQUE KEY `craft_commerce_sale_producttypes_saleId_productTypeId_unq_idx` (`saleId`,`productTypeId`),
  KEY `craft_commerce_sale_producttypes_productTypeId_fk` (`productTypeId`)
) ENGINE=InnoDB DEFAULT CHARSET=utf8 COLLATE=utf8_unicode_ci;

DROP TABLE IF EXISTS `craft_commerce_sale_usergroups`;


--
-- Schema for table `craft_commerce_sale_usergroups`
--
CREATE TABLE `craft_commerce_sale_usergroups` (
  `id` int(11) NOT NULL AUTO_INCREMENT,
  `saleId` int(10) NOT NULL,
  `userGroupId` int(10) NOT NULL,
  `dateCreated` datetime NOT NULL,
  `dateUpdated` datetime NOT NULL,
  `uid` char(36) COLLATE utf8_unicode_ci NOT NULL DEFAULT '0',
  PRIMARY KEY (`id`),
  UNIQUE KEY `craft_commerce_sale_usergroups_saleId_userGroupId_unq_idx` (`saleId`,`userGroupId`),
  KEY `craft_commerce_sale_usergroups_userGroupId_fk` (`userGroupId`)
) ENGINE=InnoDB DEFAULT CHARSET=utf8 COLLATE=utf8_unicode_ci;

DROP TABLE IF EXISTS `craft_commerce_sales`;


--
-- Schema for table `craft_commerce_sales`
--
CREATE TABLE `craft_commerce_sales` (
  `id` int(11) NOT NULL AUTO_INCREMENT,
  `name` varchar(255) COLLATE utf8_unicode_ci NOT NULL,
  `description` text COLLATE utf8_unicode_ci,
  `dateFrom` datetime DEFAULT NULL,
  `dateTo` datetime DEFAULT NULL,
  `discountType` enum('percent','flat') COLLATE utf8_unicode_ci NOT NULL,
  `discountAmount` decimal(14,4) NOT NULL,
  `allGroups` tinyint(1) unsigned NOT NULL DEFAULT '0',
  `allProducts` tinyint(1) unsigned NOT NULL DEFAULT '0',
  `allProductTypes` tinyint(1) unsigned NOT NULL DEFAULT '0',
  `enabled` tinyint(1) unsigned NOT NULL DEFAULT '1',
  `dateCreated` datetime NOT NULL,
  `dateUpdated` datetime NOT NULL,
  `uid` char(36) COLLATE utf8_unicode_ci NOT NULL DEFAULT '0',
  PRIMARY KEY (`id`)
) ENGINE=InnoDB DEFAULT CHARSET=utf8 COLLATE=utf8_unicode_ci;

DROP TABLE IF EXISTS `craft_commerce_shippingcategories`;


--
-- Schema for table `craft_commerce_shippingcategories`
--
CREATE TABLE `craft_commerce_shippingcategories` (
  `id` int(11) NOT NULL AUTO_INCREMENT,
  `name` varchar(255) COLLATE utf8_unicode_ci NOT NULL,
  `handle` varchar(255) COLLATE utf8_unicode_ci NOT NULL,
  `description` varchar(255) COLLATE utf8_unicode_ci DEFAULT NULL,
  `default` tinyint(1) unsigned NOT NULL DEFAULT '0',
  `dateCreated` datetime NOT NULL,
  `dateUpdated` datetime NOT NULL,
  `uid` char(36) COLLATE utf8_unicode_ci NOT NULL DEFAULT '0',
  PRIMARY KEY (`id`),
  UNIQUE KEY `craft_commerce_shippingcategories_handle_unq_idx` (`handle`)
) ENGINE=InnoDB AUTO_INCREMENT=2 DEFAULT CHARSET=utf8 COLLATE=utf8_unicode_ci;

--
-- Data for table `craft_commerce_shippingcategories`
--

INSERT INTO `craft_commerce_shippingcategories` (`id`, `name`, `handle`, `description`, `default`, `dateCreated`, `dateUpdated`, `uid`) VALUES
 ('1', 'General', 'general', NULL, '1', '2018-12-11 13:08:43', '2018-12-11 13:08:43', '06f06d08-9ee2-46a4-b30a-13c220f45be4');



DROP TABLE IF EXISTS `craft_commerce_shippingmethods`;


--
-- Schema for table `craft_commerce_shippingmethods`
--
CREATE TABLE `craft_commerce_shippingmethods` (
  `id` int(11) NOT NULL AUTO_INCREMENT,
  `name` varchar(255) COLLATE utf8_unicode_ci NOT NULL,
  `handle` varchar(255) COLLATE utf8_unicode_ci NOT NULL,
  `enabled` tinyint(1) unsigned NOT NULL DEFAULT '1',
  `dateCreated` datetime NOT NULL,
  `dateUpdated` datetime NOT NULL,
  `uid` char(36) COLLATE utf8_unicode_ci NOT NULL DEFAULT '0',
  PRIMARY KEY (`id`),
  UNIQUE KEY `craft_commerce_shippingmethods_name_unq_idx` (`name`)
) ENGINE=InnoDB AUTO_INCREMENT=2 DEFAULT CHARSET=utf8 COLLATE=utf8_unicode_ci;

--
-- Data for table `craft_commerce_shippingmethods`
--

INSERT INTO `craft_commerce_shippingmethods` (`id`, `name`, `handle`, `enabled`, `dateCreated`, `dateUpdated`, `uid`) VALUES
 ('1', 'Free Shipping', 'freeShipping', '1', '2018-12-11 13:08:43', '2018-12-11 13:08:43', 'af678168-54eb-4ff9-b8a4-865ef82873f0');



DROP TABLE IF EXISTS `craft_commerce_shippingrule_categories`;


--
-- Schema for table `craft_commerce_shippingrule_categories`
--
CREATE TABLE `craft_commerce_shippingrule_categories` (
  `id` int(11) NOT NULL AUTO_INCREMENT,
  `shippingRuleId` int(11) DEFAULT NULL,
  `shippingCategoryId` int(11) DEFAULT NULL,
  `condition` enum('allow','disallow','require') COLLATE utf8_unicode_ci NOT NULL,
  `perItemRate` decimal(14,4) DEFAULT NULL,
  `weightRate` decimal(14,4) DEFAULT NULL,
  `percentageRate` decimal(14,4) DEFAULT NULL,
  `dateCreated` datetime NOT NULL,
  `dateUpdated` datetime NOT NULL,
  `uid` char(36) COLLATE utf8_unicode_ci NOT NULL DEFAULT '0',
  PRIMARY KEY (`id`),
  KEY `craft_commerce_shippingrule_categories_shippingRuleId_idx` (`shippingRuleId`),
  KEY `craft_commerce_shippingrule_categories_shippingCategoryId_idx` (`shippingCategoryId`)
) ENGINE=InnoDB DEFAULT CHARSET=utf8 COLLATE=utf8_unicode_ci;

DROP TABLE IF EXISTS `craft_commerce_shippingrules`;


--
-- Schema for table `craft_commerce_shippingrules`
--
CREATE TABLE `craft_commerce_shippingrules` (
  `id` int(11) NOT NULL AUTO_INCREMENT,
  `shippingZoneId` int(11) DEFAULT NULL,
  `name` varchar(255) COLLATE utf8_unicode_ci NOT NULL,
  `description` varchar(255) COLLATE utf8_unicode_ci DEFAULT NULL,
  `methodId` int(10) NOT NULL,
  `priority` int(10) NOT NULL DEFAULT '0',
  `enabled` tinyint(1) unsigned NOT NULL DEFAULT '1',
  `minQty` int(10) NOT NULL DEFAULT '0',
  `maxQty` int(10) NOT NULL DEFAULT '0',
  `minTotal` decimal(14,4) NOT NULL DEFAULT '0.0000',
  `maxTotal` decimal(14,4) NOT NULL DEFAULT '0.0000',
  `minWeight` decimal(14,4) NOT NULL DEFAULT '0.0000',
  `maxWeight` decimal(14,4) NOT NULL DEFAULT '0.0000',
  `baseRate` decimal(14,4) NOT NULL DEFAULT '0.0000',
  `perItemRate` decimal(14,4) NOT NULL DEFAULT '0.0000',
  `weightRate` decimal(14,4) NOT NULL DEFAULT '0.0000',
  `percentageRate` decimal(14,4) NOT NULL DEFAULT '0.0000',
  `minRate` decimal(14,4) NOT NULL DEFAULT '0.0000',
  `maxRate` decimal(14,4) NOT NULL DEFAULT '0.0000',
  `dateCreated` datetime NOT NULL,
  `dateUpdated` datetime NOT NULL,
  `uid` char(36) COLLATE utf8_unicode_ci NOT NULL DEFAULT '0',
  PRIMARY KEY (`id`),
  KEY `craft_commerce_shippingrules_name_idx` (`name`),
  KEY `craft_commerce_shippingrules_methodId_idx` (`methodId`),
  KEY `craft_commerce_shippingrules_shippingZoneId_fk` (`shippingZoneId`)
) ENGINE=InnoDB AUTO_INCREMENT=2 DEFAULT CHARSET=utf8 COLLATE=utf8_unicode_ci;

--
-- Data for table `craft_commerce_shippingrules`
--

INSERT INTO `craft_commerce_shippingrules` (`id`, `shippingZoneId`, `name`, `description`, `methodId`, `priority`, `enabled`, `minQty`, `maxQty`, `minTotal`, `maxTotal`, `minWeight`, `maxWeight`, `baseRate`, `perItemRate`, `weightRate`, `percentageRate`, `minRate`, `maxRate`, `dateCreated`, `dateUpdated`, `uid`) VALUES
 ('1', NULL, 'Free Everywhere ', 'All Countries, free shipping.', '1', '0', '1', '0', '0', '0.0000', '0.0000', '0.0000', '0.0000', '0.0000', '0.0000', '0.0000', '0.0000', '0.0000', '0.0000', '2018-12-11 13:08:43', '2018-12-11 13:08:43', 'c9a5c07a-e75b-4d1a-a4ac-a00eb4bcc96d');



DROP TABLE IF EXISTS `craft_commerce_shippingzone_countries`;


--
-- Schema for table `craft_commerce_shippingzone_countries`
--
CREATE TABLE `craft_commerce_shippingzone_countries` (
  `id` int(11) NOT NULL AUTO_INCREMENT,
  `shippingZoneId` int(11) NOT NULL,
  `countryId` int(11) NOT NULL,
  `dateCreated` datetime NOT NULL,
  `dateUpdated` datetime NOT NULL,
  `uid` char(36) COLLATE utf8_unicode_ci NOT NULL DEFAULT '0',
  PRIMARY KEY (`id`),
  UNIQUE KEY `craft_commerc_shippingzon_countrie_shippingZoneI_countryI_unq_id` (`shippingZoneId`,`countryId`),
  KEY `craft_commerce_shippingzone_countries_shippingZoneId_idx` (`shippingZoneId`),
  KEY `craft_commerce_shippingzone_countries_countryId_idx` (`countryId`)
) ENGINE=InnoDB DEFAULT CHARSET=utf8 COLLATE=utf8_unicode_ci;

DROP TABLE IF EXISTS `craft_commerce_shippingzone_states`;


--
-- Schema for table `craft_commerce_shippingzone_states`
--
CREATE TABLE `craft_commerce_shippingzone_states` (
  `id` int(11) NOT NULL AUTO_INCREMENT,
  `shippingZoneId` int(11) NOT NULL,
  `stateId` int(11) NOT NULL,
  `dateCreated` datetime NOT NULL,
  `dateUpdated` datetime NOT NULL,
  `uid` char(36) COLLATE utf8_unicode_ci NOT NULL DEFAULT '0',
  PRIMARY KEY (`id`),
  UNIQUE KEY `craft_commerce_shippingzone_states_shippingZoneId_stateId_unq_id` (`shippingZoneId`,`stateId`),
  KEY `craft_commerce_shippingzone_states_shippingZoneId_idx` (`shippingZoneId`),
  KEY `craft_commerce_shippingzone_states_stateId_idx` (`stateId`)
) ENGINE=InnoDB DEFAULT CHARSET=utf8 COLLATE=utf8_unicode_ci;

DROP TABLE IF EXISTS `craft_commerce_shippingzones`;


--
-- Schema for table `craft_commerce_shippingzones`
--
CREATE TABLE `craft_commerce_shippingzones` (
  `id` int(11) NOT NULL AUTO_INCREMENT,
  `name` varchar(255) COLLATE utf8_unicode_ci NOT NULL,
  `description` varchar(255) COLLATE utf8_unicode_ci DEFAULT NULL,
  `countryBased` tinyint(1) unsigned NOT NULL DEFAULT '1',
  `dateCreated` datetime NOT NULL,
  `dateUpdated` datetime NOT NULL,
  `uid` char(36) COLLATE utf8_unicode_ci NOT NULL DEFAULT '0',
  PRIMARY KEY (`id`),
  UNIQUE KEY `craft_commerce_shippingzones_name_unq_idx` (`name`)
) ENGINE=InnoDB DEFAULT CHARSET=utf8 COLLATE=utf8_unicode_ci;

DROP TABLE IF EXISTS `craft_commerce_states`;


--
-- Schema for table `craft_commerce_states`
--
CREATE TABLE `craft_commerce_states` (
  `id` int(11) NOT NULL AUTO_INCREMENT,
  `name` varchar(255) COLLATE utf8_unicode_ci NOT NULL,
  `abbreviation` varchar(255) COLLATE utf8_unicode_ci DEFAULT NULL,
  `countryId` int(10) NOT NULL,
  `dateCreated` datetime NOT NULL,
  `dateUpdated` datetime NOT NULL,
  `uid` char(36) COLLATE utf8_unicode_ci NOT NULL DEFAULT '0',
  PRIMARY KEY (`id`),
  UNIQUE KEY `craft_commerce_states_name_countryId_unq_idx` (`name`,`countryId`),
  KEY `craft_commerce_states_countryId_fk` (`countryId`)
) ENGINE=InnoDB AUTO_INCREMENT=73 DEFAULT CHARSET=utf8 COLLATE=utf8_unicode_ci;

--
-- Data for table `craft_commerce_states`
--

INSERT INTO `craft_commerce_states` (`id`, `name`, `abbreviation`, `countryId`, `dateCreated`, `dateUpdated`, `uid`) VALUES
 ('1', 'Australian Capital Territory', 'ACT', '13', '2018-12-11 13:08:44', '2018-12-11 13:08:44', 'c7fc2223-bf42-4c27-b1b8-c74cb475d66e'),
 ('2', 'New South Wales', 'NSW', '13', '2018-12-11 13:08:44', '2018-12-11 13:08:44', 'eb5b95ee-7b6f-43a3-add8-769418a96ded'),
 ('3', 'Northern Territory', 'NT', '13', '2018-12-11 13:08:44', '2018-12-11 13:08:44', '85f36572-af9b-4a2a-9534-012fb197d041'),
 ('4', 'Queensland', 'QLD', '13', '2018-12-11 13:08:44', '2018-12-11 13:08:44', '22e3374c-b366-478c-8296-7eae4824ff3a'),
 ('5', 'South Australia', 'SA', '13', '2018-12-11 13:08:44', '2018-12-11 13:08:44', 'd903d506-2e05-4765-a42d-a978211eadd1'),
 ('6', 'Tasmania', 'TAS', '13', '2018-12-11 13:08:44', '2018-12-11 13:08:44', 'c8162009-4cc1-4d10-90fd-4494b2caf4b0'),
 ('7', 'Victoria', 'VIC', '13', '2018-12-11 13:08:44', '2018-12-11 13:08:44', 'd2fd808b-3d70-4567-bd54-b5637a0a74e9'),
 ('8', 'Western Australia', 'WA', '13', '2018-12-11 13:08:44', '2018-12-11 13:08:44', '4bca6ab7-1f05-408b-af5f-1f542ad4a64c'),
 ('9', 'Alberta', 'AB', '38', '2018-12-11 13:08:44', '2018-12-11 13:08:44', '12f626ae-2af8-432e-82db-eaa3c07aa7a7'),
 ('10', 'British Columbia', 'BC', '38', '2018-12-11 13:08:44', '2018-12-11 13:08:44', 'de257d94-46bf-422a-a89f-80c9fab07446'),
 ('11', 'Manitoba', 'MB', '38', '2018-12-11 13:08:44', '2018-12-11 13:08:44', 'a8b6a6fa-1d72-4ea5-b238-cb66a45eb574'),
 ('12', 'New Brunswick', 'NB', '38', '2018-12-11 13:08:44', '2018-12-11 13:08:44', '3a8a2ff7-0d5f-4b2a-a153-6221faa590bf'),
 ('13', 'Newfoundland and Labrador', 'NL', '38', '2018-12-11 13:08:44', '2018-12-11 13:08:44', 'b0fb3e54-b810-4734-825d-ae96657467a9'),
 ('14', 'Northwest Territories', 'NT', '38', '2018-12-11 13:08:44', '2018-12-11 13:08:44', 'e92337a3-a299-4c0e-b76e-4dcdb4cd5809'),
 ('15', 'Nova Scotia', 'NS', '38', '2018-12-11 13:08:44', '2018-12-11 13:08:44', 'ab58f1a5-14a9-4956-a634-56fe24b60e21'),
 ('16', 'Nunavut', 'NU', '38', '2018-12-11 13:08:44', '2018-12-11 13:08:44', 'de402767-c6ef-4a88-a23a-78d2112f57e8'),
 ('17', 'Ontario', 'ON', '38', '2018-12-11 13:08:44', '2018-12-11 13:08:44', 'a3cc99cc-0678-45dd-ae9c-325bbefabc6d'),
 ('18', 'Prince Edward Island', 'PE', '38', '2018-12-11 13:08:44', '2018-12-11 13:08:44', '487c830d-a02a-487b-81fd-dabe510ff97b'),
 ('19', 'Quebec', 'QC', '38', '2018-12-11 13:08:44', '2018-12-11 13:08:44', '9f16ad90-139a-480f-a01b-f7c9af9fbeb0'),
 ('20', 'Saskatchewan', 'SK', '38', '2018-12-11 13:08:44', '2018-12-11 13:08:44', '5ce13e5a-dec6-4993-8bcb-5ea110410a8a'),
 ('21', 'Yukon', 'YT', '38', '2018-12-11 13:08:44', '2018-12-11 13:08:44', '8ec445a8-234c-4e50-ac35-435a1920d8d5'),
 ('22', 'Alabama', 'AL', '233', '2018-12-11 13:08:44', '2018-12-11 13:08:44', '081c1518-59a7-42dc-ba13-031c1c972d11'),
 ('23', 'Alaska', 'AK', '233', '2018-12-11 13:08:44', '2018-12-11 13:08:44', 'c07110fb-9f38-488b-9a2a-82cf01934692'),
 ('24', 'Arizona', 'AZ', '233', '2018-12-11 13:08:44', '2018-12-11 13:08:44', 'ad3007d4-6a3c-4278-895d-b0a22929c17a'),
 ('25', 'Arkansas', 'AR', '233', '2018-12-11 13:08:44', '2018-12-11 13:08:44', '1bd0e37a-2813-4272-85bf-fd6cab089308'),
 ('26', 'California', 'CA', '233', '2018-12-11 13:08:44', '2018-12-11 13:08:44', '9c91c794-8309-49c3-83e9-549a21ba3eb6'),
 ('27', 'Colorado', 'CO', '233', '2018-12-11 13:08:44', '2018-12-11 13:08:44', '3d12c953-176b-46e6-a318-6233a1efb9e4'),
 ('28', 'Connecticut', 'CT', '233', '2018-12-11 13:08:44', '2018-12-11 13:08:44', 'f382f001-e129-4fdf-a4a3-82cc6fcbf519'),
 ('29', 'Delaware', 'DE', '233', '2018-12-11 13:08:44', '2018-12-11 13:08:44', '3fa05a46-fef0-480b-b221-2f22b034fee7'),
 ('30', 'District of Columbia', 'DC', '233', '2018-12-11 13:08:44', '2018-12-11 13:08:44', '87e999c2-9ed4-4418-bea7-03b831591ed4'),
 ('31', 'Florida', 'FL', '233', '2018-12-11 13:08:44', '2018-12-11 13:08:44', '3fd95a92-fa89-4d00-b922-4115690b6018'),
 ('32', 'Georgia', 'GA', '233', '2018-12-11 13:08:44', '2018-12-11 13:08:44', '21e7b425-5e83-4803-b822-d7ff6b94d7aa'),
 ('33', 'Hawaii', 'HI', '233', '2018-12-11 13:08:44', '2018-12-11 13:08:44', '05d460cc-0596-4c3b-8cb2-08a326f14775'),
 ('34', 'Idaho', 'ID', '233', '2018-12-11 13:08:44', '2018-12-11 13:08:44', '117c6450-887e-4f4f-8e2f-29b5374477a5'),
 ('35', 'Illinois', 'IL', '233', '2018-12-11 13:08:44', '2018-12-11 13:08:44', '97fa7c62-cab9-497d-b889-f8a99940120f'),
 ('36', 'Indiana', 'IN', '233', '2018-12-11 13:08:44', '2018-12-11 13:08:44', '201f77bf-d0c3-4130-880c-13a113912b46'),
 ('37', 'Iowa', 'IA', '233', '2018-12-11 13:08:44', '2018-12-11 13:08:44', '9d46da81-d14f-451b-9f2f-b37f2d68f605'),
 ('38', 'Kansas', 'KS', '233', '2018-12-11 13:08:44', '2018-12-11 13:08:44', '41babfd9-6e72-4868-b13d-5ae08651e88d'),
 ('39', 'Kentucky', 'KY', '233', '2018-12-11 13:08:44', '2018-12-11 13:08:44', 'e88d51a2-dddf-4173-ad6e-b5b1edec6522'),
 ('40', 'Louisiana', 'LA', '233', '2018-12-11 13:08:44', '2018-12-11 13:08:44', '3048d9e4-d7c5-4141-91f3-32431e45244e'),
 ('41', 'Maine', 'ME', '233', '2018-12-11 13:08:44', '2018-12-11 13:08:44', 'a4d35ab1-6d93-46a5-853e-812fadfd53a5'),
 ('42', 'Maryland', 'MD', '233', '2018-12-11 13:08:44', '2018-12-11 13:08:44', 'acdc5968-2552-4141-bcbb-a7c7dfe73af9'),
 ('43', 'Massachusetts', 'MA', '233', '2018-12-11 13:08:44', '2018-12-11 13:08:44', 'a6fb1ac0-a024-47e5-b2f6-8c9f4089d3e4'),
 ('44', 'Michigan', 'MI', '233', '2018-12-11 13:08:44', '2018-12-11 13:08:44', 'b6383c68-1f76-4e9c-8d07-c34e44e422db'),
 ('45', 'Minnesota', 'MN', '233', '2018-12-11 13:08:44', '2018-12-11 13:08:44', '946edad0-907e-4886-9364-0f1ae3d88b94'),
 ('46', 'Mississippi', 'MS', '233', '2018-12-11 13:08:44', '2018-12-11 13:08:44', '0f56607c-1984-4d90-bf07-e0a8f6c7b649'),
 ('47', 'Missouri', 'MO', '233', '2018-12-11 13:08:44', '2018-12-11 13:08:44', '16850d9e-1721-48b6-add2-32af1fb76a95'),
 ('48', 'Montana', 'MT', '233', '2018-12-11 13:08:44', '2018-12-11 13:08:44', '236ca9ce-284e-4859-92be-a83f77eadc0c'),
 ('49', 'Nebraska', 'NE', '233', '2018-12-11 13:08:44', '2018-12-11 13:08:44', 'fee1bc12-3b93-485d-b408-6b36bc9278fe'),
 ('50', 'Nevada', 'NV', '233', '2018-12-11 13:08:44', '2018-12-11 13:08:44', 'ef9df8d4-8d6f-4c8e-96b4-aba9fccf8f1c'),
 ('51', 'New Hampshire', 'NH', '233', '2018-12-11 13:08:44', '2018-12-11 13:08:44', '24ef8df4-d4b5-40d2-b798-ffc10341123a'),
 ('52', 'New Jersey', 'NJ', '233', '2018-12-11 13:08:44', '2018-12-11 13:08:44', '9d79a8b8-3129-42be-8cd3-c513732c348b'),
 ('53', 'New Mexico', 'NM', '233', '2018-12-11 13:08:44', '2018-12-11 13:08:44', '6644ad8a-d621-4f3e-b552-191e587eb551'),
 ('54', 'New York', 'NY', '233', '2018-12-11 13:08:44', '2018-12-11 13:08:44', 'e3e0c276-2c52-4c18-80e6-f78ace133d78'),
 ('55', 'North Carolina', 'NC', '233', '2018-12-11 13:08:44', '2018-12-11 13:08:44', 'd650b4f3-28ae-4b4c-a031-71916430edf4'),
 ('56', 'North Dakota', 'ND', '233', '2018-12-11 13:08:44', '2018-12-11 13:08:44', 'f22d7507-1dc7-4441-9ddf-32e37b5ec5a1'),
 ('57', 'Ohio', 'OH', '233', '2018-12-11 13:08:44', '2018-12-11 13:08:44', 'f7930a0e-cf79-4f06-9754-458b44a8e193'),
 ('58', 'Oklahoma', 'OK', '233', '2018-12-11 13:08:44', '2018-12-11 13:08:44', '75ca51f3-bbd1-42d3-b056-bbe057f59c06'),
 ('59', 'Oregon', 'OR', '233', '2018-12-11 13:08:44', '2018-12-11 13:08:44', '06690782-d09e-42b4-b1b1-cbe18621e643'),
 ('60', 'Pennsylvania', 'PA', '233', '2018-12-11 13:08:44', '2018-12-11 13:08:44', '05fc5619-7d98-4e14-a6dd-901e9531538b'),
 ('61', 'Rhode Island', 'RI', '233', '2018-12-11 13:08:44', '2018-12-11 13:08:44', '1a05765d-c338-4fcc-9811-4e8390650399'),
 ('62', 'South Carolina', 'SC', '233', '2018-12-11 13:08:44', '2018-12-11 13:08:44', '352b1f6f-a377-4a67-91b9-a2e6e1f802ba'),
 ('63', 'South Dakota', 'SD', '233', '2018-12-11 13:08:44', '2018-12-11 13:08:44', '04cd465c-5443-42e8-a061-df903f7c98a5'),
 ('64', 'Tennessee', 'TN', '233', '2018-12-11 13:08:44', '2018-12-11 13:08:44', 'de246290-d5fb-4e57-a4db-1cbcb504e83b'),
 ('65', 'Texas', 'TX', '233', '2018-12-11 13:08:44', '2018-12-11 13:08:44', '34cb3c62-5243-4fcf-8006-387f7ee5c726'),
 ('66', 'Utah', 'UT', '233', '2018-12-11 13:08:44', '2018-12-11 13:08:44', '3ff18e8e-9422-430a-a46d-9ff8786727e8'),
 ('67', 'Vermont', 'VT', '233', '2018-12-11 13:08:44', '2018-12-11 13:08:44', '82e2c7ce-7e3d-40d5-9256-b6975bd4fc5a'),
 ('68', 'Virginia', 'VA', '233', '2018-12-11 13:08:44', '2018-12-11 13:08:44', 'dd46ba32-125e-48ed-9885-57cbe8ee7501'),
 ('69', 'Washington', 'WA', '233', '2018-12-11 13:08:44', '2018-12-11 13:08:44', 'b969376d-0c1a-4235-81f2-129f3ccf4142'),
 ('70', 'West Virginia', 'WV', '233', '2018-12-11 13:08:44', '2018-12-11 13:08:44', '28b50ae2-28c3-495a-9a63-1e142d5f894e'),
 ('71', 'Wisconsin', 'WI', '233', '2018-12-11 13:08:44', '2018-12-11 13:08:44', '0bccb4fc-c5d6-4503-884d-9ab50dd6bb41'),
 ('72', 'Wyoming', 'WY', '233', '2018-12-11 13:08:44', '2018-12-11 13:08:44', '4eeb636f-043e-4a38-9754-01e95ce4383e');



DROP TABLE IF EXISTS `craft_commerce_taxcategories`;


--
-- Schema for table `craft_commerce_taxcategories`
--
CREATE TABLE `craft_commerce_taxcategories` (
  `id` int(11) NOT NULL AUTO_INCREMENT,
  `name` varchar(255) COLLATE utf8_unicode_ci NOT NULL,
  `handle` varchar(255) COLLATE utf8_unicode_ci NOT NULL,
  `description` varchar(255) COLLATE utf8_unicode_ci DEFAULT NULL,
  `default` tinyint(1) unsigned NOT NULL DEFAULT '0',
  `dateCreated` datetime NOT NULL,
  `dateUpdated` datetime NOT NULL,
  `uid` char(36) COLLATE utf8_unicode_ci NOT NULL DEFAULT '0',
  PRIMARY KEY (`id`),
  UNIQUE KEY `craft_commerce_taxcategories_handle_unq_idx` (`handle`)
) ENGINE=InnoDB AUTO_INCREMENT=2 DEFAULT CHARSET=utf8 COLLATE=utf8_unicode_ci;

--
-- Data for table `craft_commerce_taxcategories`
--

INSERT INTO `craft_commerce_taxcategories` (`id`, `name`, `handle`, `description`, `default`, `dateCreated`, `dateUpdated`, `uid`) VALUES
 ('1', 'General', 'general', NULL, '1', '2018-12-11 13:08:43', '2018-12-11 13:08:43', '02737621-093b-49d5-bf7e-ac99817849c4');



DROP TABLE IF EXISTS `craft_commerce_taxrates`;


--
-- Schema for table `craft_commerce_taxrates`
--
CREATE TABLE `craft_commerce_taxrates` (
  `id` int(11) NOT NULL AUTO_INCREMENT,
  `taxZoneId` int(11) NOT NULL,
  `taxCategoryId` int(11) NOT NULL,
  `name` varchar(255) COLLATE utf8_unicode_ci NOT NULL,
  `rate` decimal(20,10) NOT NULL,
  `include` tinyint(1) unsigned NOT NULL DEFAULT '0',
  `isVat` tinyint(1) unsigned NOT NULL DEFAULT '0',
  `taxable` enum('price','shipping','price_shipping','order_total_shipping','order_total_price') COLLATE utf8_unicode_ci NOT NULL,
  `dateCreated` datetime NOT NULL,
  `dateUpdated` datetime NOT NULL,
  `uid` char(36) COLLATE utf8_unicode_ci NOT NULL DEFAULT '0',
  PRIMARY KEY (`id`),
  KEY `craft_commerce_taxrates_taxZoneId_idx` (`taxZoneId`),
  KEY `craft_commerce_taxrates_taxCategoryId_idx` (`taxCategoryId`)
) ENGINE=InnoDB DEFAULT CHARSET=utf8 COLLATE=utf8_unicode_ci;

DROP TABLE IF EXISTS `craft_commerce_taxzone_countries`;


--
-- Schema for table `craft_commerce_taxzone_countries`
--
CREATE TABLE `craft_commerce_taxzone_countries` (
  `id` int(11) NOT NULL AUTO_INCREMENT,
  `taxZoneId` int(11) NOT NULL,
  `countryId` int(11) NOT NULL,
  `dateCreated` datetime NOT NULL,
  `dateUpdated` datetime NOT NULL,
  `uid` char(36) COLLATE utf8_unicode_ci NOT NULL DEFAULT '0',
  PRIMARY KEY (`id`),
  UNIQUE KEY `craft_commerce_taxzone_countries_taxZoneId_countryId_unq_idx` (`taxZoneId`,`countryId`),
  KEY `craft_commerce_taxzone_countries_taxZoneId_idx` (`taxZoneId`),
  KEY `craft_commerce_taxzone_countries_countryId_idx` (`countryId`)
) ENGINE=InnoDB DEFAULT CHARSET=utf8 COLLATE=utf8_unicode_ci;

DROP TABLE IF EXISTS `craft_commerce_taxzone_states`;


--
-- Schema for table `craft_commerce_taxzone_states`
--
CREATE TABLE `craft_commerce_taxzone_states` (
  `id` int(11) NOT NULL AUTO_INCREMENT,
  `taxZoneId` int(11) NOT NULL,
  `stateId` int(11) NOT NULL,
  `dateCreated` datetime NOT NULL,
  `dateUpdated` datetime NOT NULL,
  `uid` char(36) COLLATE utf8_unicode_ci NOT NULL DEFAULT '0',
  PRIMARY KEY (`id`),
  UNIQUE KEY `craft_commerce_taxzone_states_taxZoneId_stateId_unq_idx` (`taxZoneId`,`stateId`),
  KEY `craft_commerce_taxzone_states_taxZoneId_idx` (`taxZoneId`),
  KEY `craft_commerce_taxzone_states_stateId_idx` (`stateId`)
) ENGINE=InnoDB DEFAULT CHARSET=utf8 COLLATE=utf8_unicode_ci;

DROP TABLE IF EXISTS `craft_commerce_taxzones`;


--
-- Schema for table `craft_commerce_taxzones`
--
CREATE TABLE `craft_commerce_taxzones` (
  `id` int(11) NOT NULL AUTO_INCREMENT,
  `name` varchar(255) COLLATE utf8_unicode_ci NOT NULL,
  `description` varchar(255) COLLATE utf8_unicode_ci DEFAULT NULL,
  `countryBased` tinyint(1) unsigned NOT NULL DEFAULT '1',
  `default` tinyint(1) unsigned NOT NULL DEFAULT '0',
  `dateCreated` datetime NOT NULL,
  `dateUpdated` datetime NOT NULL,
  `uid` char(36) COLLATE utf8_unicode_ci NOT NULL DEFAULT '0',
  PRIMARY KEY (`id`),
  UNIQUE KEY `craft_commerce_taxzones_name_unq_idx` (`name`)
) ENGINE=InnoDB DEFAULT CHARSET=utf8 COLLATE=utf8_unicode_ci;

DROP TABLE IF EXISTS `craft_commerce_transactions`;


--
-- Schema for table `craft_commerce_transactions`
--
CREATE TABLE `craft_commerce_transactions` (
  `id` int(11) NOT NULL AUTO_INCREMENT,
  `parentId` int(11) DEFAULT NULL,
  `paymentMethodId` int(11) DEFAULT NULL,
  `userId` int(11) DEFAULT NULL,
  `hash` varchar(32) COLLATE utf8_unicode_ci DEFAULT NULL,
  `type` enum('authorize','capture','purchase','refund') COLLATE utf8_unicode_ci NOT NULL,
  `amount` decimal(14,4) DEFAULT NULL,
  `paymentAmount` decimal(14,4) DEFAULT NULL,
  `currency` varchar(255) COLLATE utf8_unicode_ci DEFAULT NULL,
  `paymentCurrency` varchar(255) COLLATE utf8_unicode_ci DEFAULT NULL,
  `paymentRate` decimal(14,4) DEFAULT NULL,
  `status` enum('pending','redirect','success','failed') COLLATE utf8_unicode_ci NOT NULL,
  `reference` varchar(255) COLLATE utf8_unicode_ci DEFAULT NULL,
  `code` varchar(255) COLLATE utf8_unicode_ci DEFAULT NULL,
  `message` text COLLATE utf8_unicode_ci,
  `response` text COLLATE utf8_unicode_ci,
  `orderId` int(10) NOT NULL,
  `dateCreated` datetime NOT NULL,
  `dateUpdated` datetime NOT NULL,
  `uid` char(36) COLLATE utf8_unicode_ci NOT NULL DEFAULT '0',
  PRIMARY KEY (`id`),
  KEY `craft_commerce_transactions_parentId_fk` (`parentId`),
  KEY `craft_commerce_transactions_paymentMethodId_fk` (`paymentMethodId`),
  KEY `craft_commerce_transactions_orderId_fk` (`orderId`),
  KEY `craft_commerce_transactions_userId_fk` (`userId`)
) ENGINE=InnoDB AUTO_INCREMENT=3 DEFAULT CHARSET=utf8 COLLATE=utf8_unicode_ci;

--
-- Data for table `craft_commerce_transactions`
--

INSERT INTO `craft_commerce_transactions` (`id`, `parentId`, `paymentMethodId`, `userId`, `hash`, `type`, `amount`, `paymentAmount`, `currency`, `paymentCurrency`, `paymentRate`, `status`, `reference`, `code`, `message`, `response`, `orderId`, `dateCreated`, `dateUpdated`, `uid`) VALUES
 ('1', NULL, '2', '1', '72eda6df9ff906ac942e88e07560402e', 'purchase', '20.0000', '20.0000', 'USD', 'USD', '1.0000', 'failed', NULL, NULL, 'Unauthorized request', '{\"error\":{\"type\":\"request\",\"message\":\"Unauthorized request\",\"links\":{\"documentation\":\"https:\\/\\/docs.mollie.com\\/\"}}}', '118', '2018-12-11 13:44:08', '2018-12-11 13:44:08', '2aaef2d7-6cac-4530-bd54-e0693b64197a'),
 ('2', NULL, '2', '1', '5a728fccd7fa5f28722509100dced7f0', 'purchase', '20.0000', '20.0000', 'USD', 'USD', '1.0000', 'failed', NULL, NULL, 'Unauthorized request', '{\"error\":{\"type\":\"request\",\"message\":\"Unauthorized request\",\"links\":{\"documentation\":\"https:\\/\\/docs.mollie.com\\/\"}}}', '118', '2018-12-11 13:52:32', '2018-12-11 13:52:32', '92c6782c-7ec3-41f3-9ceb-f3857aad02da');



DROP TABLE IF EXISTS `craft_commerce_variants`;


--
-- Schema for table `craft_commerce_variants`
--
CREATE TABLE `craft_commerce_variants` (
  `productId` int(11) DEFAULT NULL,
  `id` int(11) NOT NULL,
  `sku` varchar(255) COLLATE utf8_unicode_ci NOT NULL,
  `isDefault` tinyint(1) unsigned NOT NULL DEFAULT '0',
  `price` decimal(14,4) NOT NULL,
  `sortOrder` int(10) DEFAULT NULL,
  `width` decimal(14,4) DEFAULT NULL,
  `height` decimal(14,4) DEFAULT NULL,
  `length` decimal(14,4) DEFAULT NULL,
  `weight` decimal(14,4) DEFAULT NULL,
  `stock` int(10) NOT NULL DEFAULT '0',
  `unlimitedStock` tinyint(1) unsigned NOT NULL DEFAULT '0',
  `minQty` int(10) DEFAULT NULL,
  `maxQty` int(10) DEFAULT NULL,
  `dateCreated` datetime NOT NULL,
  `dateUpdated` datetime NOT NULL,
  `uid` char(36) COLLATE utf8_unicode_ci NOT NULL DEFAULT '0',
  PRIMARY KEY (`id`),
  UNIQUE KEY `craft_commerce_variants_sku_unq_idx` (`sku`),
  KEY `craft_commerce_variants_productId_fk` (`productId`)
) ENGINE=InnoDB DEFAULT CHARSET=utf8 COLLATE=utf8_unicode_ci;

--
-- Data for table `craft_commerce_variants`
--

INSERT INTO `craft_commerce_variants` (`productId`, `id`, `sku`, `isDefault`, `price`, `sortOrder`, `width`, `height`, `length`, `weight`, `stock`, `unlimitedStock`, `minQty`, `maxQty`, `dateCreated`, `dateUpdated`, `uid`) VALUES
 ('107', '108', 'A New Toga', '1', '10.0000', NULL, '0.0000', '0.0000', '0.0000', '0.0000', '0', '1', NULL, NULL, '2018-12-11 13:08:44', '2018-12-11 13:08:44', '530e161f-7c13-4830-8311-195bdf4814d1'),
 ('109', '110', 'Parka with Stripes on Back', '1', '20.0000', NULL, '0.0000', '0.0000', '0.0000', '0.0000', '0', '1', NULL, NULL, '2018-12-11 13:08:44', '2018-12-11 13:08:44', '877c4bcd-4212-4edf-8d4d-8548b7de30d9'),
 ('111', '112', 'Romper for a Red Eye', '1', '30.0000', NULL, '0.0000', '0.0000', '0.0000', '0.0000', '0', '1', NULL, NULL, '2018-12-11 13:08:44', '2018-12-11 13:08:44', 'e8834ea7-9ee4-436b-b69f-6bb333fdd1bf'),
 ('113', '114', 'The Fleece Awakens', '1', '40.0000', NULL, '0.0000', '0.0000', '0.0000', '0.0000', '0', '1', NULL, NULL, '2018-12-11 13:08:44', '2018-12-11 13:08:44', 'baf70f4b-da76-4d62-956c-9f912c479175');



DROP TABLE IF EXISTS `craft_content`;


--
-- Schema for table `craft_content`
--
CREATE TABLE `craft_content` (
  `id` int(11) NOT NULL AUTO_INCREMENT,
  `elementId` int(11) NOT NULL,
  `locale` char(12) COLLATE utf8_unicode_ci NOT NULL,
  `title` varchar(255) COLLATE utf8_unicode_ci DEFAULT NULL,
  `field_body` text COLLATE utf8_unicode_ci,
  `dateCreated` datetime NOT NULL,
  `dateUpdated` datetime NOT NULL,
  `uid` char(36) COLLATE utf8_unicode_ci NOT NULL DEFAULT '0',
  PRIMARY KEY (`id`),
  UNIQUE KEY `craft_content_elementId_locale_unq_idx` (`elementId`,`locale`),
  KEY `craft_content_title_idx` (`title`),
  KEY `craft_content_locale_fk` (`locale`)
) ENGINE=InnoDB AUTO_INCREMENT=80 DEFAULT CHARSET=utf8 COLLATE=utf8_unicode_ci;

--
-- Data for table `craft_content`
--

INSERT INTO `craft_content` (`id`, `elementId`, `locale`, `title`, `field_body`, `dateCreated`, `dateUpdated`, `uid`) VALUES
 ('1', '1', 'nl', NULL, NULL, '2018-10-17 19:49:46', '2018-10-17 19:49:46', '8305d548-61b2-45cc-af78-e4d6127d48e3'),
 ('2', '2', 'nl', 'Hoi', '<p>Commodo imperdiet tortor netus lectus luctus maecenas faucibus mattis feugiat pretium mollis, litora pharetra condimentum proin ultricies accumsan lacinia bibendum montes porta, ipsum urna sit arcu taciti habitasse donec non aptent sed. Primis nisi etiam imperdiet adipiscing per posuere sit erat iaculis suscipit, egestas quisque nullam libero urna natoque suspendisse viverra arcu nascetur blandit, maecenas in mus lacinia amet mi dolor fames commodo. Suspendisse laoreet hac curae tincidunt inceptos pretium senectus tortor varius magnis, ipsum tellus phasellus purus aptent curabitur torquent mus taciti dui, nec lobortis facilisi diam parturient netus et ornare vulputate.</p>', '2018-10-17 19:49:49', '2018-12-11 13:19:36', '103bb5d4-f396-4eba-99ce-aa6dfc8131fa'),
 ('28', '42', 'nl', NULL, NULL, '2018-11-01 18:41:54', '2018-11-13 17:45:17', 'f612c905-be02-4e57-bb91-649116ac724a'),
 ('46', '82', 'nl', 'Pexels Photo 1070536', NULL, '2018-11-11 11:34:21', '2018-11-11 11:34:21', '3fae535b-a72f-4a06-bd90-d91201ee9c11'),
 ('48', '84', 'nl', 'Pexels Photo 1012982', NULL, '2018-11-11 11:34:57', '2018-11-11 11:34:57', 'c7694719-cb4a-4e18-9838-331eb0965af9'),
 ('51', '87', 'nl', 'Bojan', NULL, '2018-11-11 15:17:49', '2018-11-11 15:17:49', 'efe686c5-28cf-47b4-84b6-bb46d87c939c'),
 ('54', '90', 'nl', 'Pexels Photo 1496183', NULL, '2018-11-12 13:46:59', '2018-11-12 13:46:59', 'ba4e0f1e-d760-4f99-a9c5-336d1c0b1b56'),
 ('55', '93', 'nl', 'Pexels Photo 417040', NULL, '2018-11-12 14:41:56', '2018-11-12 14:41:56', 'f56755d8-cb36-47de-8481-5bc1424149a8'),
 ('57', '95', 'nl', 'Pexels Photo 691030', NULL, '2018-11-12 14:43:06', '2018-11-12 14:43:06', '6b81f3a4-0eab-4c85-87ff-e6468670b10a'),
 ('60', '98', 'nl', 'Data25069064 83E484', NULL, '2018-11-12 20:03:48', '2018-11-12 20:03:48', 'd6dde8ab-2630-404e-acb5-46bd3af4394d'),
 ('62', '100', 'nl', 'Pexels Photo 1080722', NULL, '2018-11-13 17:37:40', '2018-11-13 17:37:40', '6be206ef-1933-428a-a05d-6e691f925cc8'),
 ('64', '102', 'nl', 'Pexels Photo 149419', NULL, '2018-11-13 17:39:38', '2018-11-13 17:39:38', '654761b0-d157-404e-988e-f27eddf1cab9'),
 ('68', '107', 'nl', 'A New Toga', NULL, '2018-12-11 13:08:43', '2018-12-11 13:08:43', 'b7659614-7029-4ab4-82f9-548946cf9e0a'),
 ('69', '108', 'nl', 'A New Toga', NULL, '2018-12-11 13:08:44', '2018-12-11 13:08:44', '8e2f072c-b33d-41b0-9f43-db4be538b664'),
 ('70', '109', 'nl', 'Parka with Stripes on Back', NULL, '2018-12-11 13:08:44', '2018-12-11 13:08:44', 'fea0785c-bf15-4881-a70f-14c352e98348'),
 ('71', '110', 'nl', 'Parka with Stripes on Back', NULL, '2018-12-11 13:08:44', '2018-12-11 13:08:44', 'af51e0e2-72a4-4222-9ecc-423decde2c79'),
 ('72', '111', 'nl', 'Romper for a Red Eye', NULL, '2018-12-11 13:08:44', '2018-12-11 13:08:44', 'a7c83f30-dbc6-4754-b866-45f33caa6fbb'),
 ('73', '112', 'nl', 'Romper for a Red Eye', NULL, '2018-12-11 13:08:44', '2018-12-11 13:08:44', '0ed0ca32-66dc-4be2-a344-ed1af9752353'),
 ('74', '113', 'nl', 'The Fleece Awakens', NULL, '2018-12-11 13:08:44', '2018-12-11 13:08:44', '2705542a-b817-48da-a76f-7756ed6bd4dc'),
 ('75', '114', 'nl', 'The Fleece Awakens', NULL, '2018-12-11 13:08:44', '2018-12-11 13:08:44', '9ffa9dc5-cb84-4c1c-a847-7287bf375be2'),
 ('76', '115', 'nl', 'Billions', NULL, '2018-12-11 13:19:31', '2018-12-11 13:19:31', 'fe2ad9a8-05fe-41e2-a14b-0497fe1ed209'),
 ('77', '116', 'nl', 'dit is de eerste', '<p>Odio viverra dapibus commodo posuere donec quisque</p>', '2018-12-11 13:29:14', '2018-12-11 13:29:14', '2b27f0d9-1042-487a-b242-d3a38bd82d8e'),
 ('78', '117', 'nl', 'dit is de tweede', '<p>Dictum posuere sem curae natoque sagittis egestas</p>', '2018-12-11 13:29:44', '2018-12-11 13:39:21', 'bd8e9133-351a-4a33-88d1-bed39d36cd24'),
 ('79', '118', 'nl', NULL, NULL, '2018-12-11 13:42:46', '2018-12-11 13:52:31', '385cac21-456a-44a7-92ea-17d5e4b0d6ca');



DROP TABLE IF EXISTS `craft_deprecationerrors`;


--
-- Schema for table `craft_deprecationerrors`
--
CREATE TABLE `craft_deprecationerrors` (
  `id` int(11) NOT NULL AUTO_INCREMENT,
  `key` varchar(255) COLLATE utf8_unicode_ci NOT NULL,
  `fingerprint` varchar(255) COLLATE utf8_unicode_ci NOT NULL,
  `lastOccurrence` datetime NOT NULL,
  `file` varchar(255) COLLATE utf8_unicode_ci NOT NULL,
  `line` smallint(6) unsigned NOT NULL,
  `class` varchar(255) COLLATE utf8_unicode_ci DEFAULT NULL,
  `method` varchar(255) COLLATE utf8_unicode_ci DEFAULT NULL,
  `template` varchar(255) COLLATE utf8_unicode_ci DEFAULT NULL,
  `templateLine` smallint(6) unsigned DEFAULT NULL,
  `message` varchar(255) COLLATE utf8_unicode_ci DEFAULT NULL,
  `traces` text COLLATE utf8_unicode_ci,
  `dateCreated` datetime NOT NULL,
  `dateUpdated` datetime NOT NULL,
  `uid` char(36) COLLATE utf8_unicode_ci NOT NULL DEFAULT '0',
  PRIMARY KEY (`id`),
  UNIQUE KEY `craft_deprecationerrors_key_fingerprint_unq_idx` (`key`,`fingerprint`)
) ENGINE=InnoDB DEFAULT CHARSET=utf8 COLLATE=utf8_unicode_ci;

DROP TABLE IF EXISTS `craft_elementindexsettings`;


--
-- Schema for table `craft_elementindexsettings`
--
CREATE TABLE `craft_elementindexsettings` (
  `id` int(11) NOT NULL AUTO_INCREMENT,
  `type` varchar(150) COLLATE utf8_unicode_ci NOT NULL,
  `settings` text COLLATE utf8_unicode_ci,
  `dateCreated` datetime NOT NULL,
  `dateUpdated` datetime NOT NULL,
  `uid` char(36) COLLATE utf8_unicode_ci NOT NULL DEFAULT '0',
  PRIMARY KEY (`id`),
  UNIQUE KEY `craft_elementindexsettings_type_unq_idx` (`type`)
) ENGINE=InnoDB DEFAULT CHARSET=utf8 COLLATE=utf8_unicode_ci;

DROP TABLE IF EXISTS `craft_elements`;


--
-- Schema for table `craft_elements`
--
CREATE TABLE `craft_elements` (
  `id` int(11) NOT NULL AUTO_INCREMENT,
  `type` varchar(150) COLLATE utf8_unicode_ci NOT NULL,
  `enabled` tinyint(1) unsigned NOT NULL DEFAULT '1',
  `archived` tinyint(1) unsigned NOT NULL DEFAULT '0',
  `dateCreated` datetime NOT NULL,
  `dateUpdated` datetime NOT NULL,
  `uid` char(36) COLLATE utf8_unicode_ci NOT NULL DEFAULT '0',
  PRIMARY KEY (`id`),
  KEY `craft_elements_type_idx` (`type`),
  KEY `craft_elements_enabled_idx` (`enabled`),
  KEY `craft_elements_archived_dateCreated_idx` (`archived`,`dateCreated`)
) ENGINE=InnoDB AUTO_INCREMENT=119 DEFAULT CHARSET=utf8 COLLATE=utf8_unicode_ci;

--
-- Data for table `craft_elements`
--

INSERT INTO `craft_elements` (`id`, `type`, `enabled`, `archived`, `dateCreated`, `dateUpdated`, `uid`) VALUES
 ('1', 'User', '1', '0', '2018-10-17 19:49:46', '2018-10-17 19:49:46', '842d7910-3ffa-4927-beed-36c975cb824f'),
 ('2', 'Entry', '1', '0', '2018-10-17 19:49:49', '2018-12-11 13:19:36', '6637c0df-f5b4-49c5-944a-6a00ac73e472'),
 ('42', 'GlobalSet', '1', '0', '2018-11-01 18:41:54', '2018-11-13 17:45:17', '7d947b6c-830b-4719-b275-59efb7ad7333'),
 ('82', 'Asset', '1', '0', '2018-11-11 11:34:21', '2018-11-11 11:34:21', '6305d026-0aa7-4f2a-80ea-ba2facdc96b1'),
 ('84', 'Asset', '1', '0', '2018-11-11 11:34:57', '2018-11-11 11:34:57', 'e9ce5b6e-3b8a-4917-bbac-9b99c355be56'),
 ('87', 'Asset', '1', '0', '2018-11-11 15:17:49', '2018-11-11 15:17:49', '1813bca9-a1e7-4e8b-8540-c06f3d643879'),
 ('90', 'Asset', '1', '0', '2018-11-12 13:46:59', '2018-11-12 13:46:59', '47c2ec8a-f0ec-4de1-882f-80b5fb318ac2'),
 ('93', 'Asset', '1', '0', '2018-11-12 14:41:56', '2018-11-12 14:41:56', 'b9369d65-6130-4c8b-bafa-164dd870dda7'),
 ('95', 'Asset', '1', '0', '2018-11-12 14:43:06', '2018-11-12 14:43:06', '3186b4a7-519e-47b8-a263-5c076da5a057'),
 ('98', 'Asset', '1', '0', '2018-11-12 20:03:48', '2018-11-12 20:03:48', '78deb419-ffba-4378-9ecd-50f461d17102'),
 ('100', 'Asset', '1', '0', '2018-11-13 17:37:40', '2018-11-13 17:37:40', '97f95f77-3f3a-475e-8c14-edf3129e7bf9'),
 ('102', 'Asset', '1', '0', '2018-11-13 17:39:38', '2018-11-13 17:39:38', '0d781acf-14cc-4d51-8f2a-9ba144306bef'),
 ('107', 'Commerce_Product', '1', '0', '2018-12-11 13:08:43', '2018-12-11 13:08:43', '03d19326-a2ac-4e8c-867d-6714d193c9d1'),
 ('108', 'Commerce_Variant', '1', '0', '2018-12-11 13:08:44', '2018-12-11 13:08:44', '13fbf733-fd47-4bb3-bc1d-9b71e08cdd90'),
 ('109', 'Commerce_Product', '1', '0', '2018-12-11 13:08:44', '2018-12-11 13:08:44', '35f45e67-980c-49d5-957e-f96c9abf22cd'),
 ('110', 'Commerce_Variant', '1', '0', '2018-12-11 13:08:44', '2018-12-11 13:08:44', '0707bebd-efb7-4bde-add5-ead946069909'),
 ('111', 'Commerce_Product', '1', '0', '2018-12-11 13:08:44', '2018-12-11 13:08:44', '63b97ba6-3aaa-4c1e-b321-c9dd95bd07af'),
 ('112', 'Commerce_Variant', '1', '0', '2018-12-11 13:08:44', '2018-12-11 13:08:44', '9d891543-c5c2-4425-b75a-519a70fff4d6'),
 ('113', 'Commerce_Product', '1', '0', '2018-12-11 13:08:44', '2018-12-11 13:08:44', 'ca801c6e-f6df-401d-aeb0-3ac561ea1a20'),
 ('114', 'Commerce_Variant', '1', '0', '2018-12-11 13:08:44', '2018-12-11 13:08:44', '004ca887-46af-48fb-90e7-bac94df5a1d1'),
 ('115', 'Asset', '1', '0', '2018-12-11 13:19:31', '2018-12-11 13:19:31', 'e2642ebf-c6a7-46d6-aac0-42eb10fe4f69'),
 ('116', 'Entry', '1', '0', '2018-12-11 13:29:14', '2018-12-11 13:29:14', 'dbf23514-21ef-4bcb-8d23-948d5f187d67'),
 ('117', 'Entry', '1', '0', '2018-12-11 13:29:44', '2018-12-11 13:39:21', 'ac85a4f8-a4f5-4a83-9da1-9bdbb7834751'),
 ('118', 'Commerce_Order', '1', '0', '2018-12-11 13:42:46', '2018-12-11 13:52:31', '7d32b8de-89cb-47cf-920e-828a69c0f8fc');



DROP TABLE IF EXISTS `craft_elements_i18n`;


--
-- Schema for table `craft_elements_i18n`
--
CREATE TABLE `craft_elements_i18n` (
  `id` int(11) NOT NULL AUTO_INCREMENT,
  `elementId` int(11) NOT NULL,
  `locale` char(12) COLLATE utf8_unicode_ci NOT NULL,
  `slug` varchar(255) COLLATE utf8_unicode_ci DEFAULT NULL,
  `uri` varchar(255) COLLATE utf8_unicode_ci DEFAULT NULL,
  `enabled` tinyint(1) unsigned NOT NULL DEFAULT '1',
  `dateCreated` datetime NOT NULL,
  `dateUpdated` datetime NOT NULL,
  `uid` char(36) COLLATE utf8_unicode_ci NOT NULL DEFAULT '0',
  PRIMARY KEY (`id`),
  UNIQUE KEY `craft_elements_i18n_elementId_locale_unq_idx` (`elementId`,`locale`),
  UNIQUE KEY `craft_elements_i18n_uri_locale_unq_idx` (`uri`,`locale`),
  KEY `craft_elements_i18n_slug_locale_idx` (`slug`,`locale`),
  KEY `craft_elements_i18n_enabled_idx` (`enabled`),
  KEY `craft_elements_i18n_locale_fk` (`locale`)
) ENGINE=InnoDB AUTO_INCREMENT=119 DEFAULT CHARSET=utf8 COLLATE=utf8_unicode_ci;

--
-- Data for table `craft_elements_i18n`
--

INSERT INTO `craft_elements_i18n` (`id`, `elementId`, `locale`, `slug`, `uri`, `enabled`, `dateCreated`, `dateUpdated`, `uid`) VALUES
 ('1', '1', 'nl', '', NULL, '1', '2018-10-17 19:49:46', '2018-10-17 19:49:46', '386275dc-462a-4735-aa1a-ddf90054f6df'),
 ('2', '2', 'nl', 'homepage', '__home__', '1', '2018-10-17 19:49:49', '2018-12-11 13:19:36', 'bd8ad084-149f-4583-9c56-88d64fb6b428'),
 ('42', '42', 'nl', '', NULL, '1', '2018-11-01 18:41:55', '2018-11-13 17:45:17', 'e27f6651-06d0-492c-b7ce-c3934e6388d8'),
 ('82', '82', 'nl', 'pexels-photo-1070536', NULL, '1', '2018-11-11 11:34:21', '2018-11-11 11:34:21', 'afd22320-86ee-487c-91fa-86f8ece8e60e'),
 ('84', '84', 'nl', 'pexels-photo-1012982', NULL, '1', '2018-11-11 11:34:57', '2018-11-11 11:34:57', '763c723a-14b2-4a14-af38-ee58117649ff'),
 ('87', '87', 'nl', 'bojan', NULL, '1', '2018-11-11 15:17:49', '2018-11-11 15:17:49', '158f8b13-cf07-4571-9bc1-788833e5a2de'),
 ('90', '90', 'nl', 'pexels-photo-1496183', NULL, '1', '2018-11-12 13:46:59', '2018-11-12 13:46:59', 'd36a9de1-2eeb-4c7f-8753-d22c5a250ba4'),
 ('93', '93', 'nl', 'pexels-photo-417040', NULL, '1', '2018-11-12 14:41:56', '2018-11-12 14:41:56', 'a1c6945f-aa3b-45cf-86e7-2f2f4cff66a8'),
 ('95', '95', 'nl', 'pexels-photo-691030', NULL, '1', '2018-11-12 14:43:06', '2018-11-12 14:43:06', 'b373a34d-64a7-4636-8577-ae9c49dc4a29'),
 ('98', '98', 'nl', 'data25069064-83e484', NULL, '1', '2018-11-12 20:03:48', '2018-11-12 20:03:48', '4d297714-5a5b-455e-aa30-5a9cd2752f09'),
 ('100', '100', 'nl', 'pexels-photo-1080722', NULL, '1', '2018-11-13 17:37:40', '2018-11-13 17:37:40', 'd31e83ce-6a76-414e-9813-69b766341364'),
 ('102', '102', 'nl', 'pexels-photo-149419', NULL, '1', '2018-11-13 17:39:38', '2018-11-13 17:39:38', 'c6b6b825-d146-44c5-80c2-e2fa73823c95'),
 ('107', '107', 'nl', 'a-new-toga', 'shop/products/a-new-toga', '1', '2018-12-11 13:08:44', '2018-12-11 13:08:44', '6964af1f-e4b4-4b6d-bf6c-6ade92788b6e'),
 ('108', '108', 'nl', 'a-new-toga', NULL, '1', '2018-12-11 13:08:44', '2018-12-11 13:08:44', '991518b6-2164-4cae-b5f4-4365059cea58'),
 ('109', '109', 'nl', 'parka-with-stripes-on-back', 'shop/products/parka-with-stripes-on-back', '1', '2018-12-11 13:08:44', '2018-12-11 13:08:44', 'fdbbdcb6-57b9-4fd1-9bac-71ec5e2c7f17'),
 ('110', '110', 'nl', 'parka-with-stripes-on-back', NULL, '1', '2018-12-11 13:08:44', '2018-12-11 13:08:44', 'd97b1f36-22ed-4b83-b018-1a50f0f199f6'),
 ('111', '111', 'nl', 'romper-for-a-red-eye', 'shop/products/romper-for-a-red-eye', '1', '2018-12-11 13:08:44', '2018-12-11 13:08:44', '315d797b-b46c-4d6b-b3cd-1c462fd9bf0e'),
 ('112', '112', 'nl', 'romper-for-a-red-eye', NULL, '1', '2018-12-11 13:08:44', '2018-12-11 13:08:44', '57ed088c-9336-497a-a4b0-b5c7835ddbc2'),
 ('113', '113', 'nl', 'the-fleece-awakens', 'shop/products/the-fleece-awakens', '1', '2018-12-11 13:08:44', '2018-12-11 13:08:44', '71816d8a-aa9f-40d7-94df-5915ecd855b6'),
 ('114', '114', 'nl', 'the-fleece-awakens', NULL, '1', '2018-12-11 13:08:44', '2018-12-11 13:08:44', '063fe50b-e7d4-402c-8f82-d16c006ec2b6'),
 ('115', '115', 'nl', 'billions', NULL, '1', '2018-12-11 13:19:31', '2018-12-11 13:19:31', '09365bec-a763-47c4-8027-bf500f9ca6e0'),
 ('116', '116', 'nl', 'dit-is-de-eerste', 'blog/dit-is-de-eerste', '1', '2018-12-11 13:29:14', '2018-12-11 13:29:14', '6f9040f3-9efd-4427-9cff-b51d38230813'),
 ('117', '117', 'nl', 'dit-is-de-tweede', 'blog/dit-is-de-tweede', '1', '2018-12-11 13:29:44', '2018-12-11 13:39:21', 'cd99d747-14aa-4369-b509-2abd7e97a006'),
 ('118', '118', 'nl', '', NULL, '1', '2018-12-11 13:42:46', '2018-12-11 13:52:31', '8fc267c7-2b97-4941-b6bb-5d9f4aa487d1');



DROP TABLE IF EXISTS `craft_emailmessages`;


--
-- Schema for table `craft_emailmessages`
--
CREATE TABLE `craft_emailmessages` (
  `id` int(11) NOT NULL AUTO_INCREMENT,
  `key` char(150) COLLATE utf8_unicode_ci NOT NULL,
  `locale` char(12) COLLATE utf8_unicode_ci NOT NULL,
  `subject` varchar(1000) COLLATE utf8_unicode_ci NOT NULL,
  `body` text COLLATE utf8_unicode_ci NOT NULL,
  `dateCreated` datetime NOT NULL,
  `dateUpdated` datetime NOT NULL,
  `uid` char(36) COLLATE utf8_unicode_ci NOT NULL DEFAULT '0',
  PRIMARY KEY (`id`),
  UNIQUE KEY `craft_emailmessages_key_locale_unq_idx` (`key`,`locale`),
  KEY `craft_emailmessages_locale_fk` (`locale`)
) ENGINE=InnoDB DEFAULT CHARSET=utf8 COLLATE=utf8_unicode_ci;

DROP TABLE IF EXISTS `craft_entries`;


--
-- Schema for table `craft_entries`
--
CREATE TABLE `craft_entries` (
  `id` int(11) NOT NULL,
  `sectionId` int(11) NOT NULL,
  `typeId` int(11) DEFAULT NULL,
  `authorId` int(11) DEFAULT NULL,
  `postDate` datetime DEFAULT NULL,
  `expiryDate` datetime DEFAULT NULL,
  `dateCreated` datetime NOT NULL,
  `dateUpdated` datetime NOT NULL,
  `uid` char(36) COLLATE utf8_unicode_ci NOT NULL DEFAULT '0',
  PRIMARY KEY (`id`),
  KEY `craft_entries_sectionId_idx` (`sectionId`),
  KEY `craft_entries_typeId_idx` (`typeId`),
  KEY `craft_entries_postDate_idx` (`postDate`),
  KEY `craft_entries_expiryDate_idx` (`expiryDate`),
  KEY `craft_entries_authorId_fk` (`authorId`)
) ENGINE=InnoDB DEFAULT CHARSET=utf8 COLLATE=utf8_unicode_ci;

--
-- Data for table `craft_entries`
--

INSERT INTO `craft_entries` (`id`, `sectionId`, `typeId`, `authorId`, `postDate`, `expiryDate`, `dateCreated`, `dateUpdated`, `uid`) VALUES
 ('2', '1', NULL, NULL, '2018-10-17 19:49:49', NULL, '2018-10-17 19:49:49', '2018-12-11 13:19:36', 'd6b7a064-7cb1-42a4-afe9-7b2565e9b87c'),
 ('116', '15', '15', '1', '2018-12-11 13:29:14', NULL, '2018-12-11 13:29:14', '2018-12-11 13:29:14', '69026f2f-2487-41bc-8101-8c7a30ff5f88'),
 ('117', '15', '15', '1', '2018-12-11 13:29:00', NULL, '2018-12-11 13:29:44', '2018-12-11 13:39:21', '12d351ca-576f-4716-973a-0e6155ee9c9a');



DROP TABLE IF EXISTS `craft_entrydrafts`;


--
-- Schema for table `craft_entrydrafts`
--
CREATE TABLE `craft_entrydrafts` (
  `id` int(11) NOT NULL AUTO_INCREMENT,
  `entryId` int(11) NOT NULL,
  `sectionId` int(11) NOT NULL,
  `creatorId` int(11) NOT NULL,
  `locale` char(12) COLLATE utf8_unicode_ci NOT NULL,
  `name` varchar(255) COLLATE utf8_unicode_ci NOT NULL,
  `notes` tinytext COLLATE utf8_unicode_ci,
  `data` mediumtext COLLATE utf8_unicode_ci NOT NULL,
  `dateCreated` datetime NOT NULL,
  `dateUpdated` datetime NOT NULL,
  `uid` char(36) COLLATE utf8_unicode_ci NOT NULL DEFAULT '0',
  PRIMARY KEY (`id`),
  KEY `craft_entrydrafts_entryId_locale_idx` (`entryId`,`locale`),
  KEY `craft_entrydrafts_sectionId_fk` (`sectionId`),
  KEY `craft_entrydrafts_creatorId_fk` (`creatorId`),
  KEY `craft_entrydrafts_locale_fk` (`locale`)
) ENGINE=InnoDB DEFAULT CHARSET=utf8 COLLATE=utf8_unicode_ci;

DROP TABLE IF EXISTS `craft_entrytypes`;


--
-- Schema for table `craft_entrytypes`
--
CREATE TABLE `craft_entrytypes` (
  `id` int(11) NOT NULL AUTO_INCREMENT,
  `sectionId` int(11) NOT NULL,
  `fieldLayoutId` int(11) DEFAULT NULL,
  `name` varchar(255) COLLATE utf8_unicode_ci NOT NULL,
  `handle` varchar(255) COLLATE utf8_unicode_ci NOT NULL,
  `hasTitleField` tinyint(1) unsigned NOT NULL DEFAULT '1',
  `titleLabel` varchar(255) COLLATE utf8_unicode_ci DEFAULT 'Title',
  `titleFormat` varchar(255) COLLATE utf8_unicode_ci DEFAULT NULL,
  `sortOrder` smallint(6) unsigned DEFAULT NULL,
  `dateCreated` datetime NOT NULL,
  `dateUpdated` datetime NOT NULL,
  `uid` char(36) COLLATE utf8_unicode_ci NOT NULL DEFAULT '0',
  PRIMARY KEY (`id`),
  UNIQUE KEY `craft_entrytypes_name_sectionId_unq_idx` (`name`,`sectionId`),
  UNIQUE KEY `craft_entrytypes_handle_sectionId_unq_idx` (`handle`,`sectionId`),
  KEY `craft_entrytypes_sectionId_fk` (`sectionId`),
  KEY `craft_entrytypes_fieldLayoutId_fk` (`fieldLayoutId`)
) ENGINE=InnoDB AUTO_INCREMENT=16 DEFAULT CHARSET=utf8 COLLATE=utf8_unicode_ci;

--
-- Data for table `craft_entrytypes`
--

INSERT INTO `craft_entrytypes` (`id`, `sectionId`, `fieldLayoutId`, `name`, `handle`, `hasTitleField`, `titleLabel`, `titleFormat`, `sortOrder`, `dateCreated`, `dateUpdated`, `uid`) VALUES
 ('1', '1', '154', 'Homepage', 'homepage', '1', 'Title', NULL, NULL, '2018-10-17 19:49:49', '2018-12-11 13:19:07', '7c861335-8804-4d76-b4d3-8e94cfea74e0'),
 ('15', '15', '157', 'Blog', 'blog', '1', 'Titel', NULL, '1', '2018-12-11 13:28:45', '2018-12-11 13:39:03', '4a41d491-f912-4b7e-b411-eb70f2015747');



DROP TABLE IF EXISTS `craft_entryversions`;


--
-- Schema for table `craft_entryversions`
--
CREATE TABLE `craft_entryversions` (
  `id` int(11) NOT NULL AUTO_INCREMENT,
  `entryId` int(11) NOT NULL,
  `sectionId` int(11) NOT NULL,
  `creatorId` int(11) DEFAULT NULL,
  `locale` char(12) COLLATE utf8_unicode_ci NOT NULL,
  `num` smallint(6) unsigned NOT NULL,
  `notes` tinytext COLLATE utf8_unicode_ci,
  `data` mediumtext COLLATE utf8_unicode_ci NOT NULL,
  `dateCreated` datetime NOT NULL,
  `dateUpdated` datetime NOT NULL,
  `uid` char(36) COLLATE utf8_unicode_ci NOT NULL DEFAULT '0',
  PRIMARY KEY (`id`),
  KEY `craft_entryversions_entryId_locale_idx` (`entryId`,`locale`),
  KEY `craft_entryversions_sectionId_fk` (`sectionId`),
  KEY `craft_entryversions_creatorId_fk` (`creatorId`),
  KEY `craft_entryversions_locale_fk` (`locale`)
) ENGINE=InnoDB AUTO_INCREMENT=212 DEFAULT CHARSET=utf8 COLLATE=utf8_unicode_ci;

--
-- Data for table `craft_entryversions`
--

INSERT INTO `craft_entryversions` (`id`, `entryId`, `sectionId`, `creatorId`, `locale`, `num`, `notes`, `data`, `dateCreated`, `dateUpdated`, `uid`) VALUES
 ('1', '2', '1', '1', 'nl', '1', NULL, '{\"typeId\":\"1\",\"authorId\":null,\"title\":\"Homepage\",\"slug\":\"homepage\",\"postDate\":1539805789,\"expiryDate\":null,\"enabled\":1,\"parentId\":null,\"fields\":[]}', '2018-10-17 19:49:49', '2018-10-17 19:49:49', '5e8709d0-c0e2-4088-896c-25f743dc5bbf'),
 ('2', '2', '1', '1', 'nl', '2', '', '{\"typeId\":null,\"authorId\":null,\"title\":\"Welk bij lorem ipsum\",\"slug\":\"homepage\",\"postDate\":1539805789,\"expiryDate\":null,\"enabled\":1,\"parentId\":null,\"fields\":[]}', '2018-10-17 21:01:32', '2018-10-17 21:01:32', 'ca7d6a90-66b7-4237-a6c5-b9b88b2b1dd4'),
 ('3', '2', '1', '1', 'nl', '3', '', '{\"typeId\":null,\"authorId\":null,\"title\":\"Welk bij lorem ipsum\",\"slug\":\"homepage\",\"postDate\":1539805789,\"expiryDate\":null,\"enabled\":1,\"parentId\":null,\"fields\":{\"3\":\"Hier doen wij suspendisse consectetur, montes potenti molestie senectus \"}}', '2018-10-17 21:01:57', '2018-10-17 21:01:57', '12d2f3a3-a975-493c-ad22-2c336bb46a52'),
 ('4', '2', '1', '1', 'nl', '4', '', '{\"typeId\":null,\"authorId\":null,\"title\":\"Welk bij lorem ipsum\",\"slug\":\"homepage\",\"postDate\":1539805789,\"expiryDate\":null,\"enabled\":1,\"parentId\":null,\"fields\":{\"3\":\"Hier doen wij suspendisse consectetur montes potenti \"}}', '2018-10-17 21:02:08', '2018-10-17 21:02:08', '1b0a86f5-3a88-4959-ad7a-3907a735ef6f'),
 ('5', '2', '1', '1', 'nl', '5', '', '{\"typeId\":null,\"authorId\":null,\"title\":\"Welk bij Lorem Ipsum\",\"slug\":\"homepage\",\"postDate\":1539805789,\"expiryDate\":null,\"enabled\":1,\"parentId\":null,\"fields\":{\"3\":\"Hier doen wij suspendisse consectetur montes potenti \"}}', '2018-10-21 19:08:25', '2018-10-21 19:08:25', 'df2feef4-031e-4c42-bf7b-8622af060f31'),
 ('6', '2', '1', '1', 'nl', '6', '', '{\"typeId\":null,\"authorId\":null,\"title\":\"Sem Starz\",\"slug\":\"homepage\",\"postDate\":1539805789,\"expiryDate\":null,\"enabled\":1,\"parentId\":null,\"fields\":{\"3\":\"Hier doen wij suspendisse consectetur montes potenti \"}}', '2018-10-21 19:14:35', '2018-10-21 19:14:35', '5a5ae403-be7d-4de5-9e80-23f426448924'),
 ('7', '2', '1', '1', 'nl', '7', '', '{\"typeId\":null,\"authorId\":null,\"title\":\"Sem Starz\",\"slug\":\"homepage\",\"postDate\":1539805789,\"expiryDate\":null,\"enabled\":1,\"parentId\":null,\"fields\":{\"3\":\"Hier doen wij suspendisse consectetur montes potenti Dignissim donec nunc ullamcorper inceptos duis \"}}', '2018-10-21 19:19:20', '2018-10-21 19:19:20', 'bcea6b4c-73d4-4c81-970c-2bdc893b6293'),
 ('8', '2', '1', '1', 'nl', '8', '', '{\"typeId\":null,\"authorId\":null,\"title\":\"Sem Starz\",\"slug\":\"homepage\",\"postDate\":1539805789,\"expiryDate\":null,\"enabled\":1,\"parentId\":null,\"fields\":{\"3\":\"Hier doen wij suspendisse consectetur montes potenti Dignissim donec nunc ullamcorper inceptos duis!!!!!\"}}', '2018-10-27 16:54:56', '2018-10-27 16:54:56', 'add4663d-780f-4e60-9fa1-e4125ba4b26d'),
 ('9', '2', '1', '1', 'nl', '9', '', '{\"typeId\":null,\"authorId\":null,\"title\":\"Sem Starz\",\"slug\":\"homepage\",\"postDate\":1539805789,\"expiryDate\":null,\"enabled\":1,\"parentId\":null,\"fields\":{\"3\":\"Hier doen wij suspendisse consectetur montes potenti Dignissim donec nunc ullamcorper inceptos duis\"}}', '2018-10-27 16:55:04', '2018-10-27 16:55:04', '3ffe58b5-b2da-4db1-9ddf-6224cd709ff3'),
 ('10', '2', '1', '1', 'nl', '10', '', '{\"typeId\":null,\"authorId\":null,\"title\":\"Sem Starz\",\"slug\":\"homepage\",\"postDate\":1539805789,\"expiryDate\":null,\"enabled\":1,\"parentId\":null,\"fields\":{\"6\":\"Over ons\",\"5\":\"Wij zijn een team van Lorem Lacinia aptent semper nibh cursus arcu turpis\",\"4\":\"Wie zijn wij?\",\"3\":\"Hier doen wij suspendisse consectetur montes potenti Dignissim donec nunc ullamcorper inceptos duis\"}}', '2018-10-28 20:18:01', '2018-10-28 20:18:01', 'c48c07fb-9999-4fd1-bb96-286a6110af38'),
 ('11', '2', '1', '1', 'nl', '11', '', '{\"typeId\":null,\"authorId\":null,\"title\":\"Sem Starz\",\"slug\":\"homepage\",\"postDate\":1539805789,\"expiryDate\":null,\"enabled\":1,\"parentId\":null,\"fields\":{\"6\":\"Over ons\",\"5\":\"Wij zijn een team van Lorem Lacinia aptent semper nibh cursus arcu turpis aacinia aptent semper nibh cursus arcu turpis. Nacinia aptent semper nibh cursus arcu turpis\",\"4\":\"Wie zijn wij?\",\"3\":\"Hier doen wij suspendisse consectetur montes potenti Dignissim donec nunc ullamcorper inceptos duis\"}}', '2018-10-28 20:18:22', '2018-10-28 20:18:22', '4ee5a826-2667-4af1-bbd3-73aeb19f8ece'),
 ('12', '2', '1', '1', 'nl', '12', '', '{\"typeId\":null,\"authorId\":null,\"title\":\"Homepagina\",\"slug\":\"homepage\",\"postDate\":1539805789,\"expiryDate\":null,\"enabled\":1,\"parentId\":null,\"fields\":{\"6\":\"Over ons\",\"5\":\"Wij zijn een team van Lorem Lacinia aptent semper nibh cursus arcu turpis aacinia aptent semper nibh cursus arcu turpis. Nacinia aptent semper nibh cursus arcu turpis\",\"4\":\"Wie zijn wij?\",\"3\":\"Hier doen wij suspendisse consectetur montes potenti Dignissim donec nunc ullamcorper inceptos duis\"}}', '2018-10-30 20:05:09', '2018-10-30 20:05:09', '1ec0d8f2-8bd9-4ba6-9518-515188553ad8'),
 ('13', '2', '1', '1', 'nl', '13', '', '{\"typeId\":null,\"authorId\":null,\"title\":\"Homepagina\",\"slug\":\"homepage\",\"postDate\":1539805789,\"expiryDate\":null,\"enabled\":1,\"parentId\":null,\"fields\":{\"6\":\"Over ons\",\"5\":\"Wij zijn een team van Lorem Lacinia aptent semper nibh cursus arcu turpis aacinia aptent semper nibh cursus arcu turpis. Nacinia aptent semper nibh cursus arcu turpis\",\"4\":\"Wie zijn wij?\",\"3\":\"Hier doen wij suspendisse consectetur montes potenti Dignissim donec nunc ullamcorper inceptos duis\"}}', '2018-10-30 20:05:22', '2018-10-30 20:05:22', '57d64bcb-bdfc-4df6-bdb4-129d4b980f23'),
 ('14', '2', '1', '1', 'nl', '14', '', '{\"typeId\":null,\"authorId\":null,\"title\":\"Homepagina\",\"slug\":\"homepage\",\"postDate\":1539805789,\"expiryDate\":null,\"enabled\":1,\"parentId\":null,\"fields\":{\"3\":\"Hier doen wij suspendisse consectetur montes potenti Dignissim donec nunc ullamcorper inceptos duis\"}}', '2018-10-30 20:05:26', '2018-10-30 20:05:26', 'fc2085b5-9512-4827-8315-1dc3bb4bc22b'),
 ('15', '2', '1', '1', 'nl', '15', '', '{\"typeId\":null,\"authorId\":null,\"title\":\"Homepagina\",\"slug\":\"homepage\",\"postDate\":1539805789,\"expiryDate\":null,\"enabled\":1,\"parentId\":null,\"fields\":{\"10\":[{\"col1\":\"Felis bibendum magnis arcu ac\"},{\"col1\":\"500 euro verdienen per dag\"},{\"col1\":\"Cubilia libero ridiculus \"},{\"col1\":\"nullam consequat laoreet mollis\"}],\"9\":\"Subtitel Lipsum\",\"8\":\"Lorem Ipsum\"}}', '2018-10-30 20:12:25', '2018-10-30 20:12:25', 'd23cc2b0-20c7-4c14-a123-dd5d594ba651'),
 ('16', '2', '1', '1', 'nl', '16', '', '{\"typeId\":null,\"authorId\":null,\"title\":\"Homepagina\",\"slug\":\"homepage\",\"postDate\":1539805789,\"expiryDate\":null,\"enabled\":1,\"parentId\":null,\"fields\":{\"7\":\"\",\"10\":[{\"col1\":\"Felis bibendum magnis arcu ac\"},{\"col1\":\"500 euro verdienen per dag\"},{\"col1\":\"Cubilia libero ridiculus \"},{\"col1\":\"nullam consequat laoreet mollis\"}],\"9\":\"Subtitel Lipsum\",\"8\":\"Lorem Ipsum\"}}', '2018-10-30 20:17:30', '2018-10-30 20:17:30', 'af122d37-ae4b-41e6-9746-b90a305469d8'),
 ('17', '2', '1', '1', 'nl', '17', '', '{\"typeId\":null,\"authorId\":null,\"title\":\"Homepagina\",\"slug\":\"homepage\",\"postDate\":1539805789,\"expiryDate\":null,\"enabled\":1,\"parentId\":null,\"fields\":{\"7\":[\"3\"],\"10\":[{\"col1\":\"Felis bibendum magnis arcu ac\"},{\"col1\":\"500 euro verdienen per dag\"},{\"col1\":\"Cubilia libero ridiculus \"},{\"col1\":\"nullam consequat laoreet mollis\"}],\"9\":\"Subtitel Lipsum\",\"8\":\"Lorem Ipsum\"}}', '2018-10-30 20:24:25', '2018-10-30 20:24:25', '005cbb94-1ef0-40f3-8eb8-1fe28f86351d'),
 ('51', '2', '1', '1', 'nl', '18', '', '{\"typeId\":null,\"authorId\":null,\"title\":\"Homepagina\",\"slug\":\"homepage\",\"postDate\":1539805789,\"expiryDate\":null,\"enabled\":1,\"parentId\":null,\"fields\":{\"7\":[\"16\"],\"10\":[{\"col1\":\"Felis bibendum magnis arcu ac\"},{\"col1\":\"500 euro verdienen per dag\"},{\"col1\":\"Cubilia libero ridiculus \"},{\"col1\":\"nullam consequat laoreet mollis\"}],\"9\":\"Subtitel Lipsum\",\"8\":\"Lorem Ipsum\"}}', '2018-10-31 15:51:03', '2018-10-31 15:51:03', 'fe865afc-297d-4d0d-9108-bf9c22b78e14'),
 ('52', '2', '1', '1', 'nl', '19', '', '{\"typeId\":null,\"authorId\":null,\"title\":\"Homepagina\",\"slug\":\"homepage\",\"postDate\":1539805789,\"expiryDate\":null,\"enabled\":1,\"parentId\":null,\"fields\":{\"7\":[\"16\"],\"10\":[{\"col1\":\"Felis bibendum magnis arcu ac\"},{\"col1\":\"500 euro verdienen per dag\"},{\"col1\":\"Cubilia libero ridiculus \"},{\"col1\":\"nullam consequat laoreet mollis\"}],\"9\":\"Subtitel Lipsum\",\"8\":\"Lorem Ipsum\"}}', '2018-10-31 15:51:49', '2018-10-31 15:51:49', 'd3ab6196-30c2-4f21-b212-c00e028cae11'),
 ('55', '2', '1', '1', 'nl', '20', '', '{\"typeId\":null,\"authorId\":null,\"title\":\"Homepagina\",\"slug\":\"homepage\",\"postDate\":1539805789,\"expiryDate\":null,\"enabled\":1,\"parentId\":null,\"fields\":{\"7\":[\"16\"],\"11\":\"<h2>Over ons<\\/h2>\\r\\n<p>Excepteur sint occaecat cupidatat non proident, sunt culpa qui officia deserunt mollit anim id est labo rum. Sed perspiciatis unde omnis an natus error sit voluptatem.<br><br>Excepteur sint occaecat cupidatat non proident, sunt culpa qui officia deserunt mollit anim id est labo rum. Sed perspiciatis unde omnis an natus error sit voluptatem.Excepteur sint occaecat cupidatat non proident, sunt culpa qui officia deserunt mollit anim id est labo rum. Sed perspiciatis unde omnis an natus error sit voluptatem.\\r\\n<\\/p>\",\"12\":\"<figure><img src=\\\"http:\\/\\/semstarz.local\\/public\\/images\\/pexels-photo-515169.jpg#asset:24\\\"><\\/figure><p><\\/p>\",\"10\":[{\"col1\":\"Felis bibendum magnis arcu ac\"},{\"col1\":\"500 euro verdienen per dag\"},{\"col1\":\"Cubilia libero ridiculus \"},{\"col1\":\"nullam consequat laoreet mollis\"}],\"9\":\"Subtitel Lipsum\",\"8\":\"Lorem Ipsum\"}}', '2018-10-31 19:46:29', '2018-10-31 19:46:29', '94725fc3-a87d-4a15-8df1-3423f2f56054'),
 ('56', '2', '1', '1', 'nl', '21', '', '{\"typeId\":null,\"authorId\":null,\"title\":\"Homepagina\",\"slug\":\"homepage\",\"postDate\":1539805789,\"expiryDate\":null,\"enabled\":1,\"parentId\":null,\"fields\":{\"7\":[\"16\"],\"11\":\"<p>Excepteur sint occaecat cupidatat non proident, sunt culpa qui officia deserunt mollit anim id est labo rum. Sed perspiciatis unde omnis an natus error sit voluptatem.<\\/p><p>Excepteur sint occaecat cupidatat non proident, sunt culpa qui officia deserunt mollit anim id est labo rum. Sed perspiciatis unde omnis an natus error sit voluptatem.Excepteur sint occaecat cupidatat non proident, sunt culpa qui officia deserunt mollit anim id est labo rum. Sed perspiciatis unde omnis an natus error sit voluptatem.\\r\\n<\\/p>\",\"36\":\"\",\"12\":\"\",\"10\":[{\"col1\":\"Felis bibendum magnis arcu ac\"},{\"col1\":\"500 euro verdienen per dag\"},{\"col1\":\"Cubilia libero ridiculus \"},{\"col1\":\"nullam consequat laoreet mollis\"}],\"9\":\"Subtitel Lipsum\",\"8\":\"Lorem Ipsum\"}}', '2018-10-31 19:48:42', '2018-10-31 19:48:42', '8a1c1ac0-589a-4322-8b14-06294d415ad1'),
 ('57', '2', '1', '1', 'nl', '22', '', '{\"typeId\":null,\"authorId\":null,\"title\":\"Homepagina\",\"slug\":\"homepage\",\"postDate\":1539805789,\"expiryDate\":null,\"enabled\":1,\"parentId\":null,\"fields\":{\"7\":[\"16\"],\"11\":\"<p>Excepteur sint occaecat cupidatat non proident, sunt culpa qui officia deserunt mollit anim id est labo rum. Sed perspiciatis unde omnis an natus error sit voluptatem.<\\/p>\\r\\n<p>Excepteur sint occaecat cupidatat non proident, sunt culpa qui officia deserunt mollit anim id est labo rum. Sed perspiciatis unde omnis an natus error sit voluptatem.Excepteur sint occaecat cupidatat non proident, sunt culpa qui officia deserunt mollit anim id est labo rum. Sed perspiciatis unde omnis an natus error sit voluptatem.\\r\\n<\\/p>\",\"36\":\"Over ons\",\"12\":\"\",\"10\":[{\"col1\":\"Felis bibendum magnis arcu ac\"},{\"col1\":\"500 euro verdienen per dag\"},{\"col1\":\"Cubilia libero ridiculus \"},{\"col1\":\"nullam consequat laoreet mollis\"}],\"9\":\"Subtitel Lipsum\",\"8\":\"Lorem Ipsum\"}}', '2018-10-31 19:48:52', '2018-10-31 19:48:52', 'f30ec66c-61ec-4098-a624-6debbe3d9508'),
 ('58', '2', '1', '1', 'nl', '23', '', '{\"typeId\":null,\"authorId\":null,\"title\":\"Homepagina\",\"slug\":\"homepage\",\"postDate\":1539805789,\"expiryDate\":null,\"enabled\":1,\"parentId\":null,\"fields\":{\"7\":[\"16\"],\"11\":\"<p>Excepteur sint occaecat cupidatat non proident, sunt culpa qui officia deserunt mollit anim id est labo rum. Sed perspiciatis unde omnis an natus error sit voluptatem.<\\/p>\\r\\n<p>Excepteur sint occaecat cupidatat non proident, sunt culpa qui officia deserunt mollit anim id est labo rum. Sed perspiciatis unde omnis an natus error sit voluptatem.Excepteur sint occaecat cupidatat non proident, sunt culpa qui officia deserunt mollit anim id est labo rum. Sed perspiciatis unde omnis an natus error sit voluptatem.\\r\\n<\\/p>\",\"36\":\"Over ons\",\"10\":[{\"col1\":\"Felis bibendum magnis arcu ac\"},{\"col1\":\"500 euro verdienen per dag\"},{\"col1\":\"Cubilia libero ridiculus \"},{\"col1\":\"nullam consequat laoreet mollis\"}],\"9\":\"Subtitel Lipsum\",\"8\":\"Lorem Ipsum\"}}', '2018-10-31 19:51:27', '2018-10-31 19:51:27', '6dcf60da-28ef-4b6b-9ec4-9d01b8c872ad'),
 ('59', '2', '1', '1', 'nl', '24', '', '{\"typeId\":null,\"authorId\":null,\"title\":\"Homepagina\",\"slug\":\"homepage\",\"postDate\":1539805789,\"expiryDate\":null,\"enabled\":1,\"parentId\":null,\"fields\":{\"7\":[\"16\"],\"11\":\"<p>Excepteur sint occaecat cupidatat non proident, sunt culpa qui officia deserunt mollit anim id est labo rum. Sed perspiciatis unde omnis an natus error sit voluptatem.<\\/p>\\r\\n<p>Excepteur sint occaecat cupidatat non proident, sunt culpa qui officia deserunt mollit anim id est labo rum. Sed perspiciatis unde omnis an natus error sit voluptatem.Excepteur sint occaecat cupidatat non proident, sunt culpa qui officia deserunt mollit anim id est labo rum. Sed perspiciatis unde omnis an natus error sit voluptatem.\\r\\n<\\/p>\",\"36\":\"Over ons\",\"37\":[\"24\"],\"10\":[{\"col1\":\"Felis bibendum magnis arcu ac\"},{\"col1\":\"500 euro verdienen per dag\"},{\"col1\":\"Cubilia libero ridiculus \"},{\"col1\":\"nullam consequat laoreet mollis\"}],\"9\":\"Subtitel Lipsum\",\"8\":\"Lorem Ipsum\"}}', '2018-10-31 19:52:16', '2018-10-31 19:52:16', '18434e60-d2b6-4e55-bfae-dda019c129ab'),
 ('60', '2', '1', '1', 'nl', '25', '', '{\"typeId\":null,\"authorId\":null,\"title\":\"Homepagina\",\"slug\":\"homepage\",\"postDate\":1539805789,\"expiryDate\":null,\"enabled\":1,\"parentId\":null,\"fields\":{\"7\":[\"16\"],\"21\":\"\",\"38\":\"De leukste baan in nederland\",\"22\":\"Het werk is uitdagend en je ontwikkeld je communicatieve vaardigheden\",\"11\":\"<p>Excepteur sint occaecat cupidatat non proident, sunt culpa qui officia deserunt mollit anim id est labo rum. Sed perspiciatis unde omnis an natus error sit voluptatem.<\\/p>\\r\\n<p>Excepteur sint occaecat cupidatat non proident, sunt culpa qui officia deserunt mollit anim id est labo rum. Sed perspiciatis unde omnis an natus error sit voluptatem.Excepteur sint occaecat cupidatat non proident, sunt culpa qui officia deserunt mollit anim id est labo rum. Sed perspiciatis unde omnis an natus error sit voluptatem.\\r\\n<\\/p>\",\"36\":\"Over ons\",\"37\":[\"24\"],\"10\":[{\"col1\":\"Felis bibendum magnis arcu ac\"},{\"col1\":\"500 euro verdienen per dag\"},{\"col1\":\"Cubilia libero ridiculus \"},{\"col1\":\"nullam consequat laoreet mollis\"}],\"9\":\"Subtitel Lipsum\",\"8\":\"Lorem Ipsum\"}}', '2018-10-31 19:55:59', '2018-10-31 19:55:59', 'ad76ba95-12a3-4732-8945-8ddb516fcaa0'),
 ('61', '2', '1', '1', 'nl', '26', '', '{\"typeId\":null,\"authorId\":null,\"title\":\"Homepagina\",\"slug\":\"homepage\",\"postDate\":1539805789,\"expiryDate\":null,\"enabled\":1,\"parentId\":null,\"fields\":{\"7\":[\"16\"],\"21\":[\"25\"],\"38\":\"De leukste baan in nederland\",\"22\":\"Het werk is uitdagend en je ontwikkeld je communicatieve vaardigheden\",\"11\":\"<p>Excepteur sint occaecat cupidatat non proident, sunt culpa qui officia deserunt mollit anim id est labo rum. Sed perspiciatis unde omnis an natus error sit voluptatem.<\\/p>\\r\\n<p>Excepteur sint occaecat cupidatat non proident, sunt culpa qui officia deserunt mollit anim id est labo rum. Sed perspiciatis unde omnis an natus error sit voluptatem.Excepteur sint occaecat cupidatat non proident, sunt culpa qui officia deserunt mollit anim id est labo rum. Sed perspiciatis unde omnis an natus error sit voluptatem.\\r\\n<\\/p>\",\"36\":\"Over ons\",\"37\":[\"24\"],\"10\":[{\"col1\":\"Felis bibendum magnis arcu ac\"},{\"col1\":\"500 euro verdienen per dag\"},{\"col1\":\"Cubilia libero ridiculus \"},{\"col1\":\"nullam consequat laoreet mollis\"}],\"9\":\"Subtitel Lipsum\",\"8\":\"Lorem Ipsum\"}}', '2018-10-31 19:56:51', '2018-10-31 19:56:51', '489928f3-ad96-4c62-ac3e-3913b4a64577'),
 ('62', '2', '1', '1', 'nl', '27', '', '{\"typeId\":null,\"authorId\":null,\"title\":\"Homepagina\",\"slug\":\"homepage\",\"postDate\":1539805789,\"expiryDate\":null,\"enabled\":1,\"parentId\":null,\"fields\":{\"7\":[\"16\"],\"21\":[\"25\"],\"38\":\"De leukste baan in nederland\",\"22\":\"Het werk is uitdagend en je ontwikkeld je communicatieve vaardigheden\",\"11\":\"<p>Excepteur sint occaecat cupidatat non proident, sunt culpa qui officia deserunt mollit anim id est labo rum. Sed perspiciatis unde omnis an natus error sit voluptatem.<\\/p>\\r\\n<p>Excepteur sint occaecat cupidatat non proident, sunt culpa qui officia deserunt mollit anim id est labo rum. Sed perspiciatis unde omnis an natus error sit voluptatem.Excepteur sint occaecat cupidatat non proident, sunt culpa qui officia deserunt mollit anim id est labo rum. Sed perspiciatis unde omnis an natus error sit voluptatem.\\r\\n<\\/p>\",\"36\":\"Over ons\",\"41\":[\"29\",\"30\",\"27\",\"28\",\"26\"],\"40\":\"Samen staan we sterk\",\"39\":\"Onze partners\",\"37\":[\"24\"],\"10\":[{\"col1\":\"Felis bibendum magnis arcu ac\"},{\"col1\":\"500 euro verdienen per dag\"},{\"col1\":\"Cubilia libero ridiculus \"},{\"col1\":\"nullam consequat laoreet mollis\"}],\"9\":\"Subtitel Lipsum\",\"8\":\"Lorem Ipsum\"}}', '2018-10-31 20:03:17', '2018-10-31 20:03:17', '0f77e0d4-aec2-4e48-9587-e3b55295df34'),
 ('63', '2', '1', '1', 'nl', '28', '', '{\"typeId\":null,\"authorId\":null,\"title\":\"Homepagina\",\"slug\":\"homepage\",\"postDate\":1539805789,\"expiryDate\":null,\"enabled\":1,\"parentId\":null,\"fields\":{\"7\":[\"16\"],\"21\":[\"25\"],\"38\":\"De leukste baan in nederland\",\"22\":\"Het werk is uitdagend en je ontwikkeld je communicatieve vaardigheden\",\"11\":\"<p>Excepteur sint occaecat cupidatat non proident, sunt culpa qui officia deserunt mollit anim id est labo rum. Sed perspiciatis unde omnis an natus error sit voluptatem.<\\/p>\\r\\n<p>Excepteur sint occaecat cupidatat non proident, sunt culpa qui officia deserunt mollit anim id est labo rum. Sed perspiciatis unde omnis an natus error sit voluptatem.Excepteur sint occaecat cupidatat non proident, sunt culpa qui officia deserunt mollit anim id est labo rum. Sed perspiciatis unde omnis an natus error sit voluptatem.\\r\\n<\\/p>\",\"36\":\"Over ons\",\"41\":[\"29\",\"30\",\"27\",\"28\",\"26\"],\"40\":\"Samen staan we sterk\",\"39\":\"Onze partners\",\"37\":[\"24\"],\"10\":[{\"col1\":\"Felis bibendum magnis arcu ac\"},{\"col1\":\"500 euro verdienen per dag\"},{\"col1\":\"Cubilia libero ridiculus \"},{\"col1\":\"nullam consequat laoreet mollis\"}],\"9\":\"Subtitel Lipsum\",\"8\":\"Lorem Ipsum\",\"42\":{\"seoMainEntityCategory\":\"CreativeWork\",\"seoMainEntityOfPage\":\"WebPage\",\"seoTitleSource\":\"custom\",\"seoTitleSourceField\":\"title\",\"seoTitleUnparsed\":\"Homepagina\",\"seoDescriptionSource\":\"custom\",\"seoDescriptionSourceField\":\"title\",\"seoDescriptionUnparsed\":\"\",\"seoKeywordsSource\":\"custom\",\"seoKeywordsSourceField\":\"title\",\"seoKeywordsUnparsed\":\"\",\"seoImageIdSource\":\"custom\",\"seoImageIdSourceField\":\"heroImg\",\"seoImageId\":\"\",\"seoImageTransform\":\"\",\"canonicalUrlOverride\":\"\",\"twitterCardType\":\"\",\"seoTwitterImageIdSource\":\"custom\",\"seoTwitterImageIdSourceField\":\"heroImg\",\"seoTwitterImageId\":\"\",\"seoTwitterImageTransform\":\"\",\"openGraphType\":\"\",\"seoFacebookImageIdSource\":\"custom\",\"seoFacebookImageIdSourceField\":\"heroImg\",\"seoFacebookImageId\":\"\",\"seoFacebookImageTransform\":\"\",\"robots\":\"\"}}}', '2018-10-31 20:26:40', '2018-10-31 20:26:40', '9e245adb-cb06-4fc5-9c56-b1a10751bbbd'),
 ('83', '2', '1', '1', 'nl', '29', '', '{\"typeId\":null,\"authorId\":null,\"title\":\"Homepagina\",\"slug\":\"homepage\",\"postDate\":1539805789,\"expiryDate\":null,\"enabled\":1,\"parentId\":null,\"fields\":{\"7\":[\"16\"],\"21\":[\"25\"],\"38\":\"De leukste baan in nederland\",\"22\":\"Het werk is uitdagend en je ontwikkeld je communicatieve vaardigheden\",\"11\":\"<p>Excepteur sint occaecat cupidatat non proident, sunt culpa qui officia deserunt mollit anim id est labo rum. Sed perspiciatis unde omnis an natus error sit voluptatem.<\\/p>\\r\\n<p>Excepteur sint occaecat cupidatat non proident, sunt culpa qui officia deserunt mollit anim id est labo rum. Sed perspiciatis unde omnis an natus error sit voluptatem.Excepteur sint occaecat cupidatat non proident, sunt culpa qui officia deserunt mollit anim id est labo rum. Sed perspiciatis unde omnis an natus error sit voluptatem.\\r\\n<\\/p>\",\"36\":\"Over ons \\ud83d\\udc4b\",\"41\":[\"29\",\"30\",\"27\",\"28\",\"26\"],\"40\":\"Samen staan we sterk\",\"39\":\"Onze partners\",\"37\":[\"24\"],\"10\":[{\"col1\":\"Felis bibendum magnis arcu ac\"},{\"col1\":\"500 euro verdienen per dag\"},{\"col1\":\"Cubilia libero ridiculus \"},{\"col1\":\"nullam consequat laoreet mollis\"}],\"9\":\"Subtitel Lipsum\",\"8\":\"Lorem Ipsum\",\"42\":{\"seoMainEntityCategory\":\"CreativeWork\",\"seoMainEntityOfPage\":\"WebPage\",\"seoTitleSource\":\"custom\",\"seoTitleSourceField\":\"title\",\"seoTitleUnparsed\":\"Homepagina\",\"seoDescriptionSource\":\"custom\",\"seoDescriptionSourceField\":\"title\",\"seoDescriptionUnparsed\":\"\",\"seoKeywordsSource\":\"custom\",\"seoKeywordsSourceField\":\"title\",\"seoKeywordsUnparsed\":\"\",\"seoImageIdSource\":\"custom\",\"seoImageIdSourceField\":\"heroImg\",\"seoImageId\":\"\",\"seoImageTransform\":\"\",\"canonicalUrlOverride\":\"\",\"twitterCardType\":\"\",\"seoTwitterImageIdSource\":\"custom\",\"seoTwitterImageIdSourceField\":\"heroImg\",\"seoTwitterImageId\":\"\",\"seoTwitterImageTransform\":\"\",\"openGraphType\":\"\",\"seoFacebookImageIdSource\":\"custom\",\"seoFacebookImageIdSourceField\":\"heroImg\",\"seoFacebookImageId\":\"\",\"seoFacebookImageTransform\":\"\",\"robots\":\"\"}}}', '2018-11-01 18:51:31', '2018-11-01 18:51:31', '2ea2286f-30d3-43ea-8bfc-a4cc8620335b'),
 ('110', '2', '1', '1', 'nl', '30', '', '{\"typeId\":null,\"authorId\":null,\"title\":\"Homepagina\",\"slug\":\"homepage\",\"postDate\":1539805789,\"expiryDate\":null,\"enabled\":1,\"parentId\":null,\"fields\":{\"7\":[\"16\"],\"21\":[\"25\"],\"38\":\"De leukste baan in nederland\",\"22\":\"Het werk is uitdagend en je ontwikkeld je communicatieve vaardigheden\",\"11\":\"<p>Excepteur sint occaecat cupidatat non proident, sunt culpa qui officia deserunt mollit anim id est labo rum. Sed perspiciatis unde omnis an natus error sit voluptatem.<\\/p>\\r\\n<p>Excepteur sint <strong>occaecat cupidatat<\\/strong> non proident, sunt culpa qui officia deserunt mollit anim id est labo rum. Sed perspiciatis unde omnis an natus error sit voluptatem.Excepteur sint occaecat cupidatat non proident, sunt culpa qui officia deserunt mollit anim id est labo rum. Sed perspiciatis unde omnis an natus error sit voluptatem.\\r\\n<\\/p>\",\"36\":\"Over ons \\ud83d\\udc4b\",\"41\":[\"29\",\"30\",\"27\",\"28\",\"26\"],\"40\":\"Samen staan we sterk\",\"39\":\"Onze partners\",\"37\":[\"24\"],\"10\":[{\"col1\":\"Felis bibendum magnis arcu ac\"},{\"col1\":\"500 euro verdienen per dag\"},{\"col1\":\"Cubilia libero ridiculus \"},{\"col1\":\"nullam consequat laoreet mollis\"}],\"9\":\"Sales & Marketing\",\"8\":\"Welkom bij Sem Starz\",\"42\":{\"seoMainEntityCategory\":\"CreativeWork\",\"seoMainEntityOfPage\":\"WebPage\",\"seoTitleSource\":\"custom\",\"seoTitleSourceField\":\"title\",\"seoTitleUnparsed\":\"Homepagina\",\"seoDescriptionSource\":\"custom\",\"seoDescriptionSourceField\":\"title\",\"seoDescriptionUnparsed\":\"\",\"seoKeywordsSource\":\"custom\",\"seoKeywordsSourceField\":\"title\",\"seoKeywordsUnparsed\":\"\",\"seoImageIdSource\":\"custom\",\"seoImageIdSourceField\":\"heroImg\",\"seoImageId\":\"\",\"seoImageTransform\":\"\",\"canonicalUrlOverride\":\"\",\"twitterCardType\":\"\",\"seoTwitterImageIdSource\":\"custom\",\"seoTwitterImageIdSourceField\":\"heroImg\",\"seoTwitterImageId\":\"\",\"seoTwitterImageTransform\":\"\",\"openGraphType\":\"\",\"seoFacebookImageIdSource\":\"custom\",\"seoFacebookImageIdSourceField\":\"heroImg\",\"seoFacebookImageId\":\"\",\"seoFacebookImageTransform\":\"\",\"robots\":\"\"}}}', '2018-11-02 19:58:26', '2018-11-02 19:58:26', '9ee48669-c5f1-4123-868f-89d22e9d5cd8'),
 ('111', '2', '1', '1', 'nl', '31', '', '{\"typeId\":null,\"authorId\":null,\"title\":\"Homepagina\",\"slug\":\"homepage\",\"postDate\":1539805789,\"expiryDate\":null,\"enabled\":1,\"parentId\":null,\"fields\":{\"7\":[\"16\"],\"21\":[\"25\"],\"38\":\"De leukste baan in nederland\",\"22\":\"Het werk is uitdagend en je ontwikkeld je communicatieve vaardigheden\",\"11\":\"<p>Excepteur sint occaecat cupidatat non proident, sunt culpa qui officia deserunt mollit anim id est labo rum. Sed perspiciatis unde omnis an natus error sit voluptatem.<\\/p>\\r\\n<p>Excepteur sint <strong>occaecat cupidatat<\\/strong> non proident, sunt culpa qui officia deserunt mollit anim id est labo rum. Sed perspiciatis unde omnis an natus error sit voluptatem.Excepteur sint occaecat cupidatat non proident, sunt culpa qui officia deserunt mollit anim id est labo rum. Sed perspiciatis unde omnis an natus error sit voluptatem.\\r\\n<\\/p>\",\"36\":\"Over ons \\ud83d\\udc4b\",\"41\":[\"29\",\"30\",\"27\",\"28\",\"26\"],\"40\":\"Samen staan we sterk\",\"39\":\"Onze partners\",\"37\":[\"24\"],\"10\":[{\"col1\":\"Felis bibendum magnis arcu ac\"},{\"col1\":\"500 euro verdienen per dag\"},{\"col1\":\"Cubilia libero ridiculus \"},{\"col1\":\"nullam consequat laoreet mollis\"}],\"9\":\"Lipsum subtitel\",\"8\":\"Lorem Ipsum\",\"42\":{\"seoMainEntityCategory\":\"CreativeWork\",\"seoMainEntityOfPage\":\"WebPage\",\"seoTitleSource\":\"custom\",\"seoTitleSourceField\":\"title\",\"seoTitleUnparsed\":\"Homepagina\",\"seoDescriptionSource\":\"custom\",\"seoDescriptionSourceField\":\"title\",\"seoDescriptionUnparsed\":\"\",\"seoKeywordsSource\":\"custom\",\"seoKeywordsSourceField\":\"title\",\"seoKeywordsUnparsed\":\"\",\"seoImageIdSource\":\"custom\",\"seoImageIdSourceField\":\"heroImg\",\"seoImageId\":\"\",\"seoImageTransform\":\"\",\"canonicalUrlOverride\":\"\",\"twitterCardType\":\"\",\"seoTwitterImageIdSource\":\"custom\",\"seoTwitterImageIdSourceField\":\"heroImg\",\"seoTwitterImageId\":\"\",\"seoTwitterImageTransform\":\"\",\"openGraphType\":\"\",\"seoFacebookImageIdSource\":\"custom\",\"seoFacebookImageIdSourceField\":\"heroImg\",\"seoFacebookImageId\":\"\",\"seoFacebookImageTransform\":\"\",\"robots\":\"\"}}}', '2018-11-02 19:59:07', '2018-11-02 19:59:07', '7a66ffdb-d56e-4717-b738-83cc73e6c9da'),
 ('118', '2', '1', '1', 'nl', '32', '', '{\"typeId\":null,\"authorId\":null,\"title\":\"Homepagina\",\"slug\":\"homepage\",\"postDate\":1539805789,\"expiryDate\":null,\"enabled\":1,\"parentId\":null,\"fields\":{\"7\":[\"16\"],\"21\":[\"25\"],\"38\":\"De leukste baan in nederland\",\"22\":\"Het werk is uitdagend en je ontwikkeld je communicatieve vaardigheden\",\"58\":{\"new1\":{\"type\":\"4\",\"fields\":{\"aantal\":\"230\",\"text\":\"klanten geholpen\"}},\"new2\":{\"type\":\"4\",\"fields\":{\"aantal\":\"56\",\"text\":\"blije werknemers\"}},\"new3\":{\"type\":\"4\",\"fields\":{\"aantal\":\"1129\",\"text\":\"Espresso\'s gedronken\"}},\"new4\":{\"type\":\"4\",\"fields\":{\"aantal\":\"123\",\"text\":\"Nog iets\"}}},\"11\":\"<p>Excepteur sint occaecat cupidatat non proident, sunt culpa qui officia deserunt mollit anim id est labo rum. Sed perspiciatis unde omnis an natus error sit voluptatem.<\\/p>\\r\\n<p>Excepteur sint <strong>occaecat cupidatat<\\/strong> non proident, sunt culpa qui officia deserunt mollit anim id est labo rum. Sed perspiciatis unde omnis an natus error sit voluptatem.Excepteur sint occaecat cupidatat non proident, sunt culpa qui officia deserunt mollit anim id est labo rum. Sed perspiciatis unde omnis an natus error sit voluptatem.\\r\\n<\\/p>\",\"36\":\"Over ons \\ud83d\\udc4b\",\"41\":[\"29\",\"30\",\"27\",\"28\",\"26\"],\"40\":\"Samen staan we sterk\",\"39\":\"Onze partners\",\"37\":[\"24\"],\"10\":[{\"col1\":\"Felis bibendum magnis arcu ac\"},{\"col1\":\"500 euro verdienen per dag\"},{\"col1\":\"Cubilia libero ridiculus \"},{\"col1\":\"nullam consequat laoreet mollis\"}],\"9\":\"Lipsum subtitel\",\"8\":\"Lorem Ipsum\",\"42\":{\"seoMainEntityCategory\":\"CreativeWork\",\"seoMainEntityOfPage\":\"WebPage\",\"seoTitleSource\":\"custom\",\"seoTitleSourceField\":\"title\",\"seoTitleUnparsed\":\"Homepagina\",\"seoDescriptionSource\":\"custom\",\"seoDescriptionSourceField\":\"title\",\"seoDescriptionUnparsed\":\"\",\"seoKeywordsSource\":\"custom\",\"seoKeywordsSourceField\":\"title\",\"seoKeywordsUnparsed\":\"\",\"seoImageIdSource\":\"custom\",\"seoImageIdSourceField\":\"heroImg\",\"seoImageId\":\"\",\"seoImageTransform\":\"\",\"canonicalUrlOverride\":\"\",\"twitterCardType\":\"\",\"seoTwitterImageIdSource\":\"custom\",\"seoTwitterImageIdSourceField\":\"heroImg\",\"seoTwitterImageId\":\"\",\"seoTwitterImageTransform\":\"\",\"openGraphType\":\"\",\"seoFacebookImageIdSource\":\"custom\",\"seoFacebookImageIdSourceField\":\"heroImg\",\"seoFacebookImageId\":\"\",\"seoFacebookImageTransform\":\"\",\"robots\":\"\"}}}', '2018-11-03 15:02:16', '2018-11-03 15:02:16', 'd923e550-7f51-423d-8a5d-5b9d982e0fc5'),
 ('119', '2', '1', '1', 'nl', '33', '', '{\"typeId\":null,\"authorId\":null,\"title\":\"Homepagina\",\"slug\":\"homepage\",\"postDate\":1539805789,\"expiryDate\":null,\"enabled\":1,\"parentId\":null,\"fields\":{\"7\":[\"16\"],\"21\":[\"25\"],\"38\":\"De leukste baan in nederland\",\"22\":\"Het werk is uitdagend en je ontwikkeld je communicatieve vaardigheden\",\"58\":{\"63\":{\"type\":\"4\",\"fields\":{\"aantal\":\"230\",\"text\":\"klanten geholpen\",\"faCode\":\"users\"}},\"64\":{\"type\":\"4\",\"fields\":{\"aantal\":\"56\",\"text\":\"blije werknemers\",\"faCode\":\"smile-wink\"}},\"65\":{\"type\":\"4\",\"fields\":{\"aantal\":\"1129\",\"text\":\"Espresso\'s gedronken\",\"faCode\":\"coffee\"}},\"66\":{\"type\":\"4\",\"fields\":{\"aantal\":\"123\",\"text\":\"Nog iets\",\"faCode\":\"check\"}}},\"11\":\"<p>Excepteur sint occaecat cupidatat non proident, sunt culpa qui officia deserunt mollit anim id est labo rum. Sed perspiciatis unde omnis an natus error sit voluptatem.<\\/p>\\r\\n<p>Excepteur sint <strong>occaecat cupidatat<\\/strong> non proident, sunt culpa qui officia deserunt mollit anim id est labo rum. Sed perspiciatis unde omnis an natus error sit voluptatem.Excepteur sint occaecat cupidatat non proident, sunt culpa qui officia deserunt mollit anim id est labo rum. Sed perspiciatis unde omnis an natus error sit voluptatem.\\r\\n<\\/p>\",\"36\":\"Over ons \\ud83d\\udc4b\",\"41\":[\"29\",\"30\",\"27\",\"28\",\"26\"],\"40\":\"Samen staan we sterk\",\"39\":\"Onze partners\",\"37\":[\"24\"],\"10\":[{\"col1\":\"Felis bibendum magnis arcu ac\"},{\"col1\":\"500 euro verdienen per dag\"},{\"col1\":\"Cubilia libero ridiculus \"},{\"col1\":\"nullam consequat laoreet mollis\"}],\"9\":\"Lipsum subtitel\",\"8\":\"Lorem Ipsum\",\"42\":{\"seoMainEntityCategory\":\"CreativeWork\",\"seoMainEntityOfPage\":\"WebPage\",\"seoTitleSource\":\"custom\",\"seoTitleSourceField\":\"title\",\"seoTitleUnparsed\":\"Homepagina\",\"seoDescriptionSource\":\"custom\",\"seoDescriptionSourceField\":\"title\",\"seoDescriptionUnparsed\":\"\",\"seoKeywordsSource\":\"custom\",\"seoKeywordsSourceField\":\"title\",\"seoKeywordsUnparsed\":\"\",\"seoImageIdSource\":\"custom\",\"seoImageIdSourceField\":\"heroImg\",\"seoImageId\":\"\",\"seoImageTransform\":\"\",\"canonicalUrlOverride\":\"\",\"twitterCardType\":\"\",\"seoTwitterImageIdSource\":\"custom\",\"seoTwitterImageIdSourceField\":\"heroImg\",\"seoTwitterImageId\":\"\",\"seoTwitterImageTransform\":\"\",\"openGraphType\":\"\",\"seoFacebookImageIdSource\":\"custom\",\"seoFacebookImageIdSourceField\":\"heroImg\",\"seoFacebookImageId\":\"\",\"seoFacebookImageTransform\":\"\",\"robots\":\"\"}}}', '2018-11-03 15:07:12', '2018-11-03 15:07:12', 'd095f38f-f729-43dd-bbc0-59ccd4dfcc6b'),
 ('120', '2', '1', '1', 'nl', '34', '', '{\"typeId\":null,\"authorId\":null,\"title\":\"Homepagina\",\"slug\":\"homepage\",\"postDate\":1539805789,\"expiryDate\":null,\"enabled\":1,\"parentId\":null,\"fields\":{\"7\":[\"16\"],\"21\":[\"25\"],\"38\":\"De leukste baan in nederland\",\"22\":\"Het werk is uitdagend en je ontwikkeld je communicatieve vaardigheden\",\"58\":{\"63\":{\"type\":\"4\",\"fields\":{\"aantal\":\"230\",\"text\":\"klanten geholpen\",\"faCode\":\"users\"}},\"64\":{\"type\":\"4\",\"fields\":{\"aantal\":\"56\",\"text\":\"blije werknemers\",\"faCode\":\"smile\"}},\"65\":{\"type\":\"4\",\"fields\":{\"aantal\":\"1129\",\"text\":\"Espresso\'s gedronken\",\"faCode\":\"coffee\"}},\"66\":{\"type\":\"4\",\"fields\":{\"aantal\":\"123\",\"text\":\"Nog iets\",\"faCode\":\"check\"}}},\"11\":\"<p>Excepteur sint occaecat cupidatat non proident, sunt culpa qui officia deserunt mollit anim id est labo rum. Sed perspiciatis unde omnis an natus error sit voluptatem.<\\/p>\\r\\n<p>Excepteur sint <strong>occaecat cupidatat<\\/strong> non proident, sunt culpa qui officia deserunt mollit anim id est labo rum. Sed perspiciatis unde omnis an natus error sit voluptatem.Excepteur sint occaecat cupidatat non proident, sunt culpa qui officia deserunt mollit anim id est labo rum. Sed perspiciatis unde omnis an natus error sit voluptatem.\\r\\n<\\/p>\",\"36\":\"Over ons \\ud83d\\udc4b\",\"41\":[\"29\",\"30\",\"27\",\"28\",\"26\"],\"40\":\"Samen staan we sterk\",\"39\":\"Onze partners\",\"37\":[\"24\"],\"10\":[{\"col1\":\"Felis bibendum magnis arcu ac\"},{\"col1\":\"500 euro verdienen per dag\"},{\"col1\":\"Cubilia libero ridiculus \"},{\"col1\":\"nullam consequat laoreet mollis\"}],\"9\":\"Lipsum subtitel\",\"8\":\"Lorem Ipsum\",\"42\":{\"seoMainEntityCategory\":\"CreativeWork\",\"seoMainEntityOfPage\":\"WebPage\",\"seoTitleSource\":\"custom\",\"seoTitleSourceField\":\"title\",\"seoTitleUnparsed\":\"Homepagina\",\"seoDescriptionSource\":\"custom\",\"seoDescriptionSourceField\":\"title\",\"seoDescriptionUnparsed\":\"\",\"seoKeywordsSource\":\"custom\",\"seoKeywordsSourceField\":\"title\",\"seoKeywordsUnparsed\":\"\",\"seoImageIdSource\":\"custom\",\"seoImageIdSourceField\":\"heroImg\",\"seoImageId\":\"\",\"seoImageTransform\":\"\",\"canonicalUrlOverride\":\"\",\"twitterCardType\":\"\",\"seoTwitterImageIdSource\":\"custom\",\"seoTwitterImageIdSourceField\":\"heroImg\",\"seoTwitterImageId\":\"\",\"seoTwitterImageTransform\":\"\",\"openGraphType\":\"\",\"seoFacebookImageIdSource\":\"custom\",\"seoFacebookImageIdSourceField\":\"heroImg\",\"seoFacebookImageId\":\"\",\"seoFacebookImageTransform\":\"\",\"robots\":\"\"}}}', '2018-11-03 15:08:01', '2018-11-03 15:08:01', '43577dff-36fe-4b67-8f12-25567008b26a'),
 ('121', '2', '1', '1', 'nl', '35', '', '{\"typeId\":null,\"authorId\":null,\"title\":\"Homepagina\",\"slug\":\"homepage\",\"postDate\":1539805789,\"expiryDate\":null,\"enabled\":1,\"parentId\":null,\"fields\":{\"7\":[\"16\"],\"21\":[\"25\"],\"38\":\"De leukste baan in nederland\",\"22\":\"Het werk is uitdagend en je ontwikkeld je communicatieve vaardigheden\",\"58\":{\"63\":{\"type\":\"4\",\"fields\":{\"aantal\":\"230\",\"text\":\"klanten geholpen\",\"faCode\":\"users\"}},\"64\":{\"type\":\"4\",\"fields\":{\"aantal\":\"56\",\"text\":\"blije werknemers\",\"faCode\":\"smile\"}},\"65\":{\"type\":\"4\",\"fields\":{\"aantal\":\"1129\",\"text\":\"Espresso\'s gedronken\",\"faCode\":\"coffee\"}},\"66\":{\"type\":\"4\",\"fields\":{\"aantal\":\"123\",\"text\":\"Nog iets\",\"faCode\":\"check\"}}},\"11\":\"<p>Excepteur sint occaecat cupidatat non proident, sunt culpa qui officia deserunt mollit anim id est labo rum. Sed perspiciatis unde omnis an natus error sit voluptatem.<\\/p>\\r\\n<p>Excepteur sint <strong>occaecat cupidatat<\\/strong> non proident, sunt culpa qui officia deserunt mollit anim id est labo rum. Sed perspiciatis unde omnis an natus error sit voluptatem.Excepteur sint occaecat cupidatat non proident, sunt culpa qui officia deserunt mollit anim id est labo rum. Sed perspiciatis unde omnis an natus error sit voluptatem.\\r\\n<\\/p>\",\"36\":\"Over ons \\ud83d\\udc4b\",\"41\":[\"29\",\"30\",\"27\",\"28\",\"26\"],\"40\":\"Samen staan we sterk\",\"39\":\"Onze partners\",\"37\":[\"24\"],\"10\":[{\"col1\":\"Felis bibendum magnis arcu ac\"},{\"col1\":\"500 euro verdienen per dag\"},{\"col1\":\"Cubilia libero ridiculus \"},{\"col1\":\"nullam consequat laoreet mollis\"}],\"9\":\"Lipsum subtitel\",\"8\":\"Lorem Ipsum\",\"42\":{\"seoMainEntityCategory\":\"CreativeWork\",\"seoMainEntityOfPage\":\"WebPage\",\"seoTitleSource\":\"custom\",\"seoTitleSourceField\":\"title\",\"seoTitleUnparsed\":\"Homepagina\",\"seoDescriptionSource\":\"custom\",\"seoDescriptionSourceField\":\"title\",\"seoDescriptionUnparsed\":\"\",\"seoKeywordsSource\":\"custom\",\"seoKeywordsSourceField\":\"title\",\"seoKeywordsUnparsed\":\"\",\"seoImageIdSource\":\"custom\",\"seoImageIdSourceField\":\"heroImg\",\"seoImageId\":\"\",\"seoImageTransform\":\"\",\"canonicalUrlOverride\":\"\",\"twitterCardType\":\"\",\"seoTwitterImageIdSource\":\"custom\",\"seoTwitterImageIdSourceField\":\"heroImg\",\"seoTwitterImageId\":\"\",\"seoTwitterImageTransform\":\"\",\"openGraphType\":\"\",\"seoFacebookImageIdSource\":\"custom\",\"seoFacebookImageIdSourceField\":\"heroImg\",\"seoFacebookImageId\":\"\",\"seoFacebookImageTransform\":\"\",\"robots\":\"\"}}}', '2018-11-03 15:08:02', '2018-11-03 15:08:02', '5779c1c6-13c0-4e83-a355-3cb0e8d5f829'),
 ('122', '2', '1', '1', 'nl', '36', '', '{\"typeId\":null,\"authorId\":null,\"title\":\"Homepagina\",\"slug\":\"homepage\",\"postDate\":1539805789,\"expiryDate\":null,\"enabled\":1,\"parentId\":null,\"fields\":{\"7\":[\"16\"],\"21\":[\"25\"],\"38\":\"De leukste baan in nederland\",\"22\":\"Het werk is uitdagend en je ontwikkeld je communicatieve vaardigheden\",\"58\":{\"63\":{\"type\":\"4\",\"fields\":{\"aantal\":\"230\",\"text\":\"klanten geholpen\",\"faCode\":\"users\"}},\"64\":{\"type\":\"4\",\"fields\":{\"aantal\":\"56\",\"text\":\"blije werknemers\",\"faCode\":\"grin\"}},\"65\":{\"type\":\"4\",\"fields\":{\"aantal\":\"1129\",\"text\":\"Espresso\'s gedronken\",\"faCode\":\"coffee\"}},\"66\":{\"type\":\"4\",\"fields\":{\"aantal\":\"123\",\"text\":\"Nog iets\",\"faCode\":\"check\"}}},\"11\":\"<p>Excepteur sint occaecat cupidatat non proident, sunt culpa qui officia deserunt mollit anim id est labo rum. Sed perspiciatis unde omnis an natus error sit voluptatem.<\\/p>\\r\\n<p>Excepteur sint <strong>occaecat cupidatat<\\/strong> non proident, sunt culpa qui officia deserunt mollit anim id est labo rum. Sed perspiciatis unde omnis an natus error sit voluptatem.Excepteur sint occaecat cupidatat non proident, sunt culpa qui officia deserunt mollit anim id est labo rum. Sed perspiciatis unde omnis an natus error sit voluptatem.\\r\\n<\\/p>\",\"36\":\"Over ons \\ud83d\\udc4b\",\"41\":[\"29\",\"30\",\"27\",\"28\",\"26\"],\"40\":\"Samen staan we sterk\",\"39\":\"Onze partners\",\"37\":[\"24\"],\"10\":[{\"col1\":\"Felis bibendum magnis arcu ac\"},{\"col1\":\"500 euro verdienen per dag\"},{\"col1\":\"Cubilia libero ridiculus \"},{\"col1\":\"nullam consequat laoreet mollis\"}],\"9\":\"Lipsum subtitel\",\"8\":\"Lorem Ipsum\",\"42\":{\"seoMainEntityCategory\":\"CreativeWork\",\"seoMainEntityOfPage\":\"WebPage\",\"seoTitleSource\":\"custom\",\"seoTitleSourceField\":\"title\",\"seoTitleUnparsed\":\"Homepagina\",\"seoDescriptionSource\":\"custom\",\"seoDescriptionSourceField\":\"title\",\"seoDescriptionUnparsed\":\"\",\"seoKeywordsSource\":\"custom\",\"seoKeywordsSourceField\":\"title\",\"seoKeywordsUnparsed\":\"\",\"seoImageIdSource\":\"custom\",\"seoImageIdSourceField\":\"heroImg\",\"seoImageId\":\"\",\"seoImageTransform\":\"\",\"canonicalUrlOverride\":\"\",\"twitterCardType\":\"\",\"seoTwitterImageIdSource\":\"custom\",\"seoTwitterImageIdSourceField\":\"heroImg\",\"seoTwitterImageId\":\"\",\"seoTwitterImageTransform\":\"\",\"openGraphType\":\"\",\"seoFacebookImageIdSource\":\"custom\",\"seoFacebookImageIdSourceField\":\"heroImg\",\"seoFacebookImageId\":\"\",\"seoFacebookImageTransform\":\"\",\"robots\":\"\"}}}', '2018-11-03 15:08:26', '2018-11-03 15:08:26', '2270c674-48b1-449b-91db-1855b7159462'),
 ('123', '2', '1', '1', 'nl', '37', '', '{\"typeId\":null,\"authorId\":null,\"title\":\"Homepagina\",\"slug\":\"homepage\",\"postDate\":1539805789,\"expiryDate\":null,\"enabled\":1,\"parentId\":null,\"fields\":{\"7\":[\"16\"],\"21\":[\"25\"],\"38\":\"De leukste baan in nederland\",\"22\":\"Het werk is uitdagend en je ontwikkeld je communicatieve vaardigheden\",\"58\":{\"63\":{\"type\":\"4\",\"fields\":{\"aantal\":\"230\",\"text\":\"klanten geholpen\",\"faCode\":\"users\"}},\"64\":{\"type\":\"4\",\"fields\":{\"aantal\":\"56\",\"text\":\"blije werknemers\",\"faCode\":\"smile-o\"}},\"65\":{\"type\":\"4\",\"fields\":{\"aantal\":\"1129\",\"text\":\"Espresso\'s gedronken\",\"faCode\":\"coffee\"}},\"66\":{\"type\":\"4\",\"fields\":{\"aantal\":\"123\",\"text\":\"Nog iets\",\"faCode\":\"check\"}}},\"11\":\"<p>Excepteur sint occaecat cupidatat non proident, sunt culpa qui officia deserunt mollit anim id est labo rum. Sed perspiciatis unde omnis an natus error sit voluptatem.<\\/p>\\r\\n<p>Excepteur sint <strong>occaecat cupidatat<\\/strong> non proident, sunt culpa qui officia deserunt mollit anim id est labo rum. Sed perspiciatis unde omnis an natus error sit voluptatem.Excepteur sint occaecat cupidatat non proident, sunt culpa qui officia deserunt mollit anim id est labo rum. Sed perspiciatis unde omnis an natus error sit voluptatem.\\r\\n<\\/p>\",\"36\":\"Over ons \\ud83d\\udc4b\",\"41\":[\"29\",\"30\",\"27\",\"28\",\"26\"],\"40\":\"Samen staan we sterk\",\"39\":\"Onze partners\",\"37\":[\"24\"],\"10\":[{\"col1\":\"Felis bibendum magnis arcu ac\"},{\"col1\":\"500 euro verdienen per dag\"},{\"col1\":\"Cubilia libero ridiculus \"},{\"col1\":\"nullam consequat laoreet mollis\"}],\"9\":\"Lipsum subtitel\",\"8\":\"Lorem Ipsum\",\"42\":{\"seoMainEntityCategory\":\"CreativeWork\",\"seoMainEntityOfPage\":\"WebPage\",\"seoTitleSource\":\"custom\",\"seoTitleSourceField\":\"title\",\"seoTitleUnparsed\":\"Homepagina\",\"seoDescriptionSource\":\"custom\",\"seoDescriptionSourceField\":\"title\",\"seoDescriptionUnparsed\":\"\",\"seoKeywordsSource\":\"custom\",\"seoKeywordsSourceField\":\"title\",\"seoKeywordsUnparsed\":\"\",\"seoImageIdSource\":\"custom\",\"seoImageIdSourceField\":\"heroImg\",\"seoImageId\":\"\",\"seoImageTransform\":\"\",\"canonicalUrlOverride\":\"\",\"twitterCardType\":\"\",\"seoTwitterImageIdSource\":\"custom\",\"seoTwitterImageIdSourceField\":\"heroImg\",\"seoTwitterImageId\":\"\",\"seoTwitterImageTransform\":\"\",\"openGraphType\":\"\",\"seoFacebookImageIdSource\":\"custom\",\"seoFacebookImageIdSourceField\":\"heroImg\",\"seoFacebookImageId\":\"\",\"seoFacebookImageTransform\":\"\",\"robots\":\"\"}}}', '2018-11-03 15:09:21', '2018-11-03 15:09:21', '615bf0ad-8f19-45f6-b2d2-452851a00aab'),
 ('156', '2', '1', '1', 'nl', '38', '', '{\"typeId\":null,\"authorId\":null,\"title\":\"Homepagina\",\"slug\":\"homepage\",\"postDate\":1539805789,\"expiryDate\":null,\"enabled\":1,\"parentId\":null,\"fields\":{\"7\":[\"16\"],\"21\":[\"25\"],\"38\":\"De leukste baan in nederland\",\"22\":\"Het werk is uitdagend en je ontwikkeld je communicatieve vaardigheden\",\"58\":{\"63\":{\"type\":\"4\",\"fields\":{\"aantal\":\"230\",\"text\":\"klanten geholpen\",\"faCode\":\"users\"}},\"64\":{\"type\":\"4\",\"fields\":{\"aantal\":\"56\",\"text\":\"blije werknemers\",\"faCode\":\"smile-o\"}},\"65\":{\"type\":\"4\",\"fields\":{\"aantal\":\"1129\",\"text\":\"Espresso\'s gedronken\",\"faCode\":\"coffee\"}},\"66\":{\"type\":\"4\",\"fields\":{\"aantal\":\"123\",\"text\":\"Nog iets\",\"faCode\":\"check\"}}},\"11\":\"<p>Excepteur sint occaecat cupidatat non proident, sunt culpa qui officia deserunt mollit anim id est labo rum. Sed perspiciatis unde omnis an natus error sit voluptatem.<\\/p>\\r\\n<p>Excepteur sint <strong>occaecat cupidatat<\\/strong> non proident, sunt culpa qui officia deserunt mollit anim id est labo rum. Sed perspiciatis unde omnis an natus error sit voluptatem.Excepteur sint occaecat cupidatat non proident, sunt culpa qui officia deserunt mollit anim id est labo rum. Sed perspiciatis unde omnis an natus error sit voluptatem.\\r\\n<\\/p>\",\"36\":\"Over ons \\ud83d\\udc4b\",\"41\":[\"29\",\"30\",\"27\",\"28\",\"26\"],\"40\":\"Samen staan we sterk\",\"39\":\"Onze partners\",\"10\":[{\"col1\":\"Felis bibendum magnis arcu ac\"},{\"col1\":\"500 euro verdienen per dag\"},{\"col1\":\"Cubilia libero ridiculus \"},{\"col1\":\"nullam consequat laoreet mollis\"}],\"9\":\"Lipsum subtitel\",\"8\":\"Lorem Ipsum\",\"72\":\"<iframe width=\\\"560\\\" height=\\\"315\\\" src=\\\"https:\\/\\/www.youtube.com\\/embed\\/mo6s98zJoJ4\\\" frameborder=\\\"0\\\" allow=\\\"accelerometer; autoplay; encrypted-media; gyroscope; picture-in-picture\\\" allowfullscreen><\\/iframe>\",\"42\":{\"seoMainEntityCategory\":\"CreativeWork\",\"seoMainEntityOfPage\":\"WebPage\",\"seoTitleSource\":\"custom\",\"seoTitleSourceField\":\"title\",\"seoTitleUnparsed\":\"Homepagina\",\"seoDescriptionSource\":\"custom\",\"seoDescriptionSourceField\":\"title\",\"seoDescriptionUnparsed\":\"\",\"seoKeywordsSource\":\"custom\",\"seoKeywordsSourceField\":\"title\",\"seoKeywordsUnparsed\":\"\",\"seoImageIdSource\":\"custom\",\"seoImageIdSourceField\":\"heroImg\",\"seoImageId\":\"\",\"seoImageTransform\":\"\",\"canonicalUrlOverride\":\"\",\"twitterCardType\":\"\",\"seoTwitterImageIdSource\":\"custom\",\"seoTwitterImageIdSourceField\":\"heroImg\",\"seoTwitterImageId\":\"\",\"seoTwitterImageTransform\":\"\",\"openGraphType\":\"\",\"seoFacebookImageIdSource\":\"custom\",\"seoFacebookImageIdSourceField\":\"heroImg\",\"seoFacebookImageId\":\"\",\"seoFacebookImageTransform\":\"\",\"robots\":\"\"}}}', '2018-11-08 19:03:58', '2018-11-08 19:03:58', 'bc9135e7-f625-416a-99c7-139c29305ebc'),
 ('157', '2', '1', '1', 'nl', '39', '', '{\"typeId\":null,\"authorId\":null,\"title\":\"Homepagina\",\"slug\":\"homepage\",\"postDate\":1539805789,\"expiryDate\":null,\"enabled\":1,\"parentId\":null,\"fields\":{\"7\":[\"16\"],\"21\":[\"25\"],\"38\":\"De leukste baan in nederland\",\"22\":\"Het werk is uitdagend en je ontwikkeld je communicatieve vaardigheden\",\"58\":{\"63\":{\"type\":\"4\",\"fields\":{\"aantal\":\"230\",\"text\":\"klanten geholpen\",\"faCode\":\"users\"}},\"64\":{\"type\":\"4\",\"fields\":{\"aantal\":\"56\",\"text\":\"blije werknemers\",\"faCode\":\"smile-o\"}},\"65\":{\"type\":\"4\",\"fields\":{\"aantal\":\"1129\",\"text\":\"Espresso\'s gedronken\",\"faCode\":\"coffee\"}},\"66\":{\"type\":\"4\",\"fields\":{\"aantal\":\"123\",\"text\":\"Nog iets\",\"faCode\":\"check\"}}},\"11\":\"<p>Excepteur sint occaecat cupidatat non proident, sunt culpa qui officia deserunt mollit anim id est labo rum. Sed perspiciatis unde omnis an natus error sit voluptatem.<\\/p>\\r\\n<p>Excepteur sint <strong>occaecat cupidatat<\\/strong> non proident, sunt culpa qui officia deserunt mollit anim id est labo rum. Sed perspiciatis unde omnis an natus error sit voluptatem.Excepteur sint occaecat cupidatat non proident, sunt culpa qui officia deserunt mollit anim id est labo rum. Sed perspiciatis unde omnis an natus error sit voluptatem.\\r\\n<\\/p>\",\"36\":\"Over ons \\ud83d\\udc4b\",\"41\":[\"29\",\"30\",\"27\",\"28\",\"26\"],\"40\":\"Samen staan we sterk\",\"39\":\"Onze partners\",\"10\":[{\"col1\":\"Felis bibendum magnis arcu ac\"},{\"col1\":\"500 euro verdienen per dag\"},{\"col1\":\"Cubilia libero ridiculus \"},{\"col1\":\"nullam consequat laoreet mollis\"}],\"9\":\"Lipsum subtitel\",\"8\":\"Lorem Ipsum\",\"72\":\"https:\\/\\/www.youtube.com\\/watch?v=mzB1VGEGcSU\",\"42\":{\"seoMainEntityCategory\":\"CreativeWork\",\"seoMainEntityOfPage\":\"WebPage\",\"seoTitleSource\":\"custom\",\"seoTitleSourceField\":\"title\",\"seoTitleUnparsed\":\"Homepagina\",\"seoDescriptionSource\":\"custom\",\"seoDescriptionSourceField\":\"title\",\"seoDescriptionUnparsed\":\"\",\"seoKeywordsSource\":\"custom\",\"seoKeywordsSourceField\":\"title\",\"seoKeywordsUnparsed\":\"\",\"seoImageIdSource\":\"custom\",\"seoImageIdSourceField\":\"heroImg\",\"seoImageId\":\"\",\"seoImageTransform\":\"\",\"canonicalUrlOverride\":\"\",\"twitterCardType\":\"\",\"seoTwitterImageIdSource\":\"custom\",\"seoTwitterImageIdSourceField\":\"heroImg\",\"seoTwitterImageId\":\"\",\"seoTwitterImageTransform\":\"\",\"openGraphType\":\"\",\"seoFacebookImageIdSource\":\"custom\",\"seoFacebookImageIdSourceField\":\"heroImg\",\"seoFacebookImageId\":\"\",\"seoFacebookImageTransform\":\"\",\"robots\":\"\"}}}', '2018-11-08 20:15:57', '2018-11-08 20:15:57', '893edd41-4088-4731-91a3-b26beb2116bd'),
 ('158', '2', '1', '1', 'nl', '40', '', '{\"typeId\":null,\"authorId\":null,\"title\":\"Homepagina\",\"slug\":\"homepage\",\"postDate\":1539805789,\"expiryDate\":null,\"enabled\":1,\"parentId\":null,\"fields\":{\"7\":[\"16\"],\"21\":[\"25\"],\"38\":\"De leukste baan in nederland\",\"22\":\"Het werk is uitdagend en je ontwikkeld je communicatieve vaardigheden\",\"58\":{\"63\":{\"type\":\"4\",\"fields\":{\"aantal\":\"230\",\"text\":\"klanten geholpen\",\"faCode\":\"users\"}},\"64\":{\"type\":\"4\",\"fields\":{\"aantal\":\"56\",\"text\":\"blije werknemers\",\"faCode\":\"smile-o\"}},\"65\":{\"type\":\"4\",\"fields\":{\"aantal\":\"1129\",\"text\":\"Espresso\'s gedronken\",\"faCode\":\"coffee\"}},\"66\":{\"type\":\"4\",\"fields\":{\"aantal\":\"123\",\"text\":\"Nog iets\",\"faCode\":\"check\"}}},\"11\":\"<p>Excepteur sint occaecat cupidatat non proident, sunt culpa qui officia deserunt mollit anim id est labo rum. Sed perspiciatis unde omnis an natus error sit voluptatem.<\\/p>\\r\\n<p>Excepteur sint <strong>occaecat cupidatat<\\/strong> non proident, sunt culpa qui officia deserunt mollit anim id est labo rum. Sed perspiciatis unde omnis an natus error sit voluptatem.Excepteur sint occaecat cupidatat non proident, sunt culpa qui officia deserunt mollit anim id est labo rum. Sed perspiciatis unde omnis an natus error sit voluptatem.\\r\\n<\\/p>\",\"36\":\"Over ons \\ud83d\\udc4b\",\"41\":[\"29\",\"30\",\"27\",\"28\",\"26\"],\"40\":\"Samen staan we sterk\",\"39\":\"Onze partners\",\"10\":[{\"col1\":\"Felis bibendum magnis arcu ac\"},{\"col1\":\"500 euro verdienen per dag\"},{\"col1\":\"Cubilia libero ridiculus \"},{\"col1\":\"nullam consequat laoreet mollis\"}],\"9\":\"Lipsum subtitel\",\"8\":\"Lorem Ipsum\",\"72\":\"https:\\/\\/www.youtube.com\\/watch?v=mzB1VGEGcSU\",\"42\":{\"seoMainEntityCategory\":\"CreativeWork\",\"seoMainEntityOfPage\":\"WebPage\",\"seoTitleSource\":\"custom\",\"seoTitleSourceField\":\"title\",\"seoTitleUnparsed\":\"Homepagina\",\"seoDescriptionSource\":\"custom\",\"seoDescriptionSourceField\":\"title\",\"seoDescriptionUnparsed\":\"\",\"seoKeywordsSource\":\"custom\",\"seoKeywordsSourceField\":\"title\",\"seoKeywordsUnparsed\":\"\",\"seoImageIdSource\":\"custom\",\"seoImageIdSourceField\":\"heroImg\",\"seoImageId\":\"\",\"seoImageTransform\":\"\",\"canonicalUrlOverride\":\"\",\"twitterCardType\":\"\",\"seoTwitterImageIdSource\":\"custom\",\"seoTwitterImageIdSourceField\":\"heroImg\",\"seoTwitterImageId\":\"\",\"seoTwitterImageTransform\":\"\",\"openGraphType\":\"\",\"seoFacebookImageIdSource\":\"custom\",\"seoFacebookImageIdSourceField\":\"heroImg\",\"seoFacebookImageId\":\"\",\"seoFacebookImageTransform\":\"\",\"robots\":\"\"}}}', '2018-11-09 12:00:53', '2018-11-09 12:00:53', 'b09c8517-ae5e-4586-97a8-cdd60d818f3c'),
 ('159', '2', '1', '1', 'nl', '41', '', '{\"typeId\":null,\"authorId\":null,\"title\":\"Homepagina\",\"slug\":\"homepage\",\"postDate\":1539805789,\"expiryDate\":null,\"enabled\":1,\"parentId\":null,\"fields\":{\"7\":[\"16\"],\"21\":[\"25\"],\"38\":\"De leukste baan in nederland\",\"22\":\"Het werk is uitdagend en je ontwikkeld je communicatieve vaardigheden\",\"58\":{\"63\":{\"type\":\"4\",\"fields\":{\"aantal\":\"230\",\"text\":\"klanten geholpen\",\"faCode\":\"users\"}},\"64\":{\"type\":\"4\",\"fields\":{\"aantal\":\"56\",\"text\":\"blije werknemers\",\"faCode\":\"smile-o\"}},\"65\":{\"type\":\"4\",\"fields\":{\"aantal\":\"1129\",\"text\":\"Espresso\'s gedronken\",\"faCode\":\"coffee\"}},\"66\":{\"type\":\"4\",\"fields\":{\"aantal\":\"123\",\"text\":\"Nog iets\",\"faCode\":\"check\"}}},\"11\":\"<p>Excepteur sint occaecat cupidatat non proident, sunt culpa qui officia deserunt mollit anim id est labo rum. Sed perspiciatis unde omnis an natus error sit voluptatem.<\\/p>\\r\\n<p>Excepteur sint <strong>occaecat cupidatat<\\/strong> non proident, sunt culpa qui officia deserunt mollit anim id est labo rum. Sed perspiciatis unde omnis an natus error sit voluptatem.Excepteur sint occaecat cupidatat non proident, sunt culpa qui officia deserunt mollit anim id est labo rum. Sed perspiciatis unde omnis an natus error sit voluptatem.\\r\\n<\\/p>\",\"36\":\"Over ons \\ud83d\\udc4b\",\"41\":[\"29\",\"30\",\"27\",\"28\",\"26\"],\"40\":\"Samen staan we sterk\",\"39\":\"Onze partners\",\"10\":[{\"col1\":\"Felis bibendum magnis arcu ac\"},{\"col1\":\"500 euro verdienen per dag\"},{\"col1\":\"Cubilia libero ridiculus \"},{\"col1\":\"nullam consequat laoreet mollis\"}],\"9\":\"Lipsum subtitel\",\"8\":\"Lorem Ipsum\",\"72\":\"<IFRAME>https:\\/\\/www.youtube.com\\/watch?v=mzB1VGEGcSU<\\/IFRAME>\",\"42\":{\"seoMainEntityCategory\":\"CreativeWork\",\"seoMainEntityOfPage\":\"WebPage\",\"seoTitleSource\":\"custom\",\"seoTitleSourceField\":\"title\",\"seoTitleUnparsed\":\"Homepagina\",\"seoDescriptionSource\":\"custom\",\"seoDescriptionSourceField\":\"title\",\"seoDescriptionUnparsed\":\"\",\"seoKeywordsSource\":\"custom\",\"seoKeywordsSourceField\":\"title\",\"seoKeywordsUnparsed\":\"\",\"seoImageIdSource\":\"custom\",\"seoImageIdSourceField\":\"heroImg\",\"seoImageId\":\"\",\"seoImageTransform\":\"\",\"canonicalUrlOverride\":\"\",\"twitterCardType\":\"\",\"seoTwitterImageIdSource\":\"custom\",\"seoTwitterImageIdSourceField\":\"heroImg\",\"seoTwitterImageId\":\"\",\"seoTwitterImageTransform\":\"\",\"openGraphType\":\"\",\"seoFacebookImageIdSource\":\"custom\",\"seoFacebookImageIdSourceField\":\"heroImg\",\"seoFacebookImageId\":\"\",\"seoFacebookImageTransform\":\"\",\"robots\":\"\"}}}', '2018-11-09 12:01:08', '2018-11-09 12:01:08', '4d5266e8-b105-46ec-b9a3-f9df9c3b232f'),
 ('160', '2', '1', '1', 'nl', '42', '', '{\"typeId\":null,\"authorId\":null,\"title\":\"Homepagina\",\"slug\":\"homepage\",\"postDate\":1539805789,\"expiryDate\":null,\"enabled\":1,\"parentId\":null,\"fields\":{\"7\":[\"16\"],\"21\":[\"25\"],\"38\":\"De leukste baan in nederland\",\"22\":\"Het werk is uitdagend en je ontwikkeld je communicatieve vaardigheden\",\"58\":{\"63\":{\"type\":\"4\",\"fields\":{\"aantal\":\"230\",\"text\":\"klanten geholpen\",\"faCode\":\"users\"}},\"64\":{\"type\":\"4\",\"fields\":{\"aantal\":\"56\",\"text\":\"blije werknemers\",\"faCode\":\"smile-o\"}},\"65\":{\"type\":\"4\",\"fields\":{\"aantal\":\"1129\",\"text\":\"Espresso\'s gedronken\",\"faCode\":\"coffee\"}},\"66\":{\"type\":\"4\",\"fields\":{\"aantal\":\"123\",\"text\":\"Nog iets\",\"faCode\":\"check\"}}},\"11\":\"<p>Excepteur sint occaecat cupidatat non proident, sunt culpa qui officia deserunt mollit anim id est labo rum. Sed perspiciatis unde omnis an natus error sit voluptatem.<\\/p>\\r\\n<p>Excepteur sint <strong>occaecat cupidatat<\\/strong> non proident, sunt culpa qui officia deserunt mollit anim id est labo rum. Sed perspiciatis unde omnis an natus error sit voluptatem.Excepteur sint occaecat cupidatat non proident, sunt culpa qui officia deserunt mollit anim id est labo rum. Sed perspiciatis unde omnis an natus error sit voluptatem.\\r\\n<\\/p>\",\"36\":\"Over ons \\ud83d\\udc4b\",\"41\":[\"29\",\"30\",\"27\",\"28\",\"26\"],\"40\":\"Samen staan we sterk\",\"39\":\"Onze partners\",\"10\":[{\"col1\":\"Felis bibendum magnis arcu ac\"},{\"col1\":\"500 euro verdienen per dag\"},{\"col1\":\"Cubilia libero ridiculus \"},{\"col1\":\"nullam consequat laoreet mollis\"}],\"9\":\"Lipsum subtitel\",\"8\":\"Lorem Ipsum\",\"72\":\"<IFRAME width=\\\"300\\\" height=\\\"600\\\">https:\\/\\/www.youtube.com\\/watch?v=mzB1VGEGcSU<\\/IFRAME>\",\"42\":{\"seoMainEntityCategory\":\"CreativeWork\",\"seoMainEntityOfPage\":\"WebPage\",\"seoTitleSource\":\"custom\",\"seoTitleSourceField\":\"title\",\"seoTitleUnparsed\":\"Homepagina\",\"seoDescriptionSource\":\"custom\",\"seoDescriptionSourceField\":\"title\",\"seoDescriptionUnparsed\":\"\",\"seoKeywordsSource\":\"custom\",\"seoKeywordsSourceField\":\"title\",\"seoKeywordsUnparsed\":\"\",\"seoImageIdSource\":\"custom\",\"seoImageIdSourceField\":\"heroImg\",\"seoImageId\":\"\",\"seoImageTransform\":\"\",\"canonicalUrlOverride\":\"\",\"twitterCardType\":\"\",\"seoTwitterImageIdSource\":\"custom\",\"seoTwitterImageIdSourceField\":\"heroImg\",\"seoTwitterImageId\":\"\",\"seoTwitterImageTransform\":\"\",\"openGraphType\":\"\",\"seoFacebookImageIdSource\":\"custom\",\"seoFacebookImageIdSourceField\":\"heroImg\",\"seoFacebookImageId\":\"\",\"seoFacebookImageTransform\":\"\",\"robots\":\"\"}}}', '2018-11-09 12:01:27', '2018-11-09 12:01:27', '6684324f-b4b2-4613-b8dd-f8b23785c166'),
 ('161', '2', '1', '1', 'nl', '43', '', '{\"typeId\":null,\"authorId\":null,\"title\":\"Homepagina\",\"slug\":\"homepage\",\"postDate\":1539805789,\"expiryDate\":null,\"enabled\":1,\"parentId\":null,\"fields\":{\"7\":[\"16\"],\"21\":[\"25\"],\"38\":\"De leukste baan in nederland\",\"22\":\"Het werk is uitdagend en je ontwikkeld je communicatieve vaardigheden\",\"58\":{\"63\":{\"type\":\"4\",\"fields\":{\"aantal\":\"230\",\"text\":\"klanten geholpen\",\"faCode\":\"users\"}},\"64\":{\"type\":\"4\",\"fields\":{\"aantal\":\"56\",\"text\":\"blije werknemers\",\"faCode\":\"smile-o\"}},\"65\":{\"type\":\"4\",\"fields\":{\"aantal\":\"1129\",\"text\":\"Espresso\'s gedronken\",\"faCode\":\"coffee\"}},\"66\":{\"type\":\"4\",\"fields\":{\"aantal\":\"123\",\"text\":\"Nog iets\",\"faCode\":\"check\"}}},\"11\":\"<p>Excepteur sint occaecat cupidatat non proident, sunt culpa qui officia deserunt mollit anim id est labo rum. Sed perspiciatis unde omnis an natus error sit voluptatem.<\\/p>\\r\\n<p>Excepteur sint <strong>occaecat cupidatat<\\/strong> non proident, sunt culpa qui officia deserunt mollit anim id est labo rum. Sed perspiciatis unde omnis an natus error sit voluptatem.Excepteur sint occaecat cupidatat non proident, sunt culpa qui officia deserunt mollit anim id est labo rum. Sed perspiciatis unde omnis an natus error sit voluptatem.\\r\\n<\\/p>\",\"36\":\"Over ons \\ud83d\\udc4b\",\"41\":[\"29\",\"30\",\"27\",\"28\",\"26\"],\"40\":\"Samen staan we sterk\",\"39\":\"Onze partners\",\"10\":[{\"col1\":\"Felis bibendum magnis arcu ac\"},{\"col1\":\"500 euro verdienen per dag\"},{\"col1\":\"Cubilia libero ridiculus \"},{\"col1\":\"nullam consequat laoreet mollis\"}],\"9\":\"Lipsum subtitel\",\"8\":\"Lorem Ipsum\",\"72\":\"https:\\/\\/www.youtube.com\\/watch?v=mzB1VGEGcSU\",\"42\":{\"seoMainEntityCategory\":\"CreativeWork\",\"seoMainEntityOfPage\":\"WebPage\",\"seoTitleSource\":\"custom\",\"seoTitleSourceField\":\"title\",\"seoTitleUnparsed\":\"Homepagina\",\"seoDescriptionSource\":\"custom\",\"seoDescriptionSourceField\":\"title\",\"seoDescriptionUnparsed\":\"\",\"seoKeywordsSource\":\"custom\",\"seoKeywordsSourceField\":\"title\",\"seoKeywordsUnparsed\":\"\",\"seoImageIdSource\":\"custom\",\"seoImageIdSourceField\":\"heroImg\",\"seoImageId\":\"\",\"seoImageTransform\":\"\",\"canonicalUrlOverride\":\"\",\"twitterCardType\":\"\",\"seoTwitterImageIdSource\":\"custom\",\"seoTwitterImageIdSourceField\":\"heroImg\",\"seoTwitterImageId\":\"\",\"seoTwitterImageTransform\":\"\",\"openGraphType\":\"\",\"seoFacebookImageIdSource\":\"custom\",\"seoFacebookImageIdSourceField\":\"heroImg\",\"seoFacebookImageId\":\"\",\"seoFacebookImageTransform\":\"\",\"robots\":\"\"}}}', '2018-11-09 12:01:37', '2018-11-09 12:01:37', '284a11d9-ddfb-4236-9ec9-14fd8d8aaec0'),
 ('162', '2', '1', '1', 'nl', '44', '', '{\"typeId\":null,\"authorId\":null,\"title\":\"Homepagina\",\"slug\":\"homepage\",\"postDate\":1539805789,\"expiryDate\":null,\"enabled\":1,\"parentId\":null,\"fields\":{\"7\":[\"16\"],\"21\":[\"25\"],\"38\":\"De leukste baan in nederland\",\"22\":\"Het werk is uitdagend en je ontwikkeld je communicatieve vaardigheden\",\"58\":{\"63\":{\"type\":\"4\",\"fields\":{\"aantal\":\"230\",\"text\":\"klanten geholpen\",\"faCode\":\"users\"}},\"64\":{\"type\":\"4\",\"fields\":{\"aantal\":\"56\",\"text\":\"blije werknemers\",\"faCode\":\"smile-o\"}},\"65\":{\"type\":\"4\",\"fields\":{\"aantal\":\"1129\",\"text\":\"Espresso\'s gedronken\",\"faCode\":\"coffee\"}},\"66\":{\"type\":\"4\",\"fields\":{\"aantal\":\"123\",\"text\":\"Nog iets\",\"faCode\":\"check\"}}},\"11\":\"<p>Excepteur sint occaecat cupidatat non proident, sunt culpa qui officia deserunt mollit anim id est labo rum. Sed perspiciatis unde omnis an natus error sit voluptatem.<\\/p>\\r\\n<p>Excepteur sint <strong>occaecat cupidatat<\\/strong> non proident, sunt culpa qui officia deserunt mollit anim id est labo rum. Sed perspiciatis unde omnis an natus error sit voluptatem.Excepteur sint occaecat cupidatat non proident, sunt culpa qui officia deserunt mollit anim id est labo rum. Sed perspiciatis unde omnis an natus error sit voluptatem.\\r\\n<\\/p>\",\"36\":\"Over ons \\ud83d\\udc4b\",\"41\":[\"29\",\"30\",\"27\",\"28\",\"26\",\"73\"],\"40\":\"Samen staan we sterk\",\"39\":\"Onze partners\",\"10\":[{\"col1\":\"Felis bibendum magnis arcu ac\"},{\"col1\":\"500 euro verdienen per dag\"},{\"col1\":\"Cubilia libero ridiculus \"},{\"col1\":\"nullam consequat laoreet mollis\"}],\"9\":\"Lipsum subtitel\",\"8\":\"Lorem Ipsum\",\"72\":\"https:\\/\\/www.youtube.com\\/watch?v=mzB1VGEGcSU\",\"42\":{\"seoMainEntityCategory\":\"CreativeWork\",\"seoMainEntityOfPage\":\"WebPage\",\"seoTitleSource\":\"custom\",\"seoTitleSourceField\":\"title\",\"seoTitleUnparsed\":\"Homepagina\",\"seoDescriptionSource\":\"custom\",\"seoDescriptionSourceField\":\"title\",\"seoDescriptionUnparsed\":\"\",\"seoKeywordsSource\":\"custom\",\"seoKeywordsSourceField\":\"title\",\"seoKeywordsUnparsed\":\"\",\"seoImageIdSource\":\"custom\",\"seoImageIdSourceField\":\"heroImg\",\"seoImageId\":\"\",\"seoImageTransform\":\"\",\"canonicalUrlOverride\":\"\",\"twitterCardType\":\"\",\"seoTwitterImageIdSource\":\"custom\",\"seoTwitterImageIdSourceField\":\"heroImg\",\"seoTwitterImageId\":\"\",\"seoTwitterImageTransform\":\"\",\"openGraphType\":\"\",\"seoFacebookImageIdSource\":\"custom\",\"seoFacebookImageIdSourceField\":\"heroImg\",\"seoFacebookImageId\":\"\",\"seoFacebookImageTransform\":\"\",\"robots\":\"\"}}}', '2018-11-09 15:37:27', '2018-11-09 15:37:27', '75c0e708-b63e-42d4-9a70-ee249c3f9b66'),
 ('163', '2', '1', '1', 'nl', '45', '', '{\"typeId\":null,\"authorId\":null,\"title\":\"Homepagina\",\"slug\":\"homepage\",\"postDate\":1539805789,\"expiryDate\":null,\"enabled\":1,\"parentId\":null,\"fields\":{\"7\":[\"16\"],\"21\":[\"25\"],\"38\":\"De leukste baan in nederland\",\"22\":\"Het werk is uitdagend en je ontwikkeld je communicatieve vaardigheden\",\"58\":{\"63\":{\"type\":\"4\",\"fields\":{\"aantal\":\"230\",\"text\":\"klanten geholpen\",\"faCode\":\"users\"}},\"64\":{\"type\":\"4\",\"fields\":{\"aantal\":\"56\",\"text\":\"blije werknemers\",\"faCode\":\"smile-o\"}},\"65\":{\"type\":\"4\",\"fields\":{\"aantal\":\"1129\",\"text\":\"Espresso\'s gedronken\",\"faCode\":\"coffee\"}},\"66\":{\"type\":\"4\",\"fields\":{\"aantal\":\"123\",\"text\":\"Nog iets\",\"faCode\":\"check\"}}},\"11\":\"<p>Excepteur sint occaecat cupidatat non proident, sunt culpa qui officia deserunt mollit anim id est labo rum. Sed perspiciatis unde omnis an natus error sit voluptatem.<\\/p>\\r\\n<p>Excepteur sint <strong>occaecat cupidatat<\\/strong> non proident, sunt culpa qui officia deserunt mollit anim id est labo rum. Sed perspiciatis unde omnis an natus error sit voluptatem.Excepteur sint occaecat cupidatat non proident, sunt culpa qui officia deserunt mollit anim id est labo rum. Sed perspiciatis unde omnis an natus error sit voluptatem.\\r\\n<\\/p>\",\"36\":\"Over ons \\ud83d\\udc4b\",\"41\":[\"73\"],\"40\":\"Samen staan we sterk\",\"39\":\"Onze partners\",\"10\":[{\"col1\":\"Felis bibendum magnis arcu ac\"},{\"col1\":\"500 euro verdienen per dag\"},{\"col1\":\"Cubilia libero ridiculus \"},{\"col1\":\"nullam consequat laoreet mollis\"}],\"9\":\"Lipsum subtitel\",\"8\":\"Lorem Ipsum\",\"72\":\"https:\\/\\/www.youtube.com\\/watch?v=mzB1VGEGcSU\",\"42\":{\"seoMainEntityCategory\":\"CreativeWork\",\"seoMainEntityOfPage\":\"WebPage\",\"seoTitleSource\":\"custom\",\"seoTitleSourceField\":\"title\",\"seoTitleUnparsed\":\"Homepagina\",\"seoDescriptionSource\":\"custom\",\"seoDescriptionSourceField\":\"title\",\"seoDescriptionUnparsed\":\"\",\"seoKeywordsSource\":\"custom\",\"seoKeywordsSourceField\":\"title\",\"seoKeywordsUnparsed\":\"\",\"seoImageIdSource\":\"custom\",\"seoImageIdSourceField\":\"heroImg\",\"seoImageId\":\"\",\"seoImageTransform\":\"\",\"canonicalUrlOverride\":\"\",\"twitterCardType\":\"\",\"seoTwitterImageIdSource\":\"custom\",\"seoTwitterImageIdSourceField\":\"heroImg\",\"seoTwitterImageId\":\"\",\"seoTwitterImageTransform\":\"\",\"openGraphType\":\"\",\"seoFacebookImageIdSource\":\"custom\",\"seoFacebookImageIdSourceField\":\"heroImg\",\"seoFacebookImageId\":\"\",\"seoFacebookImageTransform\":\"\",\"robots\":\"\"}}}', '2018-11-09 15:42:17', '2018-11-09 15:42:17', 'b4106002-9576-474c-85e1-aa68615c1c04'),
 ('164', '2', '1', '1', 'nl', '46', '', '{\"typeId\":null,\"authorId\":null,\"title\":\"Homepagina\",\"slug\":\"homepage\",\"postDate\":1539805789,\"expiryDate\":null,\"enabled\":1,\"parentId\":null,\"fields\":{\"7\":[\"16\"],\"21\":[\"25\"],\"38\":\"De leukste baan in nederland\",\"22\":\"Het werk is uitdagend en je ontwikkeld je communicatieve vaardigheden\",\"58\":{\"63\":{\"type\":\"4\",\"fields\":{\"aantal\":\"230\",\"text\":\"klanten geholpen\",\"faCode\":\"users\"}},\"64\":{\"type\":\"4\",\"fields\":{\"aantal\":\"56\",\"text\":\"blije werknemers\",\"faCode\":\"smile-o\"}},\"65\":{\"type\":\"4\",\"fields\":{\"aantal\":\"1129\",\"text\":\"Espresso\'s gedronken\",\"faCode\":\"coffee\"}},\"66\":{\"type\":\"4\",\"fields\":{\"aantal\":\"123\",\"text\":\"Nog iets\",\"faCode\":\"check\"}}},\"11\":\"<p>Excepteur sint occaecat cupidatat non proident, sunt culpa qui officia deserunt mollit anim id est labo rum. Sed perspiciatis unde omnis an natus error sit voluptatem.<\\/p>\\r\\n<p>Excepteur sint <strong>occaecat cupidatat<\\/strong> non proident, sunt culpa qui officia deserunt mollit anim id est labo rum. Sed perspiciatis unde omnis an natus error sit voluptatem.Excepteur sint occaecat cupidatat non proident, sunt culpa qui officia deserunt mollit anim id est labo rum. Sed perspiciatis unde omnis an natus error sit voluptatem.\\r\\n<\\/p>\",\"36\":\"Over ons \\ud83d\\udc4b\",\"41\":[\"73\",\"75\"],\"40\":\"Samen staan we sterk\",\"39\":\"Onze partners\",\"10\":[{\"col1\":\"Felis bibendum magnis arcu ac\"},{\"col1\":\"500 euro verdienen per dag\"},{\"col1\":\"Cubilia libero ridiculus \"},{\"col1\":\"nullam consequat laoreet mollis\"}],\"9\":\"Lipsum subtitel\",\"8\":\"Lorem Ipsum\",\"72\":\"https:\\/\\/www.youtube.com\\/watch?v=mzB1VGEGcSU\",\"42\":{\"seoMainEntityCategory\":\"CreativeWork\",\"seoMainEntityOfPage\":\"WebPage\",\"seoTitleSource\":\"custom\",\"seoTitleSourceField\":\"title\",\"seoTitleUnparsed\":\"Homepagina\",\"seoDescriptionSource\":\"custom\",\"seoDescriptionSourceField\":\"title\",\"seoDescriptionUnparsed\":\"\",\"seoKeywordsSource\":\"custom\",\"seoKeywordsSourceField\":\"title\",\"seoKeywordsUnparsed\":\"\",\"seoImageIdSource\":\"custom\",\"seoImageIdSourceField\":\"heroImg\",\"seoImageId\":\"\",\"seoImageTransform\":\"\",\"canonicalUrlOverride\":\"\",\"twitterCardType\":\"\",\"seoTwitterImageIdSource\":\"custom\",\"seoTwitterImageIdSourceField\":\"heroImg\",\"seoTwitterImageId\":\"\",\"seoTwitterImageTransform\":\"\",\"openGraphType\":\"\",\"seoFacebookImageIdSource\":\"custom\",\"seoFacebookImageIdSourceField\":\"heroImg\",\"seoFacebookImageId\":\"\",\"seoFacebookImageTransform\":\"\",\"robots\":\"\"}}}', '2018-11-09 15:43:52', '2018-11-09 15:43:52', 'd8d0ac32-9b3c-4ec8-a6da-9cf5c1cf819f'),
 ('165', '2', '1', '1', 'nl', '47', '', '{\"typeId\":null,\"authorId\":null,\"title\":\"Homepagina\",\"slug\":\"homepage\",\"postDate\":1539805789,\"expiryDate\":null,\"enabled\":1,\"parentId\":null,\"fields\":{\"7\":[\"16\"],\"21\":[\"25\"],\"38\":\"De leukste baan in nederland\",\"22\":\"Het werk is uitdagend en je ontwikkeld je communicatieve vaardigheden\",\"58\":{\"63\":{\"type\":\"4\",\"fields\":{\"aantal\":\"230\",\"text\":\"klanten geholpen\",\"faCode\":\"users\"}},\"64\":{\"type\":\"4\",\"fields\":{\"aantal\":\"56\",\"text\":\"blije werknemers\",\"faCode\":\"smile-o\"}},\"65\":{\"type\":\"4\",\"fields\":{\"aantal\":\"1129\",\"text\":\"Espresso\'s gedronken\",\"faCode\":\"coffee\"}},\"66\":{\"type\":\"4\",\"fields\":{\"aantal\":\"123\",\"text\":\"Nog iets\",\"faCode\":\"check\"}}},\"11\":\"<p>Excepteur sint occaecat cupidatat non proident, sunt culpa qui officia deserunt mollit anim id est labo rum. Sed perspiciatis unde omnis an natus error sit voluptatem.<\\/p>\\r\\n<p>Excepteur sint <strong>occaecat cupidatat<\\/strong> non proident, sunt culpa qui officia deserunt mollit anim id est labo rum. Sed perspiciatis unde omnis an natus error sit voluptatem.Excepteur sint occaecat cupidatat non proident, sunt culpa qui officia deserunt mollit anim id est labo rum. Sed perspiciatis unde omnis an natus error sit voluptatem.\\r\\n<\\/p>\",\"36\":\"Over ons \\ud83d\\udc4b\",\"41\":[\"73\",\"75\",\"76\"],\"40\":\"Samen staan we sterk\",\"39\":\"Onze partners\",\"10\":[{\"col1\":\"Felis bibendum magnis arcu ac\"},{\"col1\":\"500 euro verdienen per dag\"},{\"col1\":\"Cubilia libero ridiculus \"},{\"col1\":\"nullam consequat laoreet mollis\"}],\"9\":\"Lipsum subtitel\",\"8\":\"Lorem Ipsum\",\"72\":\"https:\\/\\/www.youtube.com\\/watch?v=mzB1VGEGcSU\",\"42\":{\"seoMainEntityCategory\":\"CreativeWork\",\"seoMainEntityOfPage\":\"WebPage\",\"seoTitleSource\":\"custom\",\"seoTitleSourceField\":\"title\",\"seoTitleUnparsed\":\"Homepagina\",\"seoDescriptionSource\":\"custom\",\"seoDescriptionSourceField\":\"title\",\"seoDescriptionUnparsed\":\"\",\"seoKeywordsSource\":\"custom\",\"seoKeywordsSourceField\":\"title\",\"seoKeywordsUnparsed\":\"\",\"seoImageIdSource\":\"custom\",\"seoImageIdSourceField\":\"heroImg\",\"seoImageId\":\"\",\"seoImageTransform\":\"\",\"canonicalUrlOverride\":\"\",\"twitterCardType\":\"\",\"seoTwitterImageIdSource\":\"custom\",\"seoTwitterImageIdSourceField\":\"heroImg\",\"seoTwitterImageId\":\"\",\"seoTwitterImageTransform\":\"\",\"openGraphType\":\"\",\"seoFacebookImageIdSource\":\"custom\",\"seoFacebookImageIdSourceField\":\"heroImg\",\"seoFacebookImageId\":\"\",\"seoFacebookImageTransform\":\"\",\"robots\":\"\"}}}', '2018-11-09 15:44:50', '2018-11-09 15:44:50', 'e2001e36-c360-4823-b4d8-eb7ade82160e'),
 ('166', '2', '1', '1', 'nl', '48', '', '{\"typeId\":null,\"authorId\":null,\"title\":\"Homepagina\",\"slug\":\"homepage\",\"postDate\":1539805789,\"expiryDate\":null,\"enabled\":1,\"parentId\":null,\"fields\":{\"7\":[\"16\"],\"21\":[\"25\"],\"38\":\"De leukste baan in nederland\",\"22\":\"Het werk is uitdagend en je ontwikkeld je communicatieve vaardigheden\",\"58\":{\"63\":{\"type\":\"4\",\"fields\":{\"aantal\":\"230\",\"text\":\"klanten geholpen\",\"faCode\":\"users\"}},\"64\":{\"type\":\"4\",\"fields\":{\"aantal\":\"56\",\"text\":\"blije werknemers\",\"faCode\":\"smile-o\"}},\"65\":{\"type\":\"4\",\"fields\":{\"aantal\":\"1129\",\"text\":\"Espresso\'s gedronken\",\"faCode\":\"coffee\"}},\"66\":{\"type\":\"4\",\"fields\":{\"aantal\":\"123\",\"text\":\"Nog iets\",\"faCode\":\"check\"}}},\"11\":\"<p>Excepteur sint occaecat cupidatat non proident, sunt culpa qui officia deserunt mollit anim id est labo rum. Sed perspiciatis unde omnis an natus error sit voluptatem.<\\/p>\\r\\n<p>Excepteur sint <strong>occaecat cupidatat<\\/strong> non proident, sunt culpa qui officia deserunt mollit anim id est labo rum. Sed perspiciatis unde omnis an natus error sit voluptatem.Excepteur sint occaecat cupidatat non proident, sunt culpa qui officia deserunt mollit anim id est labo rum. Sed perspiciatis unde omnis an natus error sit voluptatem.\\r\\n<\\/p>\",\"36\":\"Over ons \\ud83d\\udc4b\",\"41\":[\"73\",\"75\",\"76\",\"77\"],\"40\":\"Samen staan we sterk\",\"39\":\"Onze partners\",\"10\":[{\"col1\":\"Felis bibendum magnis arcu ac\"},{\"col1\":\"500 euro verdienen per dag\"},{\"col1\":\"Cubilia libero ridiculus \"},{\"col1\":\"nullam consequat laoreet mollis\"}],\"9\":\"Lipsum subtitel\",\"8\":\"Lorem Ipsum\",\"72\":\"https:\\/\\/www.youtube.com\\/watch?v=mzB1VGEGcSU\",\"42\":{\"seoMainEntityCategory\":\"CreativeWork\",\"seoMainEntityOfPage\":\"WebPage\",\"seoTitleSource\":\"custom\",\"seoTitleSourceField\":\"title\",\"seoTitleUnparsed\":\"Homepagina\",\"seoDescriptionSource\":\"custom\",\"seoDescriptionSourceField\":\"title\",\"seoDescriptionUnparsed\":\"\",\"seoKeywordsSource\":\"custom\",\"seoKeywordsSourceField\":\"title\",\"seoKeywordsUnparsed\":\"\",\"seoImageIdSource\":\"custom\",\"seoImageIdSourceField\":\"heroImg\",\"seoImageId\":\"\",\"seoImageTransform\":\"\",\"canonicalUrlOverride\":\"\",\"twitterCardType\":\"\",\"seoTwitterImageIdSource\":\"custom\",\"seoTwitterImageIdSourceField\":\"heroImg\",\"seoTwitterImageId\":\"\",\"seoTwitterImageTransform\":\"\",\"openGraphType\":\"\",\"seoFacebookImageIdSource\":\"custom\",\"seoFacebookImageIdSourceField\":\"heroImg\",\"seoFacebookImageId\":\"\",\"seoFacebookImageTransform\":\"\",\"robots\":\"\"}}}', '2018-11-09 15:47:14', '2018-11-09 15:47:14', '82460130-3b44-4698-96e6-825d2ca041b1'),
 ('167', '2', '1', '1', 'nl', '49', '', '{\"typeId\":null,\"authorId\":null,\"title\":\"Homepagina\",\"slug\":\"homepage\",\"postDate\":1539805789,\"expiryDate\":null,\"enabled\":1,\"parentId\":null,\"fields\":{\"7\":[\"16\"],\"21\":[\"25\"],\"38\":\"De leukste baan in nederland\",\"22\":\"Het werk is uitdagend en je ontwikkeld je communicatieve vaardigheden\",\"58\":{\"63\":{\"type\":\"4\",\"fields\":{\"aantal\":\"230\",\"text\":\"klanten geholpen\",\"faCode\":\"users\"}},\"64\":{\"type\":\"4\",\"fields\":{\"aantal\":\"56\",\"text\":\"blije werknemers\",\"faCode\":\"smile-o\"}},\"65\":{\"type\":\"4\",\"fields\":{\"aantal\":\"1129\",\"text\":\"Espresso\'s gedronken\",\"faCode\":\"coffee\"}},\"66\":{\"type\":\"4\",\"fields\":{\"aantal\":\"123\",\"text\":\"Nog iets\",\"faCode\":\"check\"}}},\"11\":\"<p>Excepteur sint occaecat cupidatat non proident, sunt culpa qui officia deserunt mollit anim id est labo rum. Sed perspiciatis unde omnis an natus error sit voluptatem.<\\/p>\\r\\n<p>Excepteur sint <strong>occaecat cupidatat<\\/strong> non proident, sunt culpa qui officia deserunt mollit anim id est labo rum. Sed perspiciatis unde omnis an natus error sit voluptatem.Excepteur sint occaecat cupidatat non proident, sunt culpa qui officia deserunt mollit anim id est labo rum. Sed perspiciatis unde omnis an natus error sit voluptatem.\\r\\n<\\/p>\",\"36\":\"Over ons \\ud83d\\udc4b\",\"41\":[\"73\",\"75\",\"76\",\"77\",\"78\"],\"40\":\"Samen staan we sterk\",\"39\":\"Onze partners\",\"10\":[{\"col1\":\"Felis bibendum magnis arcu ac\"},{\"col1\":\"500 euro verdienen per dag\"},{\"col1\":\"Cubilia libero ridiculus \"},{\"col1\":\"nullam consequat laoreet mollis\"}],\"9\":\"Lipsum subtitel\",\"8\":\"Lorem Ipsum\",\"72\":\"https:\\/\\/www.youtube.com\\/watch?v=mzB1VGEGcSU\",\"42\":{\"seoMainEntityCategory\":\"CreativeWork\",\"seoMainEntityOfPage\":\"WebPage\",\"seoTitleSource\":\"custom\",\"seoTitleSourceField\":\"title\",\"seoTitleUnparsed\":\"Homepagina\",\"seoDescriptionSource\":\"custom\",\"seoDescriptionSourceField\":\"title\",\"seoDescriptionUnparsed\":\"\",\"seoKeywordsSource\":\"custom\",\"seoKeywordsSourceField\":\"title\",\"seoKeywordsUnparsed\":\"\",\"seoImageIdSource\":\"custom\",\"seoImageIdSourceField\":\"heroImg\",\"seoImageId\":\"\",\"seoImageTransform\":\"\",\"canonicalUrlOverride\":\"\",\"twitterCardType\":\"\",\"seoTwitterImageIdSource\":\"custom\",\"seoTwitterImageIdSourceField\":\"heroImg\",\"seoTwitterImageId\":\"\",\"seoTwitterImageTransform\":\"\",\"openGraphType\":\"\",\"seoFacebookImageIdSource\":\"custom\",\"seoFacebookImageIdSourceField\":\"heroImg\",\"seoFacebookImageId\":\"\",\"seoFacebookImageTransform\":\"\",\"robots\":\"\"}}}', '2018-11-09 15:48:14', '2018-11-09 15:48:14', '72b2ef17-3393-4145-bd31-c98485dde19c'),
 ('168', '2', '1', '1', 'nl', '50', '', '{\"typeId\":null,\"authorId\":null,\"title\":\"Homepagina\",\"slug\":\"homepage\",\"postDate\":1539805789,\"expiryDate\":null,\"enabled\":1,\"parentId\":null,\"fields\":{\"7\":[\"16\"],\"21\":[\"25\"],\"38\":\"De leukste baan in nederland\",\"22\":\"Het werk is uitdagend en je ontwikkeld je communicatieve vaardigheden\",\"58\":{\"63\":{\"type\":\"4\",\"fields\":{\"aantal\":\"230\",\"text\":\"klanten geholpen\",\"faCode\":\"users\"}},\"64\":{\"type\":\"4\",\"fields\":{\"aantal\":\"56\",\"text\":\"blije werknemers\",\"faCode\":\"smile-o\"}},\"65\":{\"type\":\"4\",\"fields\":{\"aantal\":\"1129\",\"text\":\"Espresso\'s gedronken\",\"faCode\":\"coffee\"}},\"66\":{\"type\":\"4\",\"fields\":{\"aantal\":\"123\",\"text\":\"Nog iets\",\"faCode\":\"check\"}}},\"11\":\"<p>Excepteur sint occaecat cupidatat non proident, sunt culpa qui officia deserunt mollit anim id est labo rum. Sed perspiciatis unde omnis an natus error sit voluptatem.<\\/p>\\r\\n<p>Excepteur sint <strong>occaecat cupidatat<\\/strong> non proident, sunt culpa qui officia deserunt mollit anim id est labo rum. Sed perspiciatis unde omnis an natus error sit voluptatem.Excepteur sint occaecat cupidatat non proident, sunt culpa qui officia deserunt mollit anim id est labo rum. Sed perspiciatis unde omnis an natus error sit voluptatem.\\r\\n<\\/p>\",\"36\":\"Over ons \\ud83d\\udc4b\",\"41\":[\"73\",\"75\",\"76\",\"77\",\"78\",\"79\"],\"40\":\"Samen staan we sterk\",\"39\":\"Onze partners\",\"10\":[{\"col1\":\"Felis bibendum magnis arcu ac\"},{\"col1\":\"500 euro verdienen per dag\"},{\"col1\":\"Cubilia libero ridiculus \"},{\"col1\":\"nullam consequat laoreet mollis\"}],\"9\":\"Lipsum subtitel\",\"8\":\"Lorem Ipsum\",\"72\":\"https:\\/\\/www.youtube.com\\/watch?v=mzB1VGEGcSU\",\"42\":{\"seoMainEntityCategory\":\"CreativeWork\",\"seoMainEntityOfPage\":\"WebPage\",\"seoTitleSource\":\"custom\",\"seoTitleSourceField\":\"title\",\"seoTitleUnparsed\":\"Homepagina\",\"seoDescriptionSource\":\"custom\",\"seoDescriptionSourceField\":\"title\",\"seoDescriptionUnparsed\":\"\",\"seoKeywordsSource\":\"custom\",\"seoKeywordsSourceField\":\"title\",\"seoKeywordsUnparsed\":\"\",\"seoImageIdSource\":\"custom\",\"seoImageIdSourceField\":\"heroImg\",\"seoImageId\":\"\",\"seoImageTransform\":\"\",\"canonicalUrlOverride\":\"\",\"twitterCardType\":\"\",\"seoTwitterImageIdSource\":\"custom\",\"seoTwitterImageIdSourceField\":\"heroImg\",\"seoTwitterImageId\":\"\",\"seoTwitterImageTransform\":\"\",\"openGraphType\":\"\",\"seoFacebookImageIdSource\":\"custom\",\"seoFacebookImageIdSourceField\":\"heroImg\",\"seoFacebookImageId\":\"\",\"seoFacebookImageTransform\":\"\",\"robots\":\"\"}}}', '2018-11-09 15:50:40', '2018-11-09 15:50:40', '3fee2d0d-3297-40af-8b59-08a47428ecbe'),
 ('169', '2', '1', '1', 'nl', '51', '', '{\"typeId\":null,\"authorId\":null,\"title\":\"Homepagina\",\"slug\":\"homepage\",\"postDate\":1539805789,\"expiryDate\":null,\"enabled\":1,\"parentId\":null,\"fields\":{\"7\":[\"16\"],\"21\":[\"25\"],\"38\":\"De leukste baan in nederland\",\"22\":\"Het werk is uitdagend en je ontwikkeld je communicatieve vaardigheden\",\"58\":{\"63\":{\"type\":\"4\",\"fields\":{\"aantal\":\"230\",\"text\":\"klanten geholpen\",\"faCode\":\"users\"}},\"64\":{\"type\":\"4\",\"fields\":{\"aantal\":\"56\",\"text\":\"blije werknemers\",\"faCode\":\"smile-o\"}},\"65\":{\"type\":\"4\",\"fields\":{\"aantal\":\"1129\",\"text\":\"Espresso\'s gedronken\",\"faCode\":\"coffee\"}},\"66\":{\"type\":\"4\",\"fields\":{\"aantal\":\"123\",\"text\":\"Nog iets\",\"faCode\":\"check\"}}},\"11\":\"<p>Excepteur sint occaecat cupidatat non proident, sunt culpa qui officia deserunt mollit anim id est labo rum. Sed perspiciatis unde omnis an natus error sit voluptatem.<\\/p>\\r\\n<p>Excepteur sint <strong>occaecat cupidatat<\\/strong> non proident, sunt culpa qui officia deserunt mollit anim id est labo rum. Sed perspiciatis unde omnis an natus error sit voluptatem.Excepteur sint occaecat cupidatat non proident, sunt culpa qui officia deserunt mollit anim id est labo rum. Sed perspiciatis unde omnis an natus error sit voluptatem.\\r\\n<\\/p>\",\"36\":\"Over ons \\ud83d\\udc4b\",\"41\":[\"73\",\"75\",\"76\",\"77\",\"78\",\"79\"],\"40\":\"Samen staan we sterk\",\"39\":\"Onze partners\",\"10\":[{\"col1\":\"Felis bibendum magnis arcu ac\"},{\"col1\":\"500 euro verdienen per dag\"},{\"col1\":\"Cubilia libero ridiculus \"},{\"col1\":\"nullam consequat laoreet mollis\"}],\"9\":\"Lipsum subtitel\",\"8\":\"Lorem Ipsum\",\"72\":\"https:\\/\\/www.youtube.com\\/watch?v=mzB1VGEGcSU\",\"42\":{\"seoMainEntityCategory\":\"CreativeWork\",\"seoMainEntityOfPage\":\"WebPage\",\"seoTitleSource\":\"custom\",\"seoTitleSourceField\":\"title\",\"seoTitleUnparsed\":\"Homepagina\",\"seoDescriptionSource\":\"custom\",\"seoDescriptionSourceField\":\"title\",\"seoDescriptionUnparsed\":\"\",\"seoKeywordsSource\":\"custom\",\"seoKeywordsSourceField\":\"title\",\"seoKeywordsUnparsed\":\"\",\"seoImageIdSource\":\"custom\",\"seoImageIdSourceField\":\"heroImg\",\"seoImageId\":\"\",\"seoImageTransform\":\"\",\"canonicalUrlOverride\":\"\",\"twitterCardType\":\"\",\"seoTwitterImageIdSource\":\"custom\",\"seoTwitterImageIdSourceField\":\"heroImg\",\"seoTwitterImageId\":\"\",\"seoTwitterImageTransform\":\"\",\"openGraphType\":\"\",\"seoFacebookImageIdSource\":\"custom\",\"seoFacebookImageIdSourceField\":\"heroImg\",\"seoFacebookImageId\":\"\",\"seoFacebookImageTransform\":\"\",\"robots\":\"\"}}}', '2018-11-09 15:51:46', '2018-11-09 15:51:46', '5bbae333-4077-4608-99b7-105a4c234ab6'),
 ('170', '2', '1', '1', 'nl', '52', '', '{\"typeId\":null,\"authorId\":null,\"title\":\"Homepagina\",\"slug\":\"homepage\",\"postDate\":1539805789,\"expiryDate\":null,\"enabled\":1,\"parentId\":null,\"fields\":{\"7\":[\"16\"],\"21\":[\"25\"],\"38\":\"De leukste baan in nederland\",\"22\":\"Het werk is uitdagend en je ontwikkeld je communicatieve vaardigheden\",\"58\":{\"63\":{\"type\":\"4\",\"fields\":{\"aantal\":\"230\",\"text\":\"klanten geholpen\",\"faCode\":\"users\"}},\"64\":{\"type\":\"4\",\"fields\":{\"aantal\":\"56\",\"text\":\"blije werknemers\",\"faCode\":\"smile-o\"}},\"65\":{\"type\":\"4\",\"fields\":{\"aantal\":\"1129\",\"text\":\"Espresso\'s gedronken\",\"faCode\":\"coffee\"}},\"66\":{\"type\":\"4\",\"fields\":{\"aantal\":\"123\",\"text\":\"Nog iets\",\"faCode\":\"check\"}}},\"11\":\"<p>Excepteur sint occaecat cupidatat non proident, sunt culpa qui officia deserunt mollit anim id est labo rum. Sed perspiciatis unde omnis an natus error sit voluptatem.<\\/p>\\r\\n<p>Excepteur sint <strong>occaecat cupidatat<\\/strong> non proident, sunt culpa qui officia deserunt mollit anim id est labo rum. Sed perspiciatis unde omnis an natus error sit voluptatem.Excepteur sint occaecat cupidatat non proident, sunt culpa qui officia deserunt mollit anim id est labo rum. Sed perspiciatis unde omnis an natus error sit voluptatem.\\r\\n<\\/p>\",\"36\":\"Over ons \\ud83d\\udc4b\",\"41\":[\"73\",\"75\",\"76\",\"77\",\"78\",\"79\",\"81\"],\"40\":\"Samen staan we sterk\",\"39\":\"Onze partners\",\"10\":[{\"col1\":\"Felis bibendum magnis arcu ac\"},{\"col1\":\"500 euro verdienen per dag\"},{\"col1\":\"Cubilia libero ridiculus \"},{\"col1\":\"nullam consequat laoreet mollis\"}],\"9\":\"Lipsum subtitel\",\"8\":\"Lorem Ipsum\",\"72\":\"https:\\/\\/www.youtube.com\\/watch?v=mzB1VGEGcSU\",\"42\":{\"seoMainEntityCategory\":\"CreativeWork\",\"seoMainEntityOfPage\":\"WebPage\",\"seoTitleSource\":\"custom\",\"seoTitleSourceField\":\"title\",\"seoTitleUnparsed\":\"Homepagina\",\"seoDescriptionSource\":\"custom\",\"seoDescriptionSourceField\":\"title\",\"seoDescriptionUnparsed\":\"\",\"seoKeywordsSource\":\"custom\",\"seoKeywordsSourceField\":\"title\",\"seoKeywordsUnparsed\":\"\",\"seoImageIdSource\":\"custom\",\"seoImageIdSourceField\":\"heroImg\",\"seoImageId\":\"\",\"seoImageTransform\":\"\",\"canonicalUrlOverride\":\"\",\"twitterCardType\":\"\",\"seoTwitterImageIdSource\":\"custom\",\"seoTwitterImageIdSourceField\":\"heroImg\",\"seoTwitterImageId\":\"\",\"seoTwitterImageTransform\":\"\",\"openGraphType\":\"\",\"seoFacebookImageIdSource\":\"custom\",\"seoFacebookImageIdSourceField\":\"heroImg\",\"seoFacebookImageId\":\"\",\"seoFacebookImageTransform\":\"\",\"robots\":\"\"}}}', '2018-11-09 15:53:31', '2018-11-09 15:53:31', '8109a43c-5a20-4b4c-8c8a-e377a28420c0'),
 ('200', '2', '1', '1', 'nl', '53', '', '{\"typeId\":null,\"authorId\":null,\"title\":\"Homepagina\",\"slug\":\"homepage\",\"postDate\":1539805789,\"expiryDate\":null,\"enabled\":1,\"parentId\":null,\"fields\":{\"84\":{\"seoMainEntityCategory\":\"CreativeWork\",\"seoMainEntityOfPage\":\"WebPage\",\"seoTitleSource\":\"field\",\"seoTitleSourceField\":\"title\",\"seoTitleUnparsed\":\"\",\"seoDescriptionSource\":\"custom\",\"seoDescriptionSourceField\":\"title\",\"seoDescriptionUnparsed\":\"\",\"seoKeywordsSource\":\"custom\",\"seoKeywordsSourceField\":\"title\",\"seoKeywordsUnparsed\":\"\",\"seoImageIdSource\":\"custom\",\"seoImageId\":\"\",\"seoImageTransform\":\"\",\"canonicalUrlOverride\":\"\",\"twitterCardType\":\"\",\"seoTwitterImageIdSource\":\"custom\",\"seoTwitterImageId\":\"\",\"seoTwitterImageTransform\":\"\",\"openGraphType\":\"\",\"seoFacebookImageIdSource\":\"custom\",\"seoFacebookImageId\":\"\",\"seoFacebookImageTransform\":\"\",\"robots\":\"\"},\"73\":\"Recente schilderijen\"}}', '2018-11-13 18:14:16', '2018-11-13 18:14:16', '55b32e2f-3e7c-4633-9b0b-391e4469a176'),
 ('207', '2', '1', '1', 'nl', '54', '', '{\"typeId\":null,\"authorId\":null,\"title\":\"Homepagina\",\"slug\":\"homepage\",\"postDate\":1539805789,\"expiryDate\":null,\"enabled\":1,\"parentId\":null,\"fields\":{\"74\":[\"100\"],\"84\":{\"seoMainEntityCategory\":\"CreativeWork\",\"seoMainEntityOfPage\":\"WebPage\",\"seoTitleSource\":\"field\",\"seoTitleSourceField\":\"title\",\"seoTitleUnparsed\":\"Homepagina\",\"seoDescriptionSource\":\"custom\",\"seoDescriptionSourceField\":\"title\",\"seoDescriptionUnparsed\":\"\",\"seoKeywordsSource\":\"custom\",\"seoKeywordsSourceField\":\"title\",\"seoKeywordsUnparsed\":\"\",\"seoImageIdSource\":\"custom\",\"seoImageIdSourceField\":\"img\",\"seoImageId\":\"\",\"seoImageTransform\":\"\",\"canonicalUrlOverride\":\"\",\"twitterCardType\":\"\",\"seoTwitterImageIdSource\":\"custom\",\"seoTwitterImageIdSourceField\":\"img\",\"seoTwitterImageId\":\"\",\"seoTwitterImageTransform\":\"\",\"openGraphType\":\"\",\"seoFacebookImageIdSource\":\"custom\",\"seoFacebookImageIdSourceField\":\"img\",\"seoFacebookImageId\":\"\",\"seoFacebookImageTransform\":\"\",\"robots\":\"\"},\"73\":\"Recente schilderijen\"}}', '2018-11-18 15:54:27', '2018-11-18 15:54:27', '588175ca-5267-4c71-9129-3053b7521db2'),
 ('208', '2', '1', '1', 'nl', '55', '', '{\"typeId\":null,\"authorId\":null,\"title\":\"Hoi\",\"slug\":\"homepage\",\"postDate\":1539805789,\"expiryDate\":null,\"enabled\":1,\"parentId\":null,\"fields\":{\"87\":[\"115\"],\"88\":\"<p>Commodo imperdiet tortor netus lectus luctus maecenas faucibus mattis feugiat pretium mollis, litora pharetra condimentum proin ultricies accumsan lacinia bibendum montes porta, ipsum urna sit arcu taciti habitasse donec non aptent sed. Primis nisi etiam imperdiet adipiscing per posuere sit erat iaculis suscipit, egestas quisque nullam libero urna natoque suspendisse viverra arcu nascetur blandit, maecenas in mus lacinia amet mi dolor fames commodo. Suspendisse laoreet hac curae tincidunt inceptos pretium senectus tortor varius magnis, ipsum tellus phasellus purus aptent curabitur torquent mus taciti dui, nec lobortis facilisi diam parturient netus et ornare vulputate.<\\/p>\"}}', '2018-12-11 13:19:36', '2018-12-11 13:19:36', 'b886c6f9-df38-49c2-b2b9-db61a53f711e'),
 ('209', '116', '15', '1', 'nl', '1', '', '{\"typeId\":null,\"authorId\":\"1\",\"title\":\"dit is de eerste\",\"slug\":\"dit-is-de-eerste\",\"postDate\":1544534954,\"expiryDate\":null,\"enabled\":1,\"parentId\":null,\"fields\":{\"88\":\"<p>Odio viverra dapibus commodo posuere donec quisque<\\/p>\"}}', '2018-12-11 13:29:14', '2018-12-11 13:29:14', '44e88575-de45-4f13-b77f-21d772c90231'),
 ('210', '117', '15', '1', 'nl', '1', '', '{\"typeId\":null,\"authorId\":\"1\",\"title\":\"dit is de tweede\",\"slug\":\"dit-is-de-tweede\",\"postDate\":1544534984,\"expiryDate\":null,\"enabled\":1,\"parentId\":null,\"fields\":{\"88\":\"<p>Dictum posuere sem curae natoque sagittis egestas<\\/p>\"}}', '2018-12-11 13:29:44', '2018-12-11 13:29:44', '063e9b62-556b-455a-85ac-0f2a3fc112c5'),
 ('211', '117', '15', '1', 'nl', '2', '', '{\"typeId\":\"15\",\"authorId\":\"1\",\"title\":\"dit is de tweede\",\"slug\":\"dit-is-de-tweede\",\"postDate\":1544534940,\"expiryDate\":null,\"enabled\":1,\"parentId\":null,\"fields\":{\"89\":[\"1\"],\"88\":\"<p>Dictum posuere sem curae natoque sagittis egestas<\\/p>\"}}', '2018-12-11 13:39:21', '2018-12-11 13:39:21', '8db3fbe3-3a52-44cc-bc4a-cfe072255acf');



DROP TABLE IF EXISTS `craft_fieldgroups`;


--
-- Schema for table `craft_fieldgroups`
--
CREATE TABLE `craft_fieldgroups` (
  `id` int(11) NOT NULL AUTO_INCREMENT,
  `name` varchar(255) COLLATE utf8_unicode_ci NOT NULL,
  `dateCreated` datetime NOT NULL,
  `dateUpdated` datetime NOT NULL,
  `uid` char(36) COLLATE utf8_unicode_ci NOT NULL DEFAULT '0',
  PRIMARY KEY (`id`),
  UNIQUE KEY `craft_fieldgroups_name_unq_idx` (`name`)
) ENGINE=InnoDB AUTO_INCREMENT=2 DEFAULT CHARSET=utf8 COLLATE=utf8_unicode_ci;

--
-- Data for table `craft_fieldgroups`
--

INSERT INTO `craft_fieldgroups` (`id`, `name`, `dateCreated`, `dateUpdated`, `uid`) VALUES
 ('1', 'Default', '2018-10-17 19:49:49', '2018-10-17 19:49:49', '8fd337e8-a2bc-4c2d-9322-f1d099cc2378');



DROP TABLE IF EXISTS `craft_fieldlayoutfields`;


--
-- Schema for table `craft_fieldlayoutfields`
--
CREATE TABLE `craft_fieldlayoutfields` (
  `id` int(11) NOT NULL AUTO_INCREMENT,
  `layoutId` int(11) NOT NULL,
  `tabId` int(11) NOT NULL,
  `fieldId` int(11) NOT NULL,
  `required` tinyint(1) unsigned NOT NULL DEFAULT '0',
  `sortOrder` smallint(6) unsigned DEFAULT NULL,
  `dateCreated` datetime NOT NULL,
  `dateUpdated` datetime NOT NULL,
  `uid` char(36) COLLATE utf8_unicode_ci NOT NULL DEFAULT '0',
  PRIMARY KEY (`id`),
  UNIQUE KEY `craft_fieldlayoutfields_layoutId_fieldId_unq_idx` (`layoutId`,`fieldId`),
  KEY `craft_fieldlayoutfields_sortOrder_idx` (`sortOrder`),
  KEY `craft_fieldlayoutfields_tabId_fk` (`tabId`),
  KEY `craft_fieldlayoutfields_fieldId_fk` (`fieldId`)
) ENGINE=InnoDB AUTO_INCREMENT=589 DEFAULT CHARSET=utf8 COLLATE=utf8_unicode_ci;

--
-- Data for table `craft_fieldlayoutfields`
--

INSERT INTO `craft_fieldlayoutfields` (`id`, `layoutId`, `tabId`, `fieldId`, `required`, `sortOrder`, `dateCreated`, `dateUpdated`, `uid`) VALUES
 ('584', '154', '211', '87', '0', '1', '2018-12-11 13:19:07', '2018-12-11 13:19:07', '6d473494-d3a6-4fc6-871e-3995f93e444d'),
 ('585', '154', '211', '88', '0', '2', '2018-12-11 13:19:07', '2018-12-11 13:19:07', 'ffcbd0a4-5724-4621-bea6-4744af4a84c4'),
 ('587', '157', '213', '89', '0', '1', '2018-12-11 13:39:03', '2018-12-11 13:39:03', '82dc5676-8141-4047-9a9e-1b06c1c073f8'),
 ('588', '157', '213', '88', '0', '2', '2018-12-11 13:39:03', '2018-12-11 13:39:03', '722cc806-0e2d-4e90-8331-8388396f213c');



DROP TABLE IF EXISTS `craft_fieldlayouts`;


--
-- Schema for table `craft_fieldlayouts`
--
CREATE TABLE `craft_fieldlayouts` (
  `id` int(11) NOT NULL AUTO_INCREMENT,
  `type` varchar(150) COLLATE utf8_unicode_ci NOT NULL,
  `dateCreated` datetime NOT NULL,
  `dateUpdated` datetime NOT NULL,
  `uid` char(36) COLLATE utf8_unicode_ci NOT NULL DEFAULT '0',
  PRIMARY KEY (`id`),
  KEY `craft_fieldlayouts_type_idx` (`type`)
) ENGINE=InnoDB AUTO_INCREMENT=158 DEFAULT CHARSET=utf8 COLLATE=utf8_unicode_ci;

--
-- Data for table `craft_fieldlayouts`
--

INSERT INTO `craft_fieldlayouts` (`id`, `type`, `dateCreated`, `dateUpdated`, `uid`) VALUES
 ('1', 'Tag', '2018-10-17 19:49:49', '2018-10-17 19:49:49', '4d7bbba2-7c33-49ad-b6a0-d8194151edfe'),
 ('12', 'Asset', '2018-10-30 20:24:12', '2018-10-30 20:24:12', '404f8d3b-43cf-4fe5-a336-8c169377d414'),
 ('127', 'GlobalSet', '2018-11-12 14:22:36', '2018-11-12 14:22:36', 'f12e71c3-185d-4d91-82ee-73c9542d3e46'),
 ('149', 'Commerce_Order', '2018-12-11 13:08:43', '2018-12-11 13:08:43', '8db9fbe8-598e-4506-b618-aea47dbc0a74'),
 ('150', 'Commerce_Product', '2018-12-11 13:08:43', '2018-12-11 13:08:43', '8da64477-ad09-440a-80fd-ab28e5df68ad'),
 ('151', 'Commerce_Variant', '2018-12-11 13:08:43', '2018-12-11 13:08:43', '0533ba79-8d5b-418e-85a2-a523182986f7'),
 ('152', 'Commerce_Product', '2018-12-11 13:08:43', '2018-12-11 13:08:43', 'cfe93977-6b0d-483d-b824-854c05619302'),
 ('153', 'Commerce_Variant', '2018-12-11 13:08:43', '2018-12-11 13:08:43', '5fa4ad32-e0df-48a6-b875-9579c3d901bd'),
 ('154', 'Entry', '2018-12-11 13:19:07', '2018-12-11 13:19:07', 'eb730cc3-0469-447d-ad5e-1a2aa3975e11'),
 ('157', 'Entry', '2018-12-11 13:39:03', '2018-12-11 13:39:03', '87f31b55-3dd1-4f8d-ac99-eaa6760bb5b5');



DROP TABLE IF EXISTS `craft_fieldlayouttabs`;


--
-- Schema for table `craft_fieldlayouttabs`
--
CREATE TABLE `craft_fieldlayouttabs` (
  `id` int(11) NOT NULL AUTO_INCREMENT,
  `layoutId` int(11) NOT NULL,
  `name` varchar(255) COLLATE utf8_unicode_ci NOT NULL,
  `sortOrder` smallint(6) unsigned DEFAULT NULL,
  `dateCreated` datetime NOT NULL,
  `dateUpdated` datetime NOT NULL,
  `uid` char(36) COLLATE utf8_unicode_ci NOT NULL DEFAULT '0',
  PRIMARY KEY (`id`),
  KEY `craft_fieldlayouttabs_sortOrder_idx` (`sortOrder`),
  KEY `craft_fieldlayouttabs_layoutId_fk` (`layoutId`)
) ENGINE=InnoDB AUTO_INCREMENT=214 DEFAULT CHARSET=utf8 COLLATE=utf8_unicode_ci;

--
-- Data for table `craft_fieldlayouttabs`
--

INSERT INTO `craft_fieldlayouttabs` (`id`, `layoutId`, `name`, `sortOrder`, `dateCreated`, `dateUpdated`, `uid`) VALUES
 ('180', '127', 'Inhoud', '1', '2018-11-12 14:22:36', '2018-11-12 14:22:36', 'b5f20e6b-0331-4e66-962d-ccd55fd566e2'),
 ('211', '154', 'Tab 1', '1', '2018-12-11 13:19:07', '2018-12-11 13:19:07', '6f94b0a4-4f17-43c4-b048-aeafe6ffed55'),
 ('213', '157', 'Tab 1', '1', '2018-12-11 13:39:03', '2018-12-11 13:39:03', 'd8055d78-f0f6-4244-8df6-f9669bc95b39');



DROP TABLE IF EXISTS `craft_fields`;


--
-- Schema for table `craft_fields`
--
CREATE TABLE `craft_fields` (
  `id` int(11) NOT NULL AUTO_INCREMENT,
  `groupId` int(11) DEFAULT NULL,
  `name` varchar(255) COLLATE utf8_unicode_ci NOT NULL,
  `handle` varchar(58) COLLATE utf8_unicode_ci NOT NULL,
  `context` varchar(255) COLLATE utf8_unicode_ci NOT NULL DEFAULT 'global',
  `instructions` text COLLATE utf8_unicode_ci,
  `translatable` tinyint(1) unsigned NOT NULL DEFAULT '0',
  `type` varchar(150) COLLATE utf8_unicode_ci NOT NULL,
  `settings` text COLLATE utf8_unicode_ci,
  `dateCreated` datetime NOT NULL,
  `dateUpdated` datetime NOT NULL,
  `uid` char(36) COLLATE utf8_unicode_ci NOT NULL DEFAULT '0',
  PRIMARY KEY (`id`),
  UNIQUE KEY `craft_fields_handle_context_unq_idx` (`handle`,`context`),
  KEY `craft_fields_context_idx` (`context`),
  KEY `craft_fields_groupId_fk` (`groupId`)
) ENGINE=InnoDB AUTO_INCREMENT=90 DEFAULT CHARSET=utf8 COLLATE=utf8_unicode_ci;

--
-- Data for table `craft_fields`
--

INSERT INTO `craft_fields` (`id`, `groupId`, `name`, `handle`, `context`, `instructions`, `translatable`, `type`, `settings`, `dateCreated`, `dateUpdated`, `uid`) VALUES
 ('87', '1', 'Afbeelding', 'img', 'global', '', '0', 'Assets', '{\"useSingleFolder\":\"\",\"sources\":\"*\",\"defaultUploadLocationSource\":\"1\",\"defaultUploadLocationSubpath\":\"\",\"singleUploadLocationSource\":\"1\",\"singleUploadLocationSubpath\":\"\",\"restrictFiles\":\"1\",\"allowedKinds\":[\"image\"],\"limit\":\"1\",\"viewMode\":\"list\",\"selectionLabel\":\"Voeg een afbeelding toe\"}', '2018-12-11 13:18:17', '2018-12-11 13:18:17', '072eb2bd-3695-46ba-a0dc-968a47ff4ab6'),
 ('88', '1', 'Omschrijving', 'body', 'global', '', '0', 'RichText', '{\"configFile\":\"\",\"availableAssetSources\":\"*\",\"availableTransforms\":\"*\",\"cleanupHtml\":\"1\",\"purifyHtml\":\"1\",\"purifierConfig\":\"\",\"columnType\":\"text\"}', '2018-12-11 13:18:51', '2018-12-11 13:18:51', 'ff5dac69-0f6a-4cc9-bc58-fc46e64bc102'),
 ('89', '1', 'Gekoppelde user', 'userId', 'global', '', '0', 'Users', '{\"sources\":\"*\",\"limit\":\"1\",\"selectionLabel\":\"Voeg een user toe\"}', '2018-12-11 13:38:53', '2018-12-11 13:38:53', '8e48fb45-e18e-4989-aa29-0c012b595b18');



DROP TABLE IF EXISTS `craft_globalsets`;


--
-- Schema for table `craft_globalsets`
--
CREATE TABLE `craft_globalsets` (
  `id` int(11) NOT NULL,
  `name` varchar(255) COLLATE utf8_unicode_ci NOT NULL,
  `handle` varchar(255) COLLATE utf8_unicode_ci NOT NULL,
  `fieldLayoutId` int(10) DEFAULT NULL,
  `dateCreated` datetime NOT NULL,
  `dateUpdated` datetime NOT NULL,
  `uid` char(36) COLLATE utf8_unicode_ci NOT NULL DEFAULT '0',
  PRIMARY KEY (`id`),
  UNIQUE KEY `craft_globalsets_name_unq_idx` (`name`),
  UNIQUE KEY `craft_globalsets_handle_unq_idx` (`handle`),
  KEY `craft_globalsets_fieldLayoutId_fk` (`fieldLayoutId`)
) ENGINE=InnoDB DEFAULT CHARSET=utf8 COLLATE=utf8_unicode_ci;

--
-- Data for table `craft_globalsets`
--

INSERT INTO `craft_globalsets` (`id`, `name`, `handle`, `fieldLayoutId`, `dateCreated`, `dateUpdated`, `uid`) VALUES
 ('42', 'Social media iconen', 'socialIcons', '127', '2018-11-01 18:41:55', '2018-11-12 14:22:36', '5c1e0d12-30b5-4fbc-a06f-3c9f682a6169');



DROP TABLE IF EXISTS `craft_info`;


--
-- Schema for table `craft_info`
--
CREATE TABLE `craft_info` (
  `id` int(11) NOT NULL AUTO_INCREMENT,
  `version` varchar(50) COLLATE utf8_unicode_ci NOT NULL,
  `schemaVersion` varchar(15) COLLATE utf8_unicode_ci NOT NULL,
  `edition` tinyint(1) unsigned NOT NULL DEFAULT '0',
  `siteName` varchar(100) COLLATE utf8_unicode_ci NOT NULL,
  `siteUrl` varchar(255) COLLATE utf8_unicode_ci NOT NULL,
  `timezone` varchar(30) COLLATE utf8_unicode_ci DEFAULT NULL,
  `on` tinyint(1) unsigned NOT NULL DEFAULT '0',
  `maintenance` tinyint(1) unsigned NOT NULL DEFAULT '0',
  `dateCreated` datetime NOT NULL,
  `dateUpdated` datetime NOT NULL,
  `uid` char(36) COLLATE utf8_unicode_ci NOT NULL DEFAULT '0',
  PRIMARY KEY (`id`)
) ENGINE=InnoDB AUTO_INCREMENT=2 DEFAULT CHARSET=utf8 COLLATE=utf8_unicode_ci;

--
-- Data for table `craft_info`
--

INSERT INTO `craft_info` (`id`, `version`, `schemaVersion`, `edition`, `siteName`, `siteUrl`, `timezone`, `on`, `maintenance`, `dateCreated`, `dateUpdated`, `uid`) VALUES
 ('1', '2.7.3', '2.6.14', '2', 'Leppo', 'http://leppo.local', 'UTC', '1', '0', '2018-10-17 19:49:42', '2018-12-11 13:03:09', '9fa8eae3-221b-4f5d-99fe-ce67aab99759');



DROP TABLE IF EXISTS `craft_locales`;


--
-- Schema for table `craft_locales`
--
CREATE TABLE `craft_locales` (
  `locale` char(12) COLLATE utf8_unicode_ci NOT NULL,
  `sortOrder` smallint(6) unsigned DEFAULT NULL,
  `dateCreated` datetime NOT NULL,
  `dateUpdated` datetime NOT NULL,
  `uid` char(36) COLLATE utf8_unicode_ci NOT NULL DEFAULT '0',
  PRIMARY KEY (`locale`),
  KEY `craft_locales_sortOrder_idx` (`sortOrder`)
) ENGINE=InnoDB DEFAULT CHARSET=utf8 COLLATE=utf8_unicode_ci;

--
-- Data for table `craft_locales`
--

INSERT INTO `craft_locales` (`locale`, `sortOrder`, `dateCreated`, `dateUpdated`, `uid`) VALUES
 ('nl', '1', '2018-10-17 19:49:43', '2018-10-17 19:49:43', '56a65c9c-72b4-465b-ace2-d080b4883fcb');



DROP TABLE IF EXISTS `craft_matrixblocks`;


--
-- Schema for table `craft_matrixblocks`
--
CREATE TABLE `craft_matrixblocks` (
  `id` int(11) NOT NULL,
  `ownerId` int(11) NOT NULL,
  `fieldId` int(11) NOT NULL,
  `typeId` int(11) DEFAULT NULL,
  `sortOrder` smallint(6) unsigned DEFAULT NULL,
  `ownerLocale` char(12) COLLATE utf8_unicode_ci DEFAULT NULL,
  `dateCreated` datetime NOT NULL,
  `dateUpdated` datetime NOT NULL,
  `uid` char(36) COLLATE utf8_unicode_ci NOT NULL DEFAULT '0',
  PRIMARY KEY (`id`),
  KEY `craft_matrixblocks_ownerId_idx` (`ownerId`),
  KEY `craft_matrixblocks_fieldId_idx` (`fieldId`),
  KEY `craft_matrixblocks_typeId_idx` (`typeId`),
  KEY `craft_matrixblocks_sortOrder_idx` (`sortOrder`),
  KEY `craft_matrixblocks_ownerLocale_fk` (`ownerLocale`)
) ENGINE=InnoDB DEFAULT CHARSET=utf8 COLLATE=utf8_unicode_ci;

DROP TABLE IF EXISTS `craft_matrixblocktypes`;


--
-- Schema for table `craft_matrixblocktypes`
--
CREATE TABLE `craft_matrixblocktypes` (
  `id` int(11) NOT NULL AUTO_INCREMENT,
  `fieldId` int(11) NOT NULL,
  `fieldLayoutId` int(11) DEFAULT NULL,
  `name` varchar(255) COLLATE utf8_unicode_ci NOT NULL,
  `handle` varchar(255) COLLATE utf8_unicode_ci NOT NULL,
  `sortOrder` smallint(6) unsigned DEFAULT NULL,
  `dateCreated` datetime NOT NULL,
  `dateUpdated` datetime NOT NULL,
  `uid` char(36) COLLATE utf8_unicode_ci NOT NULL DEFAULT '0',
  PRIMARY KEY (`id`),
  UNIQUE KEY `craft_matrixblocktypes_name_fieldId_unq_idx` (`name`,`fieldId`),
  UNIQUE KEY `craft_matrixblocktypes_handle_fieldId_unq_idx` (`handle`,`fieldId`),
  KEY `craft_matrixblocktypes_fieldId_fk` (`fieldId`),
  KEY `craft_matrixblocktypes_fieldLayoutId_fk` (`fieldLayoutId`)
) ENGINE=InnoDB DEFAULT CHARSET=utf8 COLLATE=utf8_unicode_ci;

DROP TABLE IF EXISTS `craft_migrations`;


--
-- Schema for table `craft_migrations`
--
CREATE TABLE `craft_migrations` (
  `id` int(11) NOT NULL AUTO_INCREMENT,
  `pluginId` int(11) DEFAULT NULL,
  `version` varchar(255) COLLATE utf8_unicode_ci NOT NULL,
  `applyTime` datetime NOT NULL,
  `dateCreated` datetime NOT NULL,
  `dateUpdated` datetime NOT NULL,
  `uid` char(36) COLLATE utf8_unicode_ci NOT NULL DEFAULT '0',
  PRIMARY KEY (`id`),
  UNIQUE KEY `craft_migrations_version_unq_idx` (`version`),
  KEY `craft_migrations_pluginId_fk` (`pluginId`)
) ENGINE=InnoDB AUTO_INCREMENT=141 DEFAULT CHARSET=utf8 COLLATE=utf8_unicode_ci;

--
-- Data for table `craft_migrations`
--

INSERT INTO `craft_migrations` (`id`, `pluginId`, `version`, `applyTime`, `dateCreated`, `dateUpdated`, `uid`) VALUES
 ('1', NULL, 'm000000_000000_base', '2018-10-17 19:49:43', '2018-10-17 19:49:43', '2018-10-17 19:49:43', '353a0933-3a0f-4814-8309-2b6a636c6064'),
 ('2', NULL, 'm140730_000001_add_filename_and_format_to_transformindex', '2018-10-17 19:49:43', '2018-10-17 19:49:43', '2018-10-17 19:49:43', '22f8a23a-d807-46b2-a369-a807721f7ed5'),
 ('3', NULL, 'm140815_000001_add_format_to_transforms', '2018-10-17 19:49:43', '2018-10-17 19:49:43', '2018-10-17 19:49:43', '0d3e2260-4be4-4807-a5c4-da17d3fa259f'),
 ('4', NULL, 'm140822_000001_allow_more_than_128_items_per_field', '2018-10-17 19:49:43', '2018-10-17 19:49:43', '2018-10-17 19:49:43', '04d7b481-b9c4-4a4c-b2cc-732f8bb453e4'),
 ('5', NULL, 'm140829_000001_single_title_formats', '2018-10-17 19:49:43', '2018-10-17 19:49:43', '2018-10-17 19:49:43', '096af4b6-70a8-4435-94bc-7cf1da92dbec'),
 ('6', NULL, 'm140831_000001_extended_cache_keys', '2018-10-17 19:49:43', '2018-10-17 19:49:43', '2018-10-17 19:49:43', 'b15bb2bc-aea4-41f1-aa0f-6b35c6afed23'),
 ('7', NULL, 'm140922_000001_delete_orphaned_matrix_blocks', '2018-10-17 19:49:43', '2018-10-17 19:49:43', '2018-10-17 19:49:43', 'b4ad8e3c-30a2-4e59-8b72-718300590559'),
 ('8', NULL, 'm141008_000001_elements_index_tune', '2018-10-17 19:49:43', '2018-10-17 19:49:43', '2018-10-17 19:49:43', '5e595fca-452e-4b3f-9670-0655d4559e46'),
 ('9', NULL, 'm141009_000001_assets_source_handle', '2018-10-17 19:49:43', '2018-10-17 19:49:43', '2018-10-17 19:49:43', 'd7436e16-8248-49c1-9ccd-dff630058146'),
 ('10', NULL, 'm141024_000001_field_layout_tabs', '2018-10-17 19:49:43', '2018-10-17 19:49:43', '2018-10-17 19:49:43', '5c811434-fad5-40b0-b849-8f20223af1b1'),
 ('11', NULL, 'm141030_000000_plugin_schema_versions', '2018-10-17 19:49:43', '2018-10-17 19:49:43', '2018-10-17 19:49:43', 'c5efa05c-a8bc-43c4-8994-27bb6f3a1666'),
 ('12', NULL, 'm141030_000001_drop_structure_move_permission', '2018-10-17 19:49:43', '2018-10-17 19:49:43', '2018-10-17 19:49:43', 'ae87e654-222d-42cb-8156-9ea86a6fa606'),
 ('13', NULL, 'm141103_000001_tag_titles', '2018-10-17 19:49:43', '2018-10-17 19:49:43', '2018-10-17 19:49:43', '3a1faa54-5b9f-4c4a-9a9d-2a4798e19df3'),
 ('14', NULL, 'm141109_000001_user_status_shuffle', '2018-10-17 19:49:43', '2018-10-17 19:49:43', '2018-10-17 19:49:43', '4a4fff0b-26b4-4650-8573-6224620b028a'),
 ('15', NULL, 'm141126_000001_user_week_start_day', '2018-10-17 19:49:43', '2018-10-17 19:49:43', '2018-10-17 19:49:43', 'de85980d-571c-4c39-b6c3-50adba1c7a01'),
 ('16', NULL, 'm150210_000001_adjust_user_photo_size', '2018-10-17 19:49:43', '2018-10-17 19:49:43', '2018-10-17 19:49:43', 'e84753c7-9f4f-443d-ba45-726cf4081e5c'),
 ('17', NULL, 'm150724_000001_adjust_quality_settings', '2018-10-17 19:49:43', '2018-10-17 19:49:43', '2018-10-17 19:49:43', '85817caa-6e0e-425e-931a-9fda84eb7295'),
 ('18', NULL, 'm150827_000000_element_index_settings', '2018-10-17 19:49:43', '2018-10-17 19:49:43', '2018-10-17 19:49:43', 'a660e6ea-4793-46c6-9f44-347f09a164c7'),
 ('19', NULL, 'm150918_000001_add_colspan_to_widgets', '2018-10-17 19:49:43', '2018-10-17 19:49:43', '2018-10-17 19:49:43', '73e1a9bd-efb9-4704-821e-28a7b725e1d5'),
 ('20', NULL, 'm151007_000000_clear_asset_caches', '2018-10-17 19:49:43', '2018-10-17 19:49:43', '2018-10-17 19:49:43', '1cebbad2-14a8-4749-a4f7-c1cf76085f4a'),
 ('21', NULL, 'm151109_000000_text_url_formats', '2018-10-17 19:49:43', '2018-10-17 19:49:43', '2018-10-17 19:49:43', '1b6e00b0-39ff-41ef-863c-ef4287c96f67'),
 ('22', NULL, 'm151110_000000_move_logo', '2018-10-17 19:49:43', '2018-10-17 19:49:43', '2018-10-17 19:49:43', '8fd41146-f95a-4327-9b26-09a84c500a4c'),
 ('23', NULL, 'm151117_000000_adjust_image_widthheight', '2018-10-17 19:49:43', '2018-10-17 19:49:43', '2018-10-17 19:49:43', 'f4038a68-a9aa-47c8-9145-09cf619b050a'),
 ('24', NULL, 'm151127_000000_clear_license_key_status', '2018-10-17 19:49:43', '2018-10-17 19:49:43', '2018-10-17 19:49:43', '7b42c7ad-c486-40a3-8b7f-fdb743997670'),
 ('25', NULL, 'm151127_000000_plugin_license_keys', '2018-10-17 19:49:43', '2018-10-17 19:49:43', '2018-10-17 19:49:43', 'c84c97e4-1280-400b-b48b-303926c31c6b'),
 ('26', NULL, 'm151130_000000_update_pt_widget_feeds', '2018-10-17 19:49:43', '2018-10-17 19:49:43', '2018-10-17 19:49:43', '1ba2b556-034c-448e-b04b-689047353bd6'),
 ('27', NULL, 'm160114_000000_asset_sources_public_url_default_true', '2018-10-17 19:49:43', '2018-10-17 19:49:43', '2018-10-17 19:49:43', '033186be-aca2-4996-8a43-8f7d2cde093d'),
 ('28', NULL, 'm160223_000000_sortorder_to_smallint', '2018-10-17 19:49:43', '2018-10-17 19:49:43', '2018-10-17 19:49:43', '70db1878-ed61-4bc7-920f-719d4fb37d99'),
 ('29', NULL, 'm160229_000000_set_default_entry_statuses', '2018-10-17 19:49:43', '2018-10-17 19:49:43', '2018-10-17 19:49:43', 'ef154f9f-fae8-4f86-8d95-578d98c3873d'),
 ('30', NULL, 'm160304_000000_client_permissions', '2018-10-17 19:49:43', '2018-10-17 19:49:43', '2018-10-17 19:49:43', '06a98777-c130-42f2-8f20-ef891f335e04'),
 ('31', NULL, 'm160322_000000_asset_filesize', '2018-10-17 19:49:43', '2018-10-17 19:49:43', '2018-10-17 19:49:43', '0d5d7d9e-165e-4cb3-80c0-f97024443790'),
 ('32', NULL, 'm160503_000000_orphaned_fieldlayouts', '2018-10-17 19:49:43', '2018-10-17 19:49:43', '2018-10-17 19:49:43', 'f1b1612b-62fd-4588-8fba-ad84f845b196'),
 ('33', NULL, 'm160510_000000_tasksettings', '2018-10-17 19:49:43', '2018-10-17 19:49:43', '2018-10-17 19:49:43', 'bec5bc67-572f-49a8-a3fe-62fc72ea50a8'),
 ('34', NULL, 'm160829_000000_pending_user_content_cleanup', '2018-10-17 19:54:26', '2018-10-17 19:54:26', '2018-10-17 19:54:26', '192948c8-d680-4a75-9854-4609b5be9f6b'),
 ('35', NULL, 'm160830_000000_asset_index_uri_increase', '2018-10-17 19:54:26', '2018-10-17 19:54:26', '2018-10-17 19:54:26', '92cbb693-a16d-4072-a2e1-5fa94021b622'),
 ('36', NULL, 'm160919_000000_usergroup_handle_title_unique', '2018-10-17 19:54:26', '2018-10-17 19:54:26', '2018-10-17 19:54:26', '5045d08b-6fb8-4d98-bdc0-2579d51a7494'),
 ('37', NULL, 'm161108_000000_new_version_format', '2018-10-17 19:54:26', '2018-10-17 19:54:26', '2018-10-17 19:54:26', 'ed2f1c18-c02a-4083-8aed-3a5c9e6fb3ca'),
 ('38', NULL, 'm161109_000000_index_shuffle', '2018-10-17 19:54:27', '2018-10-17 19:54:27', '2018-10-17 19:54:27', 'b91095c2-c63b-4ea1-9a2c-1379e2cbab3d'),
 ('39', NULL, 'm170612_000000_route_index_shuffle', '2018-10-17 19:55:21', '2018-10-17 19:55:21', '2018-10-17 19:55:21', '664085bc-c023-4dd8-aa64-9ecc9fd2151f'),
 ('40', NULL, 'm171107_000000_assign_group_permissions', '2018-10-17 19:55:21', '2018-10-17 19:55:21', '2018-10-17 19:55:21', 'a12c5ed3-5917-4464-a803-84ddc47b9ccd'),
 ('41', NULL, 'm171117_000001_templatecache_index_tune', '2018-10-17 19:55:21', '2018-10-17 19:55:21', '2018-10-17 19:55:21', 'e719d8a4-ae21-484a-8875-e677400e8702'),
 ('42', NULL, 'm171204_000001_templatecache_index_tune_deux', '2018-10-17 19:55:21', '2018-10-17 19:55:21', '2018-10-17 19:55:21', 'a770bf6b-dab7-4a67-b5de-d8c602a16d11'),
 ('43', NULL, 'm180406_000000_pro_upgrade', '2018-10-17 19:55:21', '2018-10-17 19:55:21', '2018-10-17 19:55:21', 'c3a073d6-d27a-430a-ac7b-84b201477952'),
 ('44', '2', 'm150901_144609_superTable_fixForContentTables', '2018-10-31 14:22:01', '2018-10-31 14:22:01', '2018-10-31 14:22:01', 'b063eb1a-09a1-45a9-bce8-2aea36d993b7'),
 ('55', '5', 'm151225_000000_seomatic_addHumansField', '2018-10-31 20:12:25', '2018-10-31 20:12:25', '2018-10-31 20:12:25', 'afafbbc9-5e4d-4af9-9f49-078845f621dc'),
 ('56', '5', 'm151226_000000_seomatic_addTwitterFacebookFields', '2018-10-31 20:12:25', '2018-10-31 20:12:25', '2018-10-31 20:12:25', 'fa3a7369-aa8d-4261-a5eb-a38ce9c1ce83'),
 ('57', '5', 'm160101_000000_seomatic_addRobotsFields', '2018-10-31 20:12:25', '2018-10-31 20:12:25', '2018-10-31 20:12:25', '3bf2f921-499c-47a5-8f60-5cd47665b66d'),
 ('58', '5', 'm160111_000000_seomatic_addTitleFields', '2018-10-31 20:12:25', '2018-10-31 20:12:25', '2018-10-31 20:12:25', 'd1b8a490-738e-4884-b136-fa19f9ce0bf5'),
 ('59', '5', 'm160122_000000_seomatic_addTypeFields', '2018-10-31 20:12:25', '2018-10-31 20:12:25', '2018-10-31 20:12:25', 'd530fdcb-553a-47b2-9baa-108b17efbf8e'),
 ('60', '5', 'm160123_000000_seomatic_addOpeningHours', '2018-10-31 20:12:25', '2018-10-31 20:12:25', '2018-10-31 20:12:25', '63fc07bc-d862-405e-9ee3-ad1d3b241598'),
 ('61', '5', 'm160202_000000_seomatic_addSocialHandles', '2018-10-31 20:12:25', '2018-10-31 20:12:25', '2018-10-31 20:12:25', '4f256acd-0d44-4be1-8329-8155e1550f0f'),
 ('62', '5', 'm160204_000000_seomatic_addGoogleAnalytics', '2018-10-31 20:12:25', '2018-10-31 20:12:25', '2018-10-31 20:12:25', '566916ea-2d1e-45dd-a547-ede5834aca16'),
 ('63', '5', 'm160205_000000_seomatic_addResturantMenu', '2018-10-31 20:12:25', '2018-10-31 20:12:25', '2018-10-31 20:12:25', '8efe352d-75dd-47e1-9b26-73585cc5fa6d'),
 ('64', '5', 'm160206_000000_seomatic_addGoogleAnalyticsPlugins', '2018-10-31 20:12:25', '2018-10-31 20:12:25', '2018-10-31 20:12:25', '5597b8c9-4b21-4cd6-8fee-ed6e3644c8c2'),
 ('65', '5', 'm160206_000000_seomatic_addGoogleAnalyticsSendPageView', '2018-10-31 20:12:25', '2018-10-31 20:12:25', '2018-10-31 20:12:25', '537dc2e9-e4ae-405e-8060-8b2068fbc786'),
 ('66', '5', 'm160209_000000_seomatic_alterDescriptionsColumns', '2018-10-31 20:12:25', '2018-10-31 20:12:25', '2018-10-31 20:12:25', 'a537c638-665c-4930-8fce-683e3618ffb1'),
 ('67', '5', 'm160209_000001_seomatic_addRobotsTxt', '2018-10-31 20:12:25', '2018-10-31 20:12:25', '2018-10-31 20:12:25', 'ac621ad2-057d-4fb6-b896-80ffa1f937c6'),
 ('68', '5', 'm160227_000000_seomatic_addFacebookAppId', '2018-10-31 20:12:25', '2018-10-31 20:12:25', '2018-10-31 20:12:25', '47b212c1-2230-4508-a917-1b1d605daffb'),
 ('69', '5', 'm160416_000000_seomatic_addContactPoints', '2018-10-31 20:12:25', '2018-10-31 20:12:25', '2018-10-31 20:12:25', '44dc12a8-bbc8-4cd6-85a8-4aab09a18dc1'),
 ('70', '5', 'm160509_000000_seomatic_addSiteLinksBing', '2018-10-31 20:12:25', '2018-10-31 20:12:25', '2018-10-31 20:12:25', '6a8ddc49-0a18-4295-8858-431cedc26f51'),
 ('71', '5', 'm160707_000000_seomatic_addGoogleTagManager', '2018-10-31 20:12:25', '2018-10-31 20:12:25', '2018-10-31 20:12:25', 'fa683e32-f3e4-40d5-bdb7-3239b7ce7feb'),
 ('72', '5', 'm160715_000000_seomatic_addSeoImageTransforms', '2018-10-31 20:12:25', '2018-10-31 20:12:25', '2018-10-31 20:12:25', 'cdb75332-0bdc-4adb-bf87-a51984cd8464'),
 ('73', '5', 'm160723_000000_seomatic_addSeoMainEntityOfPage', '2018-10-31 20:12:25', '2018-10-31 20:12:25', '2018-10-31 20:12:25', 'e4ec2647-6b0d-4a8d-b916-c24c1428136e'),
 ('74', '5', 'm160724_000000_seomatic_addSeoMainEntityCategory', '2018-10-31 20:12:25', '2018-10-31 20:12:25', '2018-10-31 20:12:25', '45d39510-94ee-4542-8a06-c4df64bd6c4c'),
 ('75', '5', 'm160811_000000_seomatic_addVimeo', '2018-10-31 20:12:25', '2018-10-31 20:12:25', '2018-10-31 20:12:25', '310c2721-9996-41b6-9315-8f589244b54d'),
 ('76', '5', 'm160904_000000_seomatic_addTwitterFacebookImages', '2018-10-31 20:12:25', '2018-10-31 20:12:25', '2018-10-31 20:12:25', 'e778740b-9ae5-4139-9e00-65a3cc24cbb2'),
 ('77', '5', 'm161220_000000_seomatic_addPriceRange', '2018-10-31 20:12:25', '2018-10-31 20:12:25', '2018-10-31 20:12:25', '9a556c1b-9ee2-4f41-850e-9b725a3529ef'),
 ('78', '5', 'm170212_000000_seomatic_addGoogleAnalyticsAnonymizeIp', '2018-10-31 20:12:25', '2018-10-31 20:12:25', '2018-10-31 20:12:25', '2509085e-4540-459e-962f-92b2e05f3365'),
 ('79', '5', 'm170212_000000_seomatic_addWikipedia', '2018-10-31 20:12:25', '2018-10-31 20:12:25', '2018-10-31 20:12:25', 'acad054c-be5d-4977-8607-74fce42fc50c'),
 ('80', '18', 'm150916_010101_Commerce_Rename', '2018-12-11 13:08:39', '2018-12-11 13:08:39', '2018-12-11 13:08:39', 'b1514ee0-2f4e-4360-8e2a-2191f4bb5931'),
 ('81', '18', 'm150917_010101_Commerce_DropEmailTypeColumn', '2018-12-11 13:08:39', '2018-12-11 13:08:39', '2018-12-11 13:08:39', '53d3b9b5-3f92-4680-863a-ed04658526ab'),
 ('82', '18', 'm150917_010102_Commerce_RenameCodeToHandletaxCatColumn', '2018-12-11 13:08:39', '2018-12-11 13:08:39', '2018-12-11 13:08:39', 'cc9c7fe6-7f7c-4fcc-850d-dcbedbf32eb6'),
 ('83', '18', 'm150918_010101_Commerce_AddProductTypeLocales', '2018-12-11 13:08:39', '2018-12-11 13:08:39', '2018-12-11 13:08:39', '2b94fca7-70ae-40c3-9aa8-21a5b5320258'),
 ('84', '18', 'm150918_010102_Commerce_RemoveNonLocaleBasedUrlFormat', '2018-12-11 13:08:39', '2018-12-11 13:08:39', '2018-12-11 13:08:39', 'fb3f37a3-2309-49f7-ac83-545cf948102c'),
 ('85', '18', 'm150919_010101_Commerce_AddHasDimensionsToProductType', '2018-12-11 13:08:39', '2018-12-11 13:08:39', '2018-12-11 13:08:39', '308ecd1f-9f79-41cf-8f16-a39f8eb3d308'),
 ('86', '18', 'm151004_142113_commerce_PaymentMethods_name_unique', '2018-12-11 13:08:39', '2018-12-11 13:08:39', '2018-12-11 13:08:39', 'a9debd47-a03f-4046-8860-77d797eef760'),
 ('87', '18', 'm151018_010101_Commerce_DiscountCodeNull', '2018-12-11 13:08:39', '2018-12-11 13:08:39', '2018-12-11 13:08:39', '8f66cb94-f668-4525-a913-70f6e8282777'),
 ('88', '18', 'm151025_010101_Commerce_AddHandleToShippingMethod', '2018-12-11 13:08:39', '2018-12-11 13:08:39', '2018-12-11 13:08:39', 'a4182c93-c91b-4440-8007-2a79be49cfb8'),
 ('89', '18', 'm151027_010101_Commerce_NewVariantUI', '2018-12-11 13:08:39', '2018-12-11 13:08:39', '2018-12-11 13:08:39', 'ac99ddad-a971-422a-b2bb-815146fb9b62'),
 ('90', '18', 'm151027_010102_Commerce_ProductDateNames', '2018-12-11 13:08:39', '2018-12-11 13:08:39', '2018-12-11 13:08:39', 'cd472af4-13fe-4d1d-9864-3f3a992252a2'),
 ('91', '18', 'm151102_010101_Commerce_PaymentTypeInMethodNotSettings', '2018-12-11 13:08:39', '2018-12-11 13:08:39', '2018-12-11 13:08:39', '55815584-f3bb-4205-b5fb-890e63709644'),
 ('92', '18', 'm151103_010101_Commerce_DefaultVariant', '2018-12-11 13:08:39', '2018-12-11 13:08:39', '2018-12-11 13:08:39', '944ce6c9-f4f5-4f5a-a360-bc4d68e49661'),
 ('93', '18', 'm151109_010101_Commerce_AddCompanyNumberToAddress', '2018-12-11 13:08:39', '2018-12-11 13:08:39', '2018-12-11 13:08:39', 'cf76a9b5-d19e-4aa4-b184-39ee2adf87f8'),
 ('94', '18', 'm151109_010102_Commerce_AddOptionsToLineItems', '2018-12-11 13:08:39', '2018-12-11 13:08:39', '2018-12-11 13:08:39', 'c2a99406-e898-47fc-b432-3325fd031eb4'),
 ('95', '18', 'm151110_010101_Commerce_RenameCompanyToAddress', '2018-12-11 13:08:39', '2018-12-11 13:08:39', '2018-12-11 13:08:39', '7fe94a29-9e85-4b8c-8a54-40e4dcfceee2'),
 ('96', '18', 'm151111_010101_Commerce_ShowVariantTitleField', '2018-12-11 13:08:39', '2018-12-11 13:08:39', '2018-12-11 13:08:39', '7e6f4632-37a3-46a0-8dba-336363a3824c'),
 ('97', '18', 'm151112_010101_Commerce_AutoSkuFormat', '2018-12-11 13:08:39', '2018-12-11 13:08:39', '2018-12-11 13:08:39', '3c7bf84f-48f7-4d89-a228-f3a052557fa6'),
 ('98', '18', 'm151117_010101_Commerce_TaxIncluded', '2018-12-11 13:08:39', '2018-12-11 13:08:39', '2018-12-11 13:08:39', '9258da36-cbf1-4df5-a1c0-eebf6dbad14b'),
 ('99', '18', 'm151124_010101_Commerce_AddressManagement', '2018-12-11 13:08:39', '2018-12-11 13:08:39', '2018-12-11 13:08:39', '03a1cf08-06ee-435c-a378-e62543242b8c'),
 ('100', '18', 'm151127_010101_Commerce_TaxRateTaxableOptions', '2018-12-11 13:08:39', '2018-12-11 13:08:39', '2018-12-11 13:08:39', 'ee901d16-bcd5-4ff6-9a57-484070748dba'),
 ('101', '18', 'm151210_010101_Commerce_FixMissingLineItemDimensionData', '2018-12-11 13:08:39', '2018-12-11 13:08:39', '2018-12-11 13:08:39', '3feda0a1-f197-4380-ba77-5ec1bdbb6cbc'),
 ('102', '18', 'm160215_010101_Commerce_ConsistentDecimalType', '2018-12-11 13:08:39', '2018-12-11 13:08:39', '2018-12-11 13:08:39', '72a8776c-eb81-4f93-b740-329c7ded9450'),
 ('103', '18', 'm160226_010101_Commerce_OrderStatusSortOrder', '2018-12-11 13:08:39', '2018-12-11 13:08:39', '2018-12-11 13:08:39', '6dd56af9-be73-4b32-b247-bdbea817b48c'),
 ('104', '18', 'm160226_010102_Commerce_isCompleted', '2018-12-11 13:08:39', '2018-12-11 13:08:39', '2018-12-11 13:08:39', '487b2ef2-27c2-4c40-9ead-437e4bc54a0f'),
 ('105', '18', 'm160227_010101_Commerce_OrderAdjustmentIncludedFlag', '2018-12-11 13:08:39', '2018-12-11 13:08:39', '2018-12-11 13:08:39', '86884c54-d8de-4d22-aa1e-324400fae325'),
 ('106', '18', 'm160229_010101_Commerce_ShippingZone', '2018-12-11 13:08:39', '2018-12-11 13:08:39', '2018-12-11 13:08:39', 'd1542bcc-39b2-45df-af17-99a41e2379a9'),
 ('107', '18', 'm160229_010104_Commerce_SoftDeleteAndReorderPaymentMethod', '2018-12-11 13:08:39', '2018-12-11 13:08:39', '2018-12-11 13:08:39', '0eddeea5-18c6-424d-a036-c1ff7ee06bdf'),
 ('108', '18', 'm160401_010101_Commerce_KeepAllTransactions', '2018-12-11 13:08:39', '2018-12-11 13:08:39', '2018-12-11 13:08:39', '05b6a760-a069-495e-88f8-afd268f8b382'),
 ('109', '18', 'm160405_010101_Commerce_FixDefaultVariantId', '2018-12-11 13:08:39', '2018-12-11 13:08:39', '2018-12-11 13:08:39', '25e72c44-a5c6-4c54-8c61-92e4d20fa9fc'),
 ('110', '18', 'm160406_010101_Commerce_RemoveUnusedAuthorId', '2018-12-11 13:08:39', '2018-12-11 13:08:39', '2018-12-11 13:08:39', '26ab2e4d-5907-4870-8b97-008cd1edb79d');
INSERT INTO `craft_migrations` (`id`, `pluginId`, `version`, `applyTime`, `dateCreated`, `dateUpdated`, `uid`) VALUES
 ('111', '18', 'm160425_010101_Commerce_DeleteCountriesAndStates', '2018-12-11 13:08:39', '2018-12-11 13:08:39', '2018-12-11 13:08:39', '32d7e2bf-8047-473b-a8f7-312e85eebd82'),
 ('112', '18', 'm160510_010101_Commerce_EmailRecipientType', '2018-12-11 13:08:39', '2018-12-11 13:08:39', '2018-12-11 13:08:39', 'd06c91c1-9866-4255-8fcd-b9591b199925'),
 ('113', '18', 'm160606_010101_Commerce_PerEmailLimitOnDiscount', '2018-12-11 13:08:39', '2018-12-11 13:08:39', '2018-12-11 13:08:39', 'f8e32503-a162-475d-8af4-31d617a5ddb8'),
 ('114', '18', 'm160706_010101_Commerce_Currencies', '2018-12-11 13:08:39', '2018-12-11 13:08:39', '2018-12-11 13:08:39', '24dca822-982c-4867-a09d-f6935d6c97ab'),
 ('115', '18', 'm160806_010101_Commerce_RemoveShowInLabel', '2018-12-11 13:08:39', '2018-12-11 13:08:39', '2018-12-11 13:08:39', 'cdbe1227-1d0a-4d2b-b406-b79bf5d28758'),
 ('116', '18', 'm160806_010102_Commerce_AddVatTaxRateOption', '2018-12-11 13:08:39', '2018-12-11 13:08:39', '2018-12-11 13:08:39', '050c84bc-5933-4b7c-9764-1cb970b52707'),
 ('117', '18', 'm160825_010101_Commerce_AddMaxQtyToDiscount', '2018-12-11 13:08:39', '2018-12-11 13:08:39', '2018-12-11 13:08:39', 'ce17f255-4c62-4215-9f8f-182692f11ef6'),
 ('118', '18', 'm160826_010101_Commerce_NewAddressFields', '2018-12-11 13:08:39', '2018-12-11 13:08:39', '2018-12-11 13:08:39', '1b313b1e-7a0a-4ee8-b579-5d113958f96a'),
 ('119', '18', 'm160915_010101_Commerce_RenameCurrencies', '2018-12-11 13:08:39', '2018-12-11 13:08:39', '2018-12-11 13:08:39', '34d3b934-5f53-4fdd-a20a-c5a09c07f7ee'),
 ('120', '18', 'm160916_010102_Commerce_PdfFilenameFormat', '2018-12-11 13:08:39', '2018-12-11 13:08:39', '2018-12-11 13:08:39', '2744aebe-9290-437f-b5ac-1d7dfbb4a479'),
 ('121', '18', 'm160917_010103_Commerce_DescriptionFormat', '2018-12-11 13:08:39', '2018-12-11 13:08:39', '2018-12-11 13:08:39', '1f44e494-0b85-4ec4-8494-989916f262c9'),
 ('122', '18', 'm160917_010104_Commerce_ShippingCategories', '2018-12-11 13:08:39', '2018-12-11 13:08:39', '2018-12-11 13:08:39', 'b67a21fe-8563-42ad-9e6c-ff721186e54b'),
 ('123', '18', 'm160923_010101_Commerce_OrderLocale', '2018-12-11 13:08:39', '2018-12-11 13:08:39', '2018-12-11 13:08:39', '9e4c30c4-58cd-4eaf-9a92-4fbf50958dbb'),
 ('124', '18', 'm160927_010101_Commerce_ProductTypeShippingTaxCategories', '2018-12-11 13:08:39', '2018-12-11 13:08:39', '2018-12-11 13:08:39', '3b8bf2bf-b893-4af8-b76e-b1cabcf2dc7f'),
 ('125', '18', 'm160927_010101_Commerce_ShippingRuleCategories', '2018-12-11 13:08:39', '2018-12-11 13:08:39', '2018-12-11 13:08:39', 'fbd547be-9884-4d5f-8b7c-41199197bc0e'),
 ('126', '18', 'm160930_010101_Commerce_RenameDefaultCurrencyToPrimary', '2018-12-11 13:08:39', '2018-12-11 13:08:39', '2018-12-11 13:08:39', '6cad4f23-1a43-45e8-a810-24f31e64bac6'),
 ('127', '18', 'm161001_010101_Commerce_LineItemShippingCat', '2018-12-11 13:08:39', '2018-12-11 13:08:39', '2018-12-11 13:08:39', '470839e9-0adf-492b-a505-4de7df3fc58f'),
 ('128', '18', 'm161001_010102_Commerce_DiscountOrdering', '2018-12-11 13:08:39', '2018-12-11 13:08:39', '2018-12-11 13:08:39', '85abe73f-16a6-473c-a1bc-ad43669278fa'),
 ('129', '18', 'm161001_010103_Commerce_DiscountStopProcessing', '2018-12-11 13:08:39', '2018-12-11 13:08:39', '2018-12-11 13:08:39', '6bc5b8da-e7e1-4b98-be43-8cfd64acaf9b'),
 ('130', '18', 'm161001_010104_Commerce_SaveTransactionCode', '2018-12-11 13:08:39', '2018-12-11 13:08:39', '2018-12-11 13:08:39', '37c72136-cfc4-403d-b7e2-3f0e90f213c7'),
 ('131', '18', 'm161001_010105_Commerce_RemovePaymentCurrencyName', '2018-12-11 13:08:39', '2018-12-11 13:08:39', '2018-12-11 13:08:39', 'e2c20573-fee6-4b41-9f09-2606dd25bb3f'),
 ('132', '18', 'm161024_010101_Commerce_FixDefaultShippingAndTaxCategoriesOnProducts', '2018-12-11 13:08:39', '2018-12-11 13:08:39', '2018-12-11 13:08:39', '6aa74746-b646-4f70-8de4-754a238d0da8'),
 ('133', '18', 'm161101_010101_Commerce_AddBaseTaxToOrder', '2018-12-11 13:08:39', '2018-12-11 13:08:39', '2018-12-11 13:08:39', 'f6d63672-99f7-4640-aba8-7fa9b8f95bfe'),
 ('134', '18', 'm170227_010101_Commerce_RemoveNameUniquenessFromShippingRules', '2018-12-11 13:08:39', '2018-12-11 13:08:39', '2018-12-11 13:08:39', '00763701-988d-4437-99d5-6d4c131e5e6c'),
 ('135', '18', 'm170411_010101_Commerce_AdditionalTaxRateTaxables', '2018-12-11 13:08:39', '2018-12-11 13:08:39', '2018-12-11 13:08:39', 'ce41d16c-6186-4f30-bf35-e779ac3231f1'),
 ('136', '18', 'm170411_010102_Commerce_OrderBaseTaxIncluded', '2018-12-11 13:08:39', '2018-12-11 13:08:39', '2018-12-11 13:08:39', 'd2197ae1-ed25-49f8-bb57-276a532b94b1'),
 ('137', '18', 'm170609_010101_Commerce_AddRecieptEmailSettingToStripeGateway', '2018-12-11 13:08:39', '2018-12-11 13:08:39', '2018-12-11 13:08:39', '199e1be9-6bf4-4abd-8106-1aef024a6c3e'),
 ('138', '18', 'm170727_010101_Commerce_AddPercentageOffOption', '2018-12-11 13:08:39', '2018-12-11 13:08:39', '2018-12-11 13:08:39', '5b093c8c-6460-4a9d-8a5b-3909b715c219'),
 ('139', '18', 'm170801_010101_Commerce_DropCustomerEmail', '2018-12-11 13:08:39', '2018-12-11 13:08:39', '2018-12-11 13:08:39', '38e5c3f5-654e-440a-9f81-02c21c4b0db6'),
 ('140', '18', 'm171122_010101_Commerce_IncreaseTaxRateDecimalAgain', '2018-12-11 13:08:39', '2018-12-11 13:08:39', '2018-12-11 13:08:39', 'e700eb41-6378-44de-8052-46455a848d15');



DROP TABLE IF EXISTS `craft_plugins`;


--
-- Schema for table `craft_plugins`
--
CREATE TABLE `craft_plugins` (
  `id` int(11) NOT NULL AUTO_INCREMENT,
  `class` varchar(150) COLLATE utf8_unicode_ci NOT NULL,
  `version` varchar(15) COLLATE utf8_unicode_ci NOT NULL,
  `schemaVersion` varchar(15) COLLATE utf8_unicode_ci DEFAULT NULL,
  `licenseKey` char(24) COLLATE utf8_unicode_ci DEFAULT NULL,
  `licenseKeyStatus` enum('valid','invalid','mismatched','unknown') COLLATE utf8_unicode_ci NOT NULL DEFAULT 'unknown',
  `enabled` tinyint(1) unsigned NOT NULL DEFAULT '0',
  `settings` text COLLATE utf8_unicode_ci,
  `installDate` datetime NOT NULL,
  `dateCreated` datetime NOT NULL,
  `dateUpdated` datetime NOT NULL,
  `uid` char(36) COLLATE utf8_unicode_ci NOT NULL DEFAULT '0',
  PRIMARY KEY (`id`)
) ENGINE=InnoDB AUTO_INCREMENT=19 DEFAULT CHARSET=utf8 COLLATE=utf8_unicode_ci;

--
-- Data for table `craft_plugins`
--

INSERT INTO `craft_plugins` (`id`, `class`, `version`, `schemaVersion`, `licenseKey`, `licenseKeyStatus`, `enabled`, `settings`, `installDate`, `dateCreated`, `dateUpdated`, `uid`) VALUES
 ('1', 'CpFieldLinks', '1.2.2', '1.0', NULL, 'unknown', '1', NULL, '2018-10-21 19:07:41', '2018-10-21 19:07:41', '2018-12-11 13:03:15', '21faa8bb-6337-4b47-b988-a30710d5767e'),
 ('2', 'SuperTable', '1.0.6', '1.0.0', NULL, 'unknown', '1', NULL, '2018-10-31 14:22:01', '2018-10-31 14:22:01', '2018-12-11 13:03:15', 'f012e314-6833-4943-aeb6-c91d0928996a'),
 ('4', 'ArtVandelay', '2.0.0a', NULL, NULL, 'unknown', '1', NULL, '2018-10-31 15:11:51', '2018-10-31 15:11:51', '2018-10-31 15:11:51', 'c802c419-d882-4cbe-9017-3b0af70c1b15'),
 ('5', 'Seomatic', '1.1.56', '1.1.25', NULL, 'unknown', '1', '{\"pluginNameOverride\":\"SEO Instellingen\"}', '2018-10-31 20:12:25', '2018-10-31 20:12:25', '2018-12-11 13:03:15', '1413a532-6c9c-4b8f-a6af-d3d4daac34d3'),
 ('6', 'ExpandedSingles', '0.2.5', '1.0.0', NULL, 'unknown', '1', NULL, '2018-11-01 15:51:51', '2018-11-01 15:51:51', '2018-12-11 13:03:15', '9933ee11-6b1e-4473-b24f-9e28ec8f5ef1'),
 ('7', 'ContactForm', '1.8.1', '1.0.0', NULL, 'unknown', '1', '{\"toEmail\":\"brankog98@icloud.com\",\"prependSender\":\"Sem Starz\",\"prependSubject\":\"\",\"allowAttachments\":\"1\",\"honeypotField\":\"\",\"successFlashMessage\":\"Your message has been sent.\"}', '2018-11-02 11:24:27', '2018-11-02 11:24:27', '2018-12-11 13:03:15', '05b71165-3d83-4605-8b5f-a83cca0f2e68'),
 ('9', 'VideoEmbed', '1.0', NULL, NULL, 'unknown', '1', NULL, '2018-11-03 14:34:38', '2018-11-03 14:34:38', '2018-12-11 13:03:15', '46e2183b-3090-4021-8ace-4b18098a4519'),
 ('13', 'jSocial', '1.1.0a', NULL, NULL, 'unknown', '1', NULL, '2018-11-03 19:03:15', '2018-11-03 19:03:15', '2018-12-11 13:03:15', '106af776-7bf2-45e0-8b18-21c4bfd063a2'),
 ('14', 'Recaptcha', '1.0.0', '1.0.0', NULL, 'unknown', '1', NULL, '2018-11-04 15:53:08', '2018-11-04 15:53:08', '2018-12-11 13:03:15', '390b38a8-4ea7-487c-a3c5-315d493c937b'),
 ('15', 'CraftCookieConsent', '1.0.1', NULL, NULL, 'unknown', '0', '{\"position\":\"bottom-right\",\"layout\":\"edgeless\",\"palette\":\"default\",\"palette_banner\":\"#252a2f\",\"palette_button\":\"#4fc25b\",\"palette_banner_text\":\"#ffffff\",\"palette_button_text\":\"#ffffff\",\"learn_more_link\":\"http:\\/\\/cookiesandyou.com\\/\",\"message\":\"Deze website maakt gebruik van cookies om ervoor te zorgen dat u de beste ervaring krijgt.\",\"dismiss\":\"Akkoord\",\"learn\":\"Lees meer\"}', '2018-11-08 13:12:21', '2018-11-08 13:12:21', '2018-11-16 15:52:16', '4b234c48-7943-4c2f-9716-07362573ab8e'),
 ('16', 'Sitemap', 'v1.0.0-alpha.4', NULL, NULL, 'unknown', '1', '{\"sections\":{\"3\":{\"changefreq\":\"weekly\",\"priority\":\"0.5\"},\"4\":{\"changefreq\":\"weekly\",\"priority\":\"0.5\"},\"5\":{\"changefreq\":\"weekly\",\"priority\":\"0.5\"},\"1\":{\"changefreq\":\"weekly\",\"priority\":\"1.0\"},\"2\":{\"changefreq\":\"weekly\",\"priority\":\"0.5\"},\"8\":{\"changefreq\":\"weekly\",\"priority\":\"0.5\"},\"6\":{\"changefreq\":\"weekly\",\"priority\":\"0.5\"}}}', '2018-11-08 20:52:35', '2018-11-08 20:52:35', '2018-12-11 13:03:15', '75663afa-e7d8-4fb2-8788-2d43efac5ba6'),
 ('17', 'CustomMail', '1', '1', NULL, 'unknown', '1', NULL, '2018-11-24 11:25:21', '2018-11-24 11:25:21', '2018-12-11 13:03:15', '310b343f-50f4-4815-945e-6f11584afa7d'),
 ('18', 'Commerce', '1.2.1368', '1.2.81', NULL, 'unknown', '1', '{\"weightUnits\":\"g\",\"dimensionUnits\":\"mm\",\"emailSenderAddress\":null,\"emailSenderName\":null,\"orderPdfPath\":\"shop\\/_pdf\\/order\",\"orderPdfFilenameFormat\":\"Order-{number}\"}', '2018-12-11 13:08:39', '2018-12-11 13:08:39', '2018-12-11 13:08:44', '3eb83fed-93fd-43a9-8d8e-d19e941229a7');



DROP TABLE IF EXISTS `craft_rackspaceaccess`;


--
-- Schema for table `craft_rackspaceaccess`
--
CREATE TABLE `craft_rackspaceaccess` (
  `id` int(11) NOT NULL AUTO_INCREMENT,
  `connectionKey` varchar(255) COLLATE utf8_unicode_ci NOT NULL,
  `token` varchar(255) COLLATE utf8_unicode_ci NOT NULL,
  `storageUrl` varchar(255) COLLATE utf8_unicode_ci NOT NULL,
  `cdnUrl` varchar(255) COLLATE utf8_unicode_ci NOT NULL,
  `dateCreated` datetime NOT NULL,
  `dateUpdated` datetime NOT NULL,
  `uid` char(36) COLLATE utf8_unicode_ci NOT NULL DEFAULT '0',
  PRIMARY KEY (`id`),
  UNIQUE KEY `craft_rackspaceaccess_connectionKey_unq_idx` (`connectionKey`)
) ENGINE=InnoDB DEFAULT CHARSET=utf8 COLLATE=utf8_unicode_ci;

DROP TABLE IF EXISTS `craft_relations`;


--
-- Schema for table `craft_relations`
--
CREATE TABLE `craft_relations` (
  `id` int(11) NOT NULL AUTO_INCREMENT,
  `fieldId` int(11) NOT NULL,
  `sourceId` int(11) NOT NULL,
  `sourceLocale` char(12) COLLATE utf8_unicode_ci DEFAULT NULL,
  `targetId` int(11) NOT NULL,
  `sortOrder` smallint(6) DEFAULT NULL,
  `dateCreated` datetime NOT NULL,
  `dateUpdated` datetime NOT NULL,
  `uid` char(36) COLLATE utf8_unicode_ci NOT NULL DEFAULT '0',
  PRIMARY KEY (`id`),
  UNIQUE KEY `craft_relations_fieldId_sourceId_sourceLocale_targetId_unq_idx` (`fieldId`,`sourceId`,`sourceLocale`,`targetId`),
  KEY `craft_relations_sourceId_fk` (`sourceId`),
  KEY `craft_relations_sourceLocale_fk` (`sourceLocale`),
  KEY `craft_relations_targetId_fk` (`targetId`)
) ENGINE=InnoDB AUTO_INCREMENT=3 DEFAULT CHARSET=utf8 COLLATE=utf8_unicode_ci;

--
-- Data for table `craft_relations`
--

INSERT INTO `craft_relations` (`id`, `fieldId`, `sourceId`, `sourceLocale`, `targetId`, `sortOrder`, `dateCreated`, `dateUpdated`, `uid`) VALUES
 ('1', '87', '2', NULL, '115', '1', '2018-12-11 13:19:36', '2018-12-11 13:19:36', 'bb29ee2f-6902-4324-8ef8-36cdc2253dd9'),
 ('2', '89', '117', NULL, '1', '1', '2018-12-11 13:39:21', '2018-12-11 13:39:21', '09b9e8cb-bfb9-4425-84e1-01dc89559f59');



DROP TABLE IF EXISTS `craft_routes`;


--
-- Schema for table `craft_routes`
--
CREATE TABLE `craft_routes` (
  `id` int(11) NOT NULL AUTO_INCREMENT,
  `locale` char(12) COLLATE utf8_unicode_ci DEFAULT NULL,
  `urlParts` varchar(255) COLLATE utf8_unicode_ci NOT NULL,
  `urlPattern` varchar(255) COLLATE utf8_unicode_ci NOT NULL,
  `template` varchar(255) COLLATE utf8_unicode_ci NOT NULL,
  `sortOrder` smallint(6) unsigned DEFAULT NULL,
  `dateCreated` datetime NOT NULL,
  `dateUpdated` datetime NOT NULL,
  `uid` char(36) COLLATE utf8_unicode_ci NOT NULL DEFAULT '0',
  PRIMARY KEY (`id`),
  KEY `craft_routes_locale_idx` (`locale`),
  KEY `craft_routes_urlPattern_idx` (`urlPattern`)
) ENGINE=InnoDB DEFAULT CHARSET=utf8 COLLATE=utf8_unicode_ci;

DROP TABLE IF EXISTS `craft_searchindex`;


--
-- Schema for table `craft_searchindex`
--
CREATE TABLE `craft_searchindex` (
  `elementId` int(11) NOT NULL,
  `attribute` varchar(25) COLLATE utf8_unicode_ci NOT NULL,
  `fieldId` int(11) NOT NULL,
  `locale` char(12) COLLATE utf8_unicode_ci NOT NULL,
  `keywords` text COLLATE utf8_unicode_ci NOT NULL,
  PRIMARY KEY (`elementId`,`attribute`,`fieldId`,`locale`),
  FULLTEXT KEY `craft_searchindex_keywords_idx` (`keywords`)
) ENGINE=MyISAM DEFAULT CHARSET=utf8 COLLATE=utf8_unicode_ci;

--
-- Data for table `craft_searchindex`
--

INSERT INTO `craft_searchindex` (`elementId`, `attribute`, `fieldId`, `locale`, `keywords`) VALUES
 ('1', 'username', '0', 'nl', ' beheer '),
 ('1', 'firstname', '0', 'nl', ''),
 ('1', 'lastname', '0', 'nl', ''),
 ('1', 'fullname', '0', 'nl', ''),
 ('1', 'email', '0', 'nl', ' brankog98 icloud com '),
 ('1', 'slug', '0', 'nl', ''),
 ('2', 'slug', '0', 'nl', ' homepage '),
 ('2', 'title', '0', 'nl', ' hoi '),
 ('2', 'field', '3', 'nl', ' hier doen wij suspendisse consectetur montes potenti dignissim donec nunc ullamcorper inceptos duis '),
 ('2', 'field', '4', 'nl', ' wie zijn wij '),
 ('2', 'field', '5', 'nl', ' wij zijn een team van lorem lacinia aptent semper nibh cursus arcu turpis aacinia aptent semper nibh cursus arcu turpis nacinia aptent semper nibh cursus arcu turpis '),
 ('2', 'field', '6', 'nl', ' over ons '),
 ('2', 'field', '7', 'nl', ' pexels photo 1437908 '),
 ('2', 'field', '8', 'nl', ' lorem ipsum '),
 ('2', 'field', '9', 'nl', ' lipsum subtitel '),
 ('2', 'field', '10', 'nl', ' felis bibendum magnis arcu ac felis bibendum magnis arcu ac 500 euro verdienen per dag 500 euro verdienen per dag cubilia libero ridiculus cubilia libero ridiculus nullam consequat laoreet mollis nullam consequat laoreet mollis '),
 ('116', 'field', '88', 'nl', ' odio viverra dapibus commodo posuere donec quisque '),
 ('116', 'slug', '0', 'nl', ' dit is de eerste '),
 ('116', 'title', '0', 'nl', ' dit is de eerste '),
 ('117', 'field', '88', 'nl', ' dictum posuere sem curae natoque sagittis egestas '),
 ('117', 'slug', '0', 'nl', ' dit is de tweede '),
 ('117', 'title', '0', 'nl', ' dit is de tweede '),
 ('2', 'field', '73', 'nl', ' recente schilderijen '),
 ('2', 'field', '84', 'nl', ' 1 nl 1 0 template creativework webpage homepagina homepagina field title custom title custom title custom img custom img custom img '),
 ('115', 'extension', '0', 'nl', ' jpg '),
 ('115', 'kind', '0', 'nl', ' image '),
 ('115', 'slug', '0', 'nl', ' billions '),
 ('115', 'title', '0', 'nl', ' billions '),
 ('112', 'stock', '0', 'nl', ' 0 '),
 ('112', 'price', '0', 'nl', ' 30 '),
 ('112', 'width', '0', 'nl', ''),
 ('112', 'height', '0', 'nl', ''),
 ('112', 'length', '0', 'nl', ''),
 ('112', 'weight', '0', 'nl', ''),
 ('2', 'field', '11', 'nl', ' excepteur sint occaecat cupidatat non proident sunt culpa qui officia deserunt mollit anim id est labo rum sed perspiciatis unde omnis an natus error sit voluptatem excepteur sint occaecat cupidatat non proident sunt culpa qui officia deserunt mollit anim id est labo rum sed perspiciatis unde omnis an natus error sit voluptatem excepteur sint occaecat cupidatat non proident sunt culpa qui officia deserunt mollit anim id est labo rum sed perspiciatis unde omnis an natus error sit voluptatem '),
 ('2', 'field', '12', 'nl', ''),
 ('2', 'field', '36', 'nl', ' over ons wave '),
 ('2', 'field', '37', 'nl', ' pexels photo 515169 '),
 ('2', 'field', '21', 'nl', ' pexels photo 450271 '),
 ('2', 'field', '38', 'nl', ' de leukste baan in nederland '),
 ('2', 'field', '22', 'nl', ' het werk is uitdagend en je ontwikkeld je communicatieve vaardigheden '),
 ('102', 'title', '0', 'nl', ' pexels photo 149419 '),
 ('102', 'slug', '0', 'nl', ' pexels photo 149419 '),
 ('102', 'kind', '0', 'nl', ' image '),
 ('102', 'extension', '0', 'nl', ' jpeg '),
 ('102', 'filename', '0', 'nl', ' pexels photo 149419 jpeg '),
 ('2', 'field', '39', 'nl', ' onze partners '),
 ('2', 'field', '40', 'nl', ' samen staan we sterk '),
 ('2', 'field', '41', 'nl', ' total essent eneco qurrent nle switch powercall '),
 ('2', 'field', '42', 'nl', ' 1 nl 1 0 template creativework webpage homepagina homepagina custom title custom title custom title custom heroimg custom heroimg custom heroimg '),
 ('118', 'email', '0', 'nl', ' brankog98 icloud com '),
 ('118', 'number', '0', 'nl', ' 219ea0100337f0f27b552225c1f44dc6 '),
 ('98', 'filename', '0', 'nl', ' data25069064 83e484 jpg '),
 ('98', 'extension', '0', 'nl', ' jpg '),
 ('98', 'kind', '0', 'nl', ' image '),
 ('98', 'slug', '0', 'nl', ' data25069064 83e484 '),
 ('98', 'title', '0', 'nl', ' data25069064 83e484 '),
 ('117', 'field', '89', 'nl', ' beheer '),
 ('2', 'field', '87', 'nl', ' billions '),
 ('2', 'field', '88', 'nl', ' commodo imperdiet tortor netus lectus luctus maecenas faucibus mattis feugiat pretium mollis litora pharetra condimentum proin ultricies accumsan lacinia bibendum montes porta ipsum urna sit arcu taciti habitasse donec non aptent sed primis nisi etiam imperdiet adipiscing per posuere sit erat iaculis suscipit egestas quisque nullam libero urna natoque suspendisse viverra arcu nascetur blandit maecenas in mus lacinia amet mi dolor fames commodo suspendisse laoreet hac curae tincidunt inceptos pretium senectus tortor varius magnis ipsum tellus phasellus purus aptent curabitur torquent mus taciti dui nec lobortis facilisi diam parturient netus et ornare vulputate '),
 ('100', 'filename', '0', 'nl', ' pexels photo 1080722 jpg '),
 ('100', 'extension', '0', 'nl', ' jpg '),
 ('100', 'kind', '0', 'nl', ' image '),
 ('100', 'slug', '0', 'nl', ' pexels photo 1080722 '),
 ('100', 'title', '0', 'nl', ' pexels photo 1080722 '),
 ('90', 'slug', '0', 'nl', ' pexels photo 1496183 '),
 ('90', 'title', '0', 'nl', ' pexels photo 1496183 '),
 ('90', 'kind', '0', 'nl', ' image '),
 ('90', 'extension', '0', 'nl', ' jpg '),
 ('90', 'filename', '0', 'nl', ' pexels photo 1496183 jpg '),
 ('108', 'length', '0', 'nl', ''),
 ('108', 'price', '0', 'nl', ' 10 '),
 ('108', 'width', '0', 'nl', ''),
 ('108', 'height', '0', 'nl', ''),
 ('42', 'slug', '0', 'nl', ''),
 ('42', 'field', '49', 'nl', ' fa facebook asdasd fa instagram asdasd '),
 ('82', 'kind', '0', 'nl', ' image '),
 ('112', 'unlimitedstock', '0', 'nl', ' 1 '),
 ('112', 'minqty', '0', 'nl', ''),
 ('112', 'maxqty', '0', 'nl', ''),
 ('112', 'slug', '0', 'nl', ' romper for a red eye '),
 ('112', 'title', '0', 'nl', ' romper for a red eye '),
 ('113', 'title', '0', 'nl', ' the fleece awakens '),
 ('113', 'defaultsku', '0', 'nl', ' the fleece awakens '),
 ('113', 'slug', '0', 'nl', ' the fleece awakens '),
 ('114', 'sku', '0', 'nl', ' the fleece awakens '),
 ('114', 'price', '0', 'nl', ' 40 '),
 ('114', 'width', '0', 'nl', ''),
 ('114', 'height', '0', 'nl', ''),
 ('114', 'length', '0', 'nl', ''),
 ('114', 'weight', '0', 'nl', ''),
 ('114', 'stock', '0', 'nl', ' 0 '),
 ('114', 'unlimitedstock', '0', 'nl', ' 1 '),
 ('114', 'minqty', '0', 'nl', ''),
 ('114', 'maxqty', '0', 'nl', ''),
 ('114', 'slug', '0', 'nl', ' the fleece awakens '),
 ('114', 'title', '0', 'nl', ' the fleece awakens '),
 ('115', 'filename', '0', 'nl', ' billions jpg '),
 ('112', 'sku', '0', 'nl', ' romper for a red eye '),
 ('82', 'extension', '0', 'nl', ' jpg ');
INSERT INTO `craft_searchindex` (`elementId`, `attribute`, `fieldId`, `locale`, `keywords`) VALUES
 ('82', 'filename', '0', 'nl', ' pexels photo 1070536 jpg '),
 ('2', 'field', '74', 'nl', ' pexels photo 1080722 '),
 ('2', 'field', '58', 'nl', ' 230 users klanten geholpen 56 smile o blije werknemers 1129 coffee espresso s gedronken 123 check nog iets '),
 ('84', 'title', '0', 'nl', ' pexels photo 1012982 '),
 ('84', 'slug', '0', 'nl', ' pexels photo 1012982 '),
 ('84', 'kind', '0', 'nl', ' image '),
 ('84', 'extension', '0', 'nl', ' jpg '),
 ('82', 'slug', '0', 'nl', ' pexels photo 1070536 '),
 ('82', 'title', '0', 'nl', ' pexels photo 1070536 '),
 ('84', 'filename', '0', 'nl', ' pexels photo 1012982 jpg '),
 ('42', 'field', '77', 'nl', ' fa facebook https facebook com fa instagram https instagram com '),
 ('108', 'sku', '0', 'nl', ' a new toga '),
 ('107', 'slug', '0', 'nl', ' a new toga '),
 ('107', 'defaultsku', '0', 'nl', ' a new toga '),
 ('107', 'title', '0', 'nl', ' a new toga '),
 ('93', 'filename', '0', 'nl', ' pexels photo 417040 jpg '),
 ('93', 'extension', '0', 'nl', ' jpg '),
 ('93', 'kind', '0', 'nl', ' image '),
 ('93', 'slug', '0', 'nl', ' pexels photo 417040 '),
 ('93', 'title', '0', 'nl', ' pexels photo 417040 '),
 ('118', 'slug', '0', 'nl', ''),
 ('95', 'filename', '0', 'nl', ' pexels photo 691030 jpg '),
 ('95', 'extension', '0', 'nl', ' jpg '),
 ('95', 'kind', '0', 'nl', ' image '),
 ('95', 'slug', '0', 'nl', ' pexels photo 691030 '),
 ('95', 'title', '0', 'nl', ' pexels photo 691030 '),
 ('2', 'field', '72', 'nl', ' https www youtube com watch v=mzb1vgegcsu '),
 ('108', 'stock', '0', 'nl', ' 0 '),
 ('108', 'unlimitedstock', '0', 'nl', ' 1 '),
 ('108', 'minqty', '0', 'nl', ''),
 ('108', 'maxqty', '0', 'nl', ''),
 ('108', 'slug', '0', 'nl', ' a new toga '),
 ('108', 'title', '0', 'nl', ' a new toga '),
 ('109', 'title', '0', 'nl', ' parka with stripes on back '),
 ('109', 'defaultsku', '0', 'nl', ' parka with stripes on back '),
 ('109', 'slug', '0', 'nl', ' parka with stripes on back '),
 ('110', 'sku', '0', 'nl', ' parka with stripes on back '),
 ('110', 'price', '0', 'nl', ' 20 '),
 ('110', 'width', '0', 'nl', ''),
 ('110', 'height', '0', 'nl', ''),
 ('110', 'length', '0', 'nl', ''),
 ('110', 'weight', '0', 'nl', ''),
 ('110', 'stock', '0', 'nl', ' 0 '),
 ('110', 'unlimitedstock', '0', 'nl', ' 1 '),
 ('110', 'minqty', '0', 'nl', ''),
 ('110', 'maxqty', '0', 'nl', ''),
 ('110', 'slug', '0', 'nl', ' parka with stripes on back '),
 ('110', 'title', '0', 'nl', ' parka with stripes on back '),
 ('111', 'title', '0', 'nl', ' romper for a red eye '),
 ('111', 'defaultsku', '0', 'nl', ' romper for a red eye '),
 ('111', 'slug', '0', 'nl', ' romper for a red eye '),
 ('87', 'title', '0', 'nl', ' bojan '),
 ('87', 'slug', '0', 'nl', ' bojan '),
 ('87', 'kind', '0', 'nl', ' image '),
 ('87', 'extension', '0', 'nl', ' jpg '),
 ('108', 'weight', '0', 'nl', ''),
 ('87', 'filename', '0', 'nl', ' bojan jpg ');



DROP TABLE IF EXISTS `craft_sections`;


--
-- Schema for table `craft_sections`
--
CREATE TABLE `craft_sections` (
  `id` int(11) NOT NULL AUTO_INCREMENT,
  `structureId` int(11) DEFAULT NULL,
  `name` varchar(255) COLLATE utf8_unicode_ci NOT NULL,
  `handle` varchar(255) COLLATE utf8_unicode_ci NOT NULL,
  `type` enum('single','channel','structure') COLLATE utf8_unicode_ci NOT NULL DEFAULT 'channel',
  `hasUrls` tinyint(1) unsigned NOT NULL DEFAULT '1',
  `template` varchar(500) COLLATE utf8_unicode_ci DEFAULT NULL,
  `enableVersioning` tinyint(1) unsigned NOT NULL DEFAULT '0',
  `dateCreated` datetime NOT NULL,
  `dateUpdated` datetime NOT NULL,
  `uid` char(36) COLLATE utf8_unicode_ci NOT NULL DEFAULT '0',
  PRIMARY KEY (`id`),
  UNIQUE KEY `craft_sections_name_unq_idx` (`name`),
  UNIQUE KEY `craft_sections_handle_unq_idx` (`handle`),
  KEY `craft_sections_structureId_fk` (`structureId`)
) ENGINE=InnoDB AUTO_INCREMENT=16 DEFAULT CHARSET=utf8 COLLATE=utf8_unicode_ci;

--
-- Data for table `craft_sections`
--

INSERT INTO `craft_sections` (`id`, `structureId`, `name`, `handle`, `type`, `hasUrls`, `template`, `enableVersioning`, `dateCreated`, `dateUpdated`, `uid`) VALUES
 ('1', NULL, 'Homepage', 'homepage', 'single', '1', 'index', '1', '2018-10-17 19:49:49', '2018-10-17 19:49:49', 'f8405b59-73ba-41fb-b46b-aad0106ce102'),
 ('15', NULL, 'Blog', 'blog', 'channel', '1', 'blog/_entry', '1', '2018-12-11 13:28:45', '2018-12-11 13:28:45', '74e75539-571c-4d4f-9fe1-6bd15fa98c35');



DROP TABLE IF EXISTS `craft_sections_i18n`;


--
-- Schema for table `craft_sections_i18n`
--
CREATE TABLE `craft_sections_i18n` (
  `id` int(11) NOT NULL AUTO_INCREMENT,
  `sectionId` int(11) NOT NULL,
  `locale` char(12) COLLATE utf8_unicode_ci NOT NULL,
  `enabledByDefault` tinyint(1) unsigned NOT NULL DEFAULT '1',
  `urlFormat` text COLLATE utf8_unicode_ci,
  `nestedUrlFormat` text COLLATE utf8_unicode_ci,
  `dateCreated` datetime NOT NULL,
  `dateUpdated` datetime NOT NULL,
  `uid` char(36) COLLATE utf8_unicode_ci NOT NULL DEFAULT '0',
  PRIMARY KEY (`id`),
  UNIQUE KEY `craft_sections_i18n_sectionId_locale_unq_idx` (`sectionId`,`locale`),
  KEY `craft_sections_i18n_locale_fk` (`locale`)
) ENGINE=InnoDB AUTO_INCREMENT=16 DEFAULT CHARSET=utf8 COLLATE=utf8_unicode_ci;

--
-- Data for table `craft_sections_i18n`
--

INSERT INTO `craft_sections_i18n` (`id`, `sectionId`, `locale`, `enabledByDefault`, `urlFormat`, `nestedUrlFormat`, `dateCreated`, `dateUpdated`, `uid`) VALUES
 ('1', '1', 'nl', '1', '__home__', NULL, '2018-10-17 19:49:49', '2018-10-17 19:49:49', 'bbf0ffac-17d8-4ee3-a7e8-97b9d7582ae2'),
 ('15', '15', 'nl', '1', 'blog/{slug}', NULL, '2018-12-11 13:28:45', '2018-12-11 13:28:45', '62e77495-27ff-4f28-9dc6-174f63d96b0d');



DROP TABLE IF EXISTS `craft_seomatic_meta`;


--
-- Schema for table `craft_seomatic_meta`
--
CREATE TABLE `craft_seomatic_meta` (
  `id` int(11) NOT NULL,
  `seoImageId` int(11) DEFAULT NULL,
  `seoTwitterImageId` int(11) DEFAULT NULL,
  `seoFacebookImageId` int(11) DEFAULT NULL,
  `locale` varchar(255) COLLATE utf8_unicode_ci DEFAULT 'nl',
  `elementId` int(10) DEFAULT '0',
  `metaType` enum('default','template') COLLATE utf8_unicode_ci DEFAULT 'template',
  `metaPath` varchar(255) COLLATE utf8_unicode_ci DEFAULT '',
  `seoMainEntityCategory` varchar(255) COLLATE utf8_unicode_ci DEFAULT '',
  `seoMainEntityOfPage` varchar(255) COLLATE utf8_unicode_ci DEFAULT '',
  `seoTitle` varchar(255) COLLATE utf8_unicode_ci DEFAULT '',
  `seoDescription` varchar(255) COLLATE utf8_unicode_ci DEFAULT '',
  `seoKeywords` varchar(255) COLLATE utf8_unicode_ci DEFAULT '',
  `seoImageTransform` varchar(255) COLLATE utf8_unicode_ci DEFAULT '',
  `seoFacebookImageTransform` varchar(255) COLLATE utf8_unicode_ci DEFAULT '',
  `seoTwitterImageTransform` varchar(255) COLLATE utf8_unicode_ci DEFAULT '',
  `twitterCardType` varchar(255) COLLATE utf8_unicode_ci DEFAULT 'summary',
  `openGraphType` varchar(255) COLLATE utf8_unicode_ci DEFAULT 'website',
  `robots` varchar(255) COLLATE utf8_unicode_ci DEFAULT '',
  `dateCreated` datetime NOT NULL,
  `dateUpdated` datetime NOT NULL,
  `uid` char(36) COLLATE utf8_unicode_ci NOT NULL DEFAULT '0',
  PRIMARY KEY (`id`),
  KEY `craft_seomatic_meta_seoImageId_fk` (`seoImageId`),
  KEY `craft_seomatic_meta_seoTwitterImageId_fk` (`seoTwitterImageId`),
  KEY `craft_seomatic_meta_seoFacebookImageId_fk` (`seoFacebookImageId`)
) ENGINE=InnoDB DEFAULT CHARSET=utf8 COLLATE=utf8_unicode_ci;

DROP TABLE IF EXISTS `craft_seomatic_settings`;


--
-- Schema for table `craft_seomatic_settings`
--
CREATE TABLE `craft_seomatic_settings` (
  `id` int(11) NOT NULL AUTO_INCREMENT,
  `siteSeoImageId` int(11) DEFAULT NULL,
  `siteSeoTwitterImageId` int(11) DEFAULT NULL,
  `siteSeoFacebookImageId` int(11) DEFAULT NULL,
  `genericOwnerImageId` int(11) DEFAULT NULL,
  `genericCreatorImageId` int(11) DEFAULT NULL,
  `locale` varchar(255) COLLATE utf8_unicode_ci DEFAULT '',
  `siteSeoName` varchar(255) COLLATE utf8_unicode_ci DEFAULT '',
  `siteSeoTitle` varchar(255) COLLATE utf8_unicode_ci DEFAULT '',
  `siteSeoTitleSeparator` varchar(10) COLLATE utf8_unicode_ci DEFAULT '|',
  `siteSeoTitlePlacement` enum('before','after','none') COLLATE utf8_unicode_ci DEFAULT 'after',
  `siteSeoDescription` varchar(255) COLLATE utf8_unicode_ci DEFAULT '',
  `siteSeoKeywords` varchar(255) COLLATE utf8_unicode_ci DEFAULT '',
  `siteSeoImageTransform` varchar(100) COLLATE utf8_unicode_ci DEFAULT '',
  `siteSeoFacebookImageTransform` varchar(100) COLLATE utf8_unicode_ci DEFAULT '',
  `siteSeoTwitterImageTransform` varchar(100) COLLATE utf8_unicode_ci DEFAULT '',
  `siteTwitterCardType` varchar(50) COLLATE utf8_unicode_ci DEFAULT '',
  `siteOpenGraphType` varchar(50) COLLATE utf8_unicode_ci DEFAULT '',
  `siteRobots` varchar(50) COLLATE utf8_unicode_ci DEFAULT '',
  `siteRobotsTxt` text COLLATE utf8_unicode_ci,
  `siteLinksSearchTargets` text COLLATE utf8_unicode_ci,
  `siteLinksQueryInput` varchar(50) COLLATE utf8_unicode_ci DEFAULT '',
  `googleSiteVerification` varchar(100) COLLATE utf8_unicode_ci DEFAULT '',
  `bingSiteVerification` varchar(100) COLLATE utf8_unicode_ci DEFAULT '',
  `googleAnalyticsUID` varchar(50) COLLATE utf8_unicode_ci DEFAULT '',
  `googleTagManagerID` varchar(50) COLLATE utf8_unicode_ci DEFAULT '',
  `googleAnalyticsSendPageview` tinyint(1) unsigned NOT NULL DEFAULT '1',
  `googleAnalyticsAdvertising` tinyint(1) unsigned NOT NULL DEFAULT '0',
  `googleAnalyticsEcommerce` tinyint(1) unsigned NOT NULL DEFAULT '0',
  `googleAnalyticsEEcommerce` tinyint(1) unsigned NOT NULL DEFAULT '0',
  `googleAnalyticsLinkAttribution` tinyint(1) unsigned NOT NULL DEFAULT '0',
  `googleAnalyticsLinker` tinyint(1) unsigned NOT NULL DEFAULT '0',
  `googleAnalyticsAnonymizeIp` tinyint(1) unsigned NOT NULL DEFAULT '0',
  `siteOwnerType` varchar(50) COLLATE utf8_unicode_ci DEFAULT '',
  `siteOwnerSubType` varchar(50) COLLATE utf8_unicode_ci DEFAULT '',
  `siteOwnerSpecificType` varchar(50) COLLATE utf8_unicode_ci DEFAULT '',
  `genericOwnerName` varchar(255) COLLATE utf8_unicode_ci DEFAULT '',
  `genericOwnerAlternateName` varchar(255) COLLATE utf8_unicode_ci DEFAULT '',
  `genericOwnerDescription` varchar(1024) COLLATE utf8_unicode_ci DEFAULT '',
  `genericOwnerUrl` varchar(255) COLLATE utf8_unicode_ci DEFAULT '',
  `genericOwnerTelephone` varchar(255) COLLATE utf8_unicode_ci DEFAULT '',
  `genericOwnerEmail` varchar(255) COLLATE utf8_unicode_ci DEFAULT '',
  `genericOwnerStreetAddress` varchar(255) COLLATE utf8_unicode_ci DEFAULT '',
  `genericOwnerAddressLocality` varchar(255) COLLATE utf8_unicode_ci DEFAULT '',
  `genericOwnerAddressRegion` varchar(255) COLLATE utf8_unicode_ci DEFAULT '',
  `genericOwnerPostalCode` varchar(255) COLLATE utf8_unicode_ci DEFAULT '',
  `genericOwnerAddressCountry` varchar(255) COLLATE utf8_unicode_ci DEFAULT '',
  `genericOwnerGeoLatitude` varchar(255) COLLATE utf8_unicode_ci DEFAULT '',
  `genericOwnerGeoLongitude` varchar(255) COLLATE utf8_unicode_ci DEFAULT '',
  `organizationOwnerDuns` varchar(255) COLLATE utf8_unicode_ci DEFAULT '',
  `organizationOwnerFounder` varchar(255) COLLATE utf8_unicode_ci DEFAULT '',
  `organizationOwnerFoundingDate` varchar(255) COLLATE utf8_unicode_ci DEFAULT '',
  `organizationOwnerFoundingLocation` varchar(255) COLLATE utf8_unicode_ci DEFAULT '',
  `organizationOwnerContactPoints` text COLLATE utf8_unicode_ci,
  `localBusinessPriceRange` varchar(10) COLLATE utf8_unicode_ci DEFAULT '$$$',
  `localBusinessOwnerOpeningHours` text COLLATE utf8_unicode_ci,
  `corporationOwnerTickerSymbol` varchar(255) COLLATE utf8_unicode_ci DEFAULT '',
  `restaurantOwnerServesCuisine` varchar(255) COLLATE utf8_unicode_ci DEFAULT '',
  `restaurantOwnerMenuUrl` varchar(255) COLLATE utf8_unicode_ci DEFAULT '',
  `restaurantOwnerReservationsUrl` varchar(255) COLLATE utf8_unicode_ci DEFAULT '',
  `personOwnerGender` varchar(255) COLLATE utf8_unicode_ci DEFAULT '',
  `personOwnerBirthPlace` varchar(255) COLLATE utf8_unicode_ci DEFAULT '',
  `twitterHandle` varchar(50) COLLATE utf8_unicode_ci DEFAULT '',
  `facebookHandle` varchar(50) COLLATE utf8_unicode_ci DEFAULT '',
  `facebookProfileId` varchar(50) COLLATE utf8_unicode_ci DEFAULT '',
  `facebookAppId` varchar(50) COLLATE utf8_unicode_ci DEFAULT '',
  `linkedInHandle` varchar(50) COLLATE utf8_unicode_ci DEFAULT '',
  `googlePlusHandle` varchar(50) COLLATE utf8_unicode_ci DEFAULT '',
  `youtubeHandle` varchar(50) COLLATE utf8_unicode_ci DEFAULT '',
  `youtubeChannelHandle` varchar(50) COLLATE utf8_unicode_ci DEFAULT '',
  `instagramHandle` varchar(50) COLLATE utf8_unicode_ci DEFAULT '',
  `pinterestHandle` varchar(50) COLLATE utf8_unicode_ci DEFAULT '',
  `githubHandle` varchar(50) COLLATE utf8_unicode_ci DEFAULT '',
  `vimeoHandle` varchar(50) COLLATE utf8_unicode_ci DEFAULT '',
  `wikipediaUrl` varchar(100) COLLATE utf8_unicode_ci DEFAULT '',
  `siteCreatorType` varchar(255) COLLATE utf8_unicode_ci DEFAULT '',
  `siteCreatorSubType` varchar(255) COLLATE utf8_unicode_ci DEFAULT '',
  `siteCreatorSpecificType` varchar(255) COLLATE utf8_unicode_ci DEFAULT '',
  `genericCreatorName` varchar(255) COLLATE utf8_unicode_ci DEFAULT '',
  `genericCreatorAlternateName` varchar(255) COLLATE utf8_unicode_ci DEFAULT '',
  `genericCreatorDescription` varchar(1024) COLLATE utf8_unicode_ci DEFAULT '',
  `genericCreatorUrl` varchar(255) COLLATE utf8_unicode_ci DEFAULT '',
  `genericCreatorTelephone` varchar(255) COLLATE utf8_unicode_ci DEFAULT '',
  `genericCreatorEmail` varchar(255) COLLATE utf8_unicode_ci DEFAULT '',
  `genericCreatorStreetAddress` varchar(255) COLLATE utf8_unicode_ci DEFAULT '',
  `genericCreatorAddressLocality` varchar(255) COLLATE utf8_unicode_ci DEFAULT '',
  `genericCreatorAddressRegion` varchar(255) COLLATE utf8_unicode_ci DEFAULT '',
  `genericCreatorPostalCode` varchar(255) COLLATE utf8_unicode_ci DEFAULT '',
  `genericCreatorAddressCountry` varchar(255) COLLATE utf8_unicode_ci DEFAULT '',
  `genericCreatorGeoLatitude` varchar(255) COLLATE utf8_unicode_ci DEFAULT '',
  `genericCreatorGeoLongitude` varchar(255) COLLATE utf8_unicode_ci DEFAULT '',
  `organizationCreatorDuns` varchar(255) COLLATE utf8_unicode_ci DEFAULT '',
  `organizationCreatorFounder` varchar(255) COLLATE utf8_unicode_ci DEFAULT '',
  `organizationCreatorFoundingDate` varchar(255) COLLATE utf8_unicode_ci DEFAULT '',
  `organizationCreatorFoundingLocation` varchar(255) COLLATE utf8_unicode_ci DEFAULT '',
  `organizationCreatorContactPoints` text COLLATE utf8_unicode_ci,
  `localBusinessCreatorOpeningHours` text COLLATE utf8_unicode_ci,
  `corporationCreatorTickerSymbol` varchar(255) COLLATE utf8_unicode_ci DEFAULT '',
  `restaurantCreatorServesCuisine` varchar(255) COLLATE utf8_unicode_ci DEFAULT '',
  `restaurantCreatorMenuUrl` varchar(255) COLLATE utf8_unicode_ci DEFAULT '',
  `restaurantCreatorReservationsUrl` varchar(255) COLLATE utf8_unicode_ci DEFAULT '',
  `personCreatorGender` varchar(255) COLLATE utf8_unicode_ci DEFAULT '',
  `personCreatorBirthPlace` varchar(255) COLLATE utf8_unicode_ci DEFAULT '',
  `genericCreatorHumansTxt` text COLLATE utf8_unicode_ci,
  `dateCreated` datetime NOT NULL,
  `dateUpdated` datetime NOT NULL,
  `uid` char(36) COLLATE utf8_unicode_ci NOT NULL DEFAULT '0',
  PRIMARY KEY (`id`),
  KEY `craft_seomatic_settings_siteSeoImageId_fk` (`siteSeoImageId`),
  KEY `craft_seomatic_settings_siteSeoTwitterImageId_fk` (`siteSeoTwitterImageId`),
  KEY `craft_seomatic_settings_siteSeoFacebookImageId_fk` (`siteSeoFacebookImageId`),
  KEY `craft_seomatic_settings_genericOwnerImageId_fk` (`genericOwnerImageId`),
  KEY `craft_seomatic_settings_genericCreatorImageId_fk` (`genericCreatorImageId`)
) ENGINE=InnoDB AUTO_INCREMENT=2 DEFAULT CHARSET=utf8 COLLATE=utf8_unicode_ci;

--
-- Data for table `craft_seomatic_settings`
--

INSERT INTO `craft_seomatic_settings` (`id`, `siteSeoImageId`, `siteSeoTwitterImageId`, `siteSeoFacebookImageId`, `genericOwnerImageId`, `genericCreatorImageId`, `locale`, `siteSeoName`, `siteSeoTitle`, `siteSeoTitleSeparator`, `siteSeoTitlePlacement`, `siteSeoDescription`, `siteSeoKeywords`, `siteSeoImageTransform`, `siteSeoFacebookImageTransform`, `siteSeoTwitterImageTransform`, `siteTwitterCardType`, `siteOpenGraphType`, `siteRobots`, `siteRobotsTxt`, `siteLinksSearchTargets`, `siteLinksQueryInput`, `googleSiteVerification`, `bingSiteVerification`, `googleAnalyticsUID`, `googleTagManagerID`, `googleAnalyticsSendPageview`, `googleAnalyticsAdvertising`, `googleAnalyticsEcommerce`, `googleAnalyticsEEcommerce`, `googleAnalyticsLinkAttribution`, `googleAnalyticsLinker`, `googleAnalyticsAnonymizeIp`, `siteOwnerType`, `siteOwnerSubType`, `siteOwnerSpecificType`, `genericOwnerName`, `genericOwnerAlternateName`, `genericOwnerDescription`, `genericOwnerUrl`, `genericOwnerTelephone`, `genericOwnerEmail`, `genericOwnerStreetAddress`, `genericOwnerAddressLocality`, `genericOwnerAddressRegion`, `genericOwnerPostalCode`, `genericOwnerAddressCountry`, `genericOwnerGeoLatitude`, `genericOwnerGeoLongitude`, `organizationOwnerDuns`, `organizationOwnerFounder`, `organizationOwnerFoundingDate`, `organizationOwnerFoundingLocation`, `organizationOwnerContactPoints`, `localBusinessPriceRange`, `localBusinessOwnerOpeningHours`, `corporationOwnerTickerSymbol`, `restaurantOwnerServesCuisine`, `restaurantOwnerMenuUrl`, `restaurantOwnerReservationsUrl`, `personOwnerGender`, `personOwnerBirthPlace`, `twitterHandle`, `facebookHandle`, `facebookProfileId`, `facebookAppId`, `linkedInHandle`, `googlePlusHandle`, `youtubeHandle`, `youtubeChannelHandle`, `instagramHandle`, `pinterestHandle`, `githubHandle`, `vimeoHandle`, `wikipediaUrl`, `siteCreatorType`, `siteCreatorSubType`, `siteCreatorSpecificType`, `genericCreatorName`, `genericCreatorAlternateName`, `genericCreatorDescription`, `genericCreatorUrl`, `genericCreatorTelephone`, `genericCreatorEmail`, `genericCreatorStreetAddress`, `genericCreatorAddressLocality`, `genericCreatorAddressRegion`, `genericCreatorPostalCode`, `genericCreatorAddressCountry`, `genericCreatorGeoLatitude`, `genericCreatorGeoLongitude`, `organizationCreatorDuns`, `organizationCreatorFounder`, `organizationCreatorFoundingDate`, `organizationCreatorFoundingLocation`, `organizationCreatorContactPoints`, `localBusinessCreatorOpeningHours`, `corporationCreatorTickerSymbol`, `restaurantCreatorServesCuisine`, `restaurantCreatorMenuUrl`, `restaurantCreatorReservationsUrl`, `personCreatorGender`, `personCreatorBirthPlace`, `genericCreatorHumansTxt`, `dateCreated`, `dateUpdated`, `uid`) VALUES
 ('1', NULL, NULL, NULL, NULL, NULL, 'nl', 'Bojan Gurbaj', 'standaard titel', '|', 'after', 'Dit is de default met omschrijving voor alle pagina\'s', 'default,global,comma-separated,keywords', '', '', '', 'summary', 'website', '', '# robots.txt for {{ siteUrl }}\r\n\r\nSitemap: {{ siteUrl |trim(\'/\') }}/sitemap.xml\r\n\r\n{% if craft.config.devMode %}\r\n# devMode - disallow all\r\n\r\nUser-agent: *\r\nDisallow: /\r\n{% else %}\r\n# Live - Don\'t allow web crawlers to index Craft\r\n\r\nUser-agent: *\r\nDisallow: /craft/\r\n{% endif %}', '[]', '', '', '', '', '', '1', '0', '0', '0', '0', '0', '0', 'Organization', 'Corporation', '', 'Site', '', '', 'http://semstarz.local/', '', '', '', '', '', '', '', '', '', '', '', '', '', '', '$$$', '', '', '', '', '', '', '', '', '', '', '', '', '', '', '', '', '', '', '', '', 'Organization', 'Corporation', '', '', '', '', '', '', '', '', '', '', '', '', '', '', '', '', '', '', '', '', '', '', '', '', '', '', '/* TEAM */\n\n{% if seomaticCreator.name is defined and seomaticCreator.name %}\nCreator: {{ seomaticCreator.name }}\n{% endif %}\n{% if seomaticCreator.url is defined and seomaticCreator.url %}\nURL: {{ seomaticCreator.url }}\n{% endif %}\n{% if seomaticCreator.description is defined and seomaticCreator.description %}\nDescription: {{ seomaticCreator.description }}\n{% endif %}\n\n/* THANKS */\n\nPixel & Tonic - https://pixelandtonic.com\n\n/* SITE */\n\nStandards: HTML5, CSS3\nComponents: Craft CMS, Yii, PHP, Javascript, SEOmatic', '2018-10-31 20:12:35', '2018-11-13 17:46:06', '6491416c-2553-439b-b935-4bbd7c689433');



DROP TABLE IF EXISTS `craft_sessions`;


--
-- Schema for table `craft_sessions`
--
CREATE TABLE `craft_sessions` (
  `id` int(11) NOT NULL AUTO_INCREMENT,
  `userId` int(11) NOT NULL,
  `token` char(100) COLLATE utf8_unicode_ci NOT NULL,
  `dateCreated` datetime NOT NULL,
  `dateUpdated` datetime NOT NULL,
  `uid` char(36) COLLATE utf8_unicode_ci NOT NULL DEFAULT '0',
  PRIMARY KEY (`id`),
  KEY `craft_sessions_uid_idx` (`uid`),
  KEY `craft_sessions_token_idx` (`token`),
  KEY `craft_sessions_dateUpdated_idx` (`dateUpdated`),
  KEY `craft_sessions_userId_fk` (`userId`)
) ENGINE=InnoDB AUTO_INCREMENT=47 DEFAULT CHARSET=utf8 COLLATE=utf8_unicode_ci;

DROP TABLE IF EXISTS `craft_shunnedmessages`;


--
-- Schema for table `craft_shunnedmessages`
--
CREATE TABLE `craft_shunnedmessages` (
  `id` int(11) NOT NULL AUTO_INCREMENT,
  `userId` int(11) NOT NULL,
  `message` varchar(255) COLLATE utf8_unicode_ci NOT NULL,
  `expiryDate` datetime DEFAULT NULL,
  `dateCreated` datetime NOT NULL,
  `dateUpdated` datetime NOT NULL,
  `uid` char(36) COLLATE utf8_unicode_ci NOT NULL DEFAULT '0',
  PRIMARY KEY (`id`),
  UNIQUE KEY `craft_shunnedmessages_userId_message_unq_idx` (`userId`,`message`)
) ENGINE=InnoDB DEFAULT CHARSET=utf8 COLLATE=utf8_unicode_ci;

DROP TABLE IF EXISTS `craft_structureelements`;


--
-- Schema for table `craft_structureelements`
--
CREATE TABLE `craft_structureelements` (
  `id` int(11) NOT NULL AUTO_INCREMENT,
  `structureId` int(11) NOT NULL,
  `elementId` int(11) DEFAULT NULL,
  `root` int(11) unsigned DEFAULT NULL,
  `lft` int(11) unsigned NOT NULL,
  `rgt` int(11) unsigned NOT NULL,
  `level` smallint(6) unsigned NOT NULL,
  `dateCreated` datetime NOT NULL,
  `dateUpdated` datetime NOT NULL,
  `uid` char(36) COLLATE utf8_unicode_ci NOT NULL DEFAULT '0',
  PRIMARY KEY (`id`),
  UNIQUE KEY `craft_structureelements_structureId_elementId_unq_idx` (`structureId`,`elementId`),
  KEY `craft_structureelements_root_idx` (`root`),
  KEY `craft_structureelements_lft_idx` (`lft`),
  KEY `craft_structureelements_rgt_idx` (`rgt`),
  KEY `craft_structureelements_level_idx` (`level`),
  KEY `craft_structureelements_elementId_fk` (`elementId`)
) ENGINE=InnoDB DEFAULT CHARSET=utf8 COLLATE=utf8_unicode_ci;

DROP TABLE IF EXISTS `craft_structures`;


--
-- Schema for table `craft_structures`
--
CREATE TABLE `craft_structures` (
  `id` int(11) NOT NULL AUTO_INCREMENT,
  `maxLevels` smallint(6) unsigned DEFAULT NULL,
  `dateCreated` datetime NOT NULL,
  `dateUpdated` datetime NOT NULL,
  `uid` char(36) COLLATE utf8_unicode_ci NOT NULL DEFAULT '0',
  PRIMARY KEY (`id`)
) ENGINE=InnoDB DEFAULT CHARSET=utf8 COLLATE=utf8_unicode_ci;

DROP TABLE IF EXISTS `craft_supertableblocks`;


--
-- Schema for table `craft_supertableblocks`
--
CREATE TABLE `craft_supertableblocks` (
  `id` int(11) NOT NULL,
  `ownerId` int(11) NOT NULL,
  `fieldId` int(11) NOT NULL,
  `typeId` int(11) DEFAULT NULL,
  `sortOrder` smallint(6) unsigned DEFAULT NULL,
  `ownerLocale` char(12) COLLATE utf8_unicode_ci DEFAULT NULL,
  `dateCreated` datetime NOT NULL,
  `dateUpdated` datetime NOT NULL,
  `uid` char(36) COLLATE utf8_unicode_ci NOT NULL DEFAULT '0',
  PRIMARY KEY (`id`),
  KEY `craft_supertableblocks_ownerId_idx` (`ownerId`),
  KEY `craft_supertableblocks_fieldId_idx` (`fieldId`),
  KEY `craft_supertableblocks_typeId_idx` (`typeId`),
  KEY `craft_supertableblocks_sortOrder_idx` (`sortOrder`),
  KEY `craft_supertableblocks_ownerLocale_fk` (`ownerLocale`)
) ENGINE=InnoDB DEFAULT CHARSET=utf8 COLLATE=utf8_unicode_ci;

DROP TABLE IF EXISTS `craft_supertableblocktypes`;


--
-- Schema for table `craft_supertableblocktypes`
--
CREATE TABLE `craft_supertableblocktypes` (
  `id` int(11) NOT NULL AUTO_INCREMENT,
  `fieldId` int(11) NOT NULL,
  `fieldLayoutId` int(11) DEFAULT NULL,
  `dateCreated` datetime NOT NULL,
  `dateUpdated` datetime NOT NULL,
  `uid` char(36) COLLATE utf8_unicode_ci NOT NULL DEFAULT '0',
  PRIMARY KEY (`id`),
  KEY `craft_supertableblocktypes_fieldId_fk` (`fieldId`),
  KEY `craft_supertableblocktypes_fieldLayoutId_fk` (`fieldLayoutId`)
) ENGINE=InnoDB DEFAULT CHARSET=utf8 COLLATE=utf8_unicode_ci;

DROP TABLE IF EXISTS `craft_systemsettings`;


--
-- Schema for table `craft_systemsettings`
--
CREATE TABLE `craft_systemsettings` (
  `id` int(11) NOT NULL AUTO_INCREMENT,
  `category` varchar(15) COLLATE utf8_unicode_ci NOT NULL,
  `settings` text COLLATE utf8_unicode_ci,
  `dateCreated` datetime NOT NULL,
  `dateUpdated` datetime NOT NULL,
  `uid` char(36) COLLATE utf8_unicode_ci NOT NULL DEFAULT '0',
  PRIMARY KEY (`id`),
  UNIQUE KEY `craft_systemsettings_category_unq_idx` (`category`)
) ENGINE=InnoDB AUTO_INCREMENT=2 DEFAULT CHARSET=utf8 COLLATE=utf8_unicode_ci;

--
-- Data for table `craft_systemsettings`
--

INSERT INTO `craft_systemsettings` (`id`, `category`, `settings`, `dateCreated`, `dateUpdated`, `uid`) VALUES
 ('1', 'email', '{\"protocol\":\"php\",\"emailAddress\":\"brankog98@icloud.com\",\"senderName\":\"Leppo\"}', '2018-10-17 19:49:49', '2018-12-11 13:01:19', '516b0465-9c09-418a-b626-e5b1a8af3a79');



DROP TABLE IF EXISTS `craft_taggroups`;


--
-- Schema for table `craft_taggroups`
--
CREATE TABLE `craft_taggroups` (
  `id` int(11) NOT NULL AUTO_INCREMENT,
  `name` varchar(255) COLLATE utf8_unicode_ci NOT NULL,
  `handle` varchar(255) COLLATE utf8_unicode_ci NOT NULL,
  `fieldLayoutId` int(10) DEFAULT NULL,
  `dateCreated` datetime NOT NULL,
  `dateUpdated` datetime NOT NULL,
  `uid` char(36) COLLATE utf8_unicode_ci NOT NULL DEFAULT '0',
  PRIMARY KEY (`id`),
  UNIQUE KEY `craft_taggroups_name_unq_idx` (`name`),
  UNIQUE KEY `craft_taggroups_handle_unq_idx` (`handle`),
  KEY `craft_taggroups_fieldLayoutId_fk` (`fieldLayoutId`)
) ENGINE=InnoDB AUTO_INCREMENT=2 DEFAULT CHARSET=utf8 COLLATE=utf8_unicode_ci;

--
-- Data for table `craft_taggroups`
--

INSERT INTO `craft_taggroups` (`id`, `name`, `handle`, `fieldLayoutId`, `dateCreated`, `dateUpdated`, `uid`) VALUES
 ('1', 'Default', 'default', '1', '2018-10-17 19:49:49', '2018-10-17 19:49:49', '5430e670-36a4-413b-8deb-0a9029773eaa');



DROP TABLE IF EXISTS `craft_tags`;


--
-- Schema for table `craft_tags`
--
CREATE TABLE `craft_tags` (
  `id` int(11) NOT NULL,
  `groupId` int(11) NOT NULL,
  `dateCreated` datetime NOT NULL,
  `dateUpdated` datetime NOT NULL,
  `uid` char(36) COLLATE utf8_unicode_ci NOT NULL DEFAULT '0',
  PRIMARY KEY (`id`),
  KEY `craft_tags_groupId_fk` (`groupId`)
) ENGINE=InnoDB DEFAULT CHARSET=utf8 COLLATE=utf8_unicode_ci;

DROP TABLE IF EXISTS `craft_tasks`;


--
-- Schema for table `craft_tasks`
--
CREATE TABLE `craft_tasks` (
  `id` int(11) NOT NULL AUTO_INCREMENT,
  `root` int(11) unsigned DEFAULT NULL,
  `lft` int(11) unsigned NOT NULL,
  `rgt` int(11) unsigned NOT NULL,
  `level` smallint(6) unsigned NOT NULL,
  `currentStep` int(11) unsigned DEFAULT NULL,
  `totalSteps` int(11) unsigned DEFAULT NULL,
  `status` enum('pending','error','running') COLLATE utf8_unicode_ci DEFAULT NULL,
  `type` varchar(150) COLLATE utf8_unicode_ci NOT NULL,
  `description` varchar(255) COLLATE utf8_unicode_ci DEFAULT NULL,
  `settings` mediumtext COLLATE utf8_unicode_ci,
  `dateCreated` datetime NOT NULL,
  `dateUpdated` datetime NOT NULL,
  `uid` char(36) COLLATE utf8_unicode_ci NOT NULL DEFAULT '0',
  PRIMARY KEY (`id`),
  KEY `craft_tasks_root_idx` (`root`),
  KEY `craft_tasks_lft_idx` (`lft`),
  KEY `craft_tasks_rgt_idx` (`rgt`),
  KEY `craft_tasks_level_idx` (`level`)
) ENGINE=InnoDB DEFAULT CHARSET=utf8 COLLATE=utf8_unicode_ci;

DROP TABLE IF EXISTS `craft_templatecachecriteria`;


--
-- Schema for table `craft_templatecachecriteria`
--
CREATE TABLE `craft_templatecachecriteria` (
  `id` int(11) NOT NULL AUTO_INCREMENT,
  `cacheId` int(11) NOT NULL,
  `type` varchar(150) COLLATE utf8_unicode_ci NOT NULL,
  `criteria` text COLLATE utf8_unicode_ci NOT NULL,
  PRIMARY KEY (`id`),
  KEY `craft_templatecachecriteria_cacheId_fk` (`cacheId`),
  KEY `craft_templatecachecriteria_type_idx` (`type`)
) ENGINE=InnoDB DEFAULT CHARSET=utf8 COLLATE=utf8_unicode_ci;

DROP TABLE IF EXISTS `craft_templatecacheelements`;


--
-- Schema for table `craft_templatecacheelements`
--
CREATE TABLE `craft_templatecacheelements` (
  `cacheId` int(11) NOT NULL,
  `elementId` int(11) NOT NULL,
  KEY `craft_templatecacheelements_cacheId_fk` (`cacheId`),
  KEY `craft_templatecacheelements_elementId_fk` (`elementId`)
) ENGINE=InnoDB DEFAULT CHARSET=utf8 COLLATE=utf8_unicode_ci;

DROP TABLE IF EXISTS `craft_templatecaches`;


--
-- Schema for table `craft_templatecaches`
--
CREATE TABLE `craft_templatecaches` (
  `id` int(11) NOT NULL AUTO_INCREMENT,
  `cacheKey` varchar(255) COLLATE utf8_unicode_ci NOT NULL,
  `locale` char(12) COLLATE utf8_unicode_ci NOT NULL,
  `path` varchar(255) COLLATE utf8_unicode_ci DEFAULT NULL,
  `expiryDate` datetime NOT NULL,
  `body` mediumtext COLLATE utf8_unicode_ci NOT NULL,
  PRIMARY KEY (`id`),
  KEY `craft_templatecaches_locale_cacheKey_path_expiryDate_idx` (`locale`,`cacheKey`,`path`,`expiryDate`),
  KEY `craft_templatecaches_expiryDate_cacheKey_locale_idx` (`expiryDate`,`cacheKey`,`locale`),
  KEY `craft_templatecaches_cacheKey_locale_expiryDate_idx` (`cacheKey`,`locale`,`expiryDate`),
  KEY `craft_templatecaches_cacheKey_locale_expiryDate_path_idx` (`cacheKey`,`locale`,`expiryDate`,`path`)
) ENGINE=InnoDB DEFAULT CHARSET=utf8 COLLATE=utf8_unicode_ci;

DROP TABLE IF EXISTS `craft_tokens`;


--
-- Schema for table `craft_tokens`
--
CREATE TABLE `craft_tokens` (
  `id` int(11) NOT NULL AUTO_INCREMENT,
  `token` char(32) COLLATE utf8_unicode_ci NOT NULL,
  `route` text COLLATE utf8_unicode_ci,
  `usageLimit` tinyint(3) unsigned DEFAULT NULL,
  `usageCount` tinyint(3) unsigned DEFAULT NULL,
  `expiryDate` datetime NOT NULL,
  `dateCreated` datetime NOT NULL,
  `dateUpdated` datetime NOT NULL,
  `uid` char(36) COLLATE utf8_unicode_ci NOT NULL DEFAULT '0',
  PRIMARY KEY (`id`),
  UNIQUE KEY `craft_tokens_token_unq_idx` (`token`),
  KEY `craft_tokens_expiryDate_idx` (`expiryDate`)
) ENGINE=InnoDB DEFAULT CHARSET=utf8 COLLATE=utf8_unicode_ci;

DROP TABLE IF EXISTS `craft_usergroups`;


--
-- Schema for table `craft_usergroups`
--
CREATE TABLE `craft_usergroups` (
  `id` int(11) NOT NULL AUTO_INCREMENT,
  `name` varchar(255) COLLATE utf8_unicode_ci NOT NULL,
  `handle` varchar(255) COLLATE utf8_unicode_ci NOT NULL,
  `dateCreated` datetime NOT NULL,
  `dateUpdated` datetime NOT NULL,
  `uid` char(36) COLLATE utf8_unicode_ci NOT NULL DEFAULT '0',
  PRIMARY KEY (`id`),
  UNIQUE KEY `craft_usergroups_handle_unq_idx` (`handle`),
  UNIQUE KEY `craft_usergroups_name_unq_idx` (`name`)
) ENGINE=InnoDB DEFAULT CHARSET=utf8 COLLATE=utf8_unicode_ci;

DROP TABLE IF EXISTS `craft_usergroups_users`;


--
-- Schema for table `craft_usergroups_users`
--
CREATE TABLE `craft_usergroups_users` (
  `id` int(11) NOT NULL AUTO_INCREMENT,
  `groupId` int(11) NOT NULL,
  `userId` int(11) NOT NULL,
  `dateCreated` datetime NOT NULL,
  `dateUpdated` datetime NOT NULL,
  `uid` char(36) COLLATE utf8_unicode_ci NOT NULL DEFAULT '0',
  PRIMARY KEY (`id`),
  UNIQUE KEY `craft_usergroups_users_groupId_userId_unq_idx` (`groupId`,`userId`),
  KEY `craft_usergroups_users_userId_fk` (`userId`)
) ENGINE=InnoDB DEFAULT CHARSET=utf8 COLLATE=utf8_unicode_ci;

DROP TABLE IF EXISTS `craft_userpermissions`;


--
-- Schema for table `craft_userpermissions`
--
CREATE TABLE `craft_userpermissions` (
  `id` int(11) NOT NULL AUTO_INCREMENT,
  `name` varchar(255) COLLATE utf8_unicode_ci NOT NULL,
  `dateCreated` datetime NOT NULL,
  `dateUpdated` datetime NOT NULL,
  `uid` char(36) COLLATE utf8_unicode_ci NOT NULL DEFAULT '0',
  PRIMARY KEY (`id`),
  UNIQUE KEY `craft_userpermissions_name_unq_idx` (`name`)
) ENGINE=InnoDB DEFAULT CHARSET=utf8 COLLATE=utf8_unicode_ci;

DROP TABLE IF EXISTS `craft_userpermissions_usergroups`;


--
-- Schema for table `craft_userpermissions_usergroups`
--
CREATE TABLE `craft_userpermissions_usergroups` (
  `id` int(11) NOT NULL AUTO_INCREMENT,
  `permissionId` int(11) NOT NULL,
  `groupId` int(11) NOT NULL,
  `dateCreated` datetime NOT NULL,
  `dateUpdated` datetime NOT NULL,
  `uid` char(36) COLLATE utf8_unicode_ci NOT NULL DEFAULT '0',
  PRIMARY KEY (`id`),
  UNIQUE KEY `craft_userpermissions_usergroups_permissionId_groupId_unq_idx` (`permissionId`,`groupId`),
  KEY `craft_userpermissions_usergroups_groupId_fk` (`groupId`)
) ENGINE=InnoDB DEFAULT CHARSET=utf8 COLLATE=utf8_unicode_ci;

DROP TABLE IF EXISTS `craft_userpermissions_users`;


--
-- Schema for table `craft_userpermissions_users`
--
CREATE TABLE `craft_userpermissions_users` (
  `id` int(11) NOT NULL AUTO_INCREMENT,
  `permissionId` int(11) NOT NULL,
  `userId` int(11) NOT NULL,
  `dateCreated` datetime NOT NULL,
  `dateUpdated` datetime NOT NULL,
  `uid` char(36) COLLATE utf8_unicode_ci NOT NULL DEFAULT '0',
  PRIMARY KEY (`id`),
  UNIQUE KEY `craft_userpermissions_users_permissionId_userId_unq_idx` (`permissionId`,`userId`),
  KEY `craft_userpermissions_users_userId_fk` (`userId`)
) ENGINE=InnoDB DEFAULT CHARSET=utf8 COLLATE=utf8_unicode_ci;

DROP TABLE IF EXISTS `craft_users`;


--
-- Schema for table `craft_users`
--
CREATE TABLE `craft_users` (
  `id` int(11) NOT NULL,
  `username` varchar(100) COLLATE utf8_unicode_ci NOT NULL,
  `photo` varchar(100) COLLATE utf8_unicode_ci DEFAULT NULL,
  `firstName` varchar(100) COLLATE utf8_unicode_ci DEFAULT NULL,
  `lastName` varchar(100) COLLATE utf8_unicode_ci DEFAULT NULL,
  `email` varchar(255) COLLATE utf8_unicode_ci NOT NULL,
  `password` char(255) COLLATE utf8_unicode_ci DEFAULT NULL,
  `preferredLocale` char(12) COLLATE utf8_unicode_ci DEFAULT NULL,
  `weekStartDay` tinyint(1) unsigned NOT NULL DEFAULT '0',
  `admin` tinyint(1) unsigned NOT NULL DEFAULT '0',
  `client` tinyint(1) unsigned NOT NULL DEFAULT '0',
  `locked` tinyint(1) unsigned NOT NULL DEFAULT '0',
  `suspended` tinyint(1) unsigned NOT NULL DEFAULT '0',
  `pending` tinyint(1) unsigned NOT NULL DEFAULT '0',
  `archived` tinyint(1) unsigned NOT NULL DEFAULT '0',
  `lastLoginDate` datetime DEFAULT NULL,
  `lastLoginAttemptIPAddress` varchar(45) COLLATE utf8_unicode_ci DEFAULT NULL,
  `invalidLoginWindowStart` datetime DEFAULT NULL,
  `invalidLoginCount` tinyint(4) unsigned DEFAULT NULL,
  `lastInvalidLoginDate` datetime DEFAULT NULL,
  `lockoutDate` datetime DEFAULT NULL,
  `verificationCode` char(100) COLLATE utf8_unicode_ci DEFAULT NULL,
  `verificationCodeIssuedDate` datetime DEFAULT NULL,
  `unverifiedEmail` varchar(255) COLLATE utf8_unicode_ci DEFAULT NULL,
  `passwordResetRequired` tinyint(1) unsigned NOT NULL DEFAULT '0',
  `lastPasswordChangeDate` datetime DEFAULT NULL,
  `dateCreated` datetime NOT NULL,
  `dateUpdated` datetime NOT NULL,
  `uid` char(36) COLLATE utf8_unicode_ci NOT NULL DEFAULT '0',
  PRIMARY KEY (`id`),
  UNIQUE KEY `craft_users_username_unq_idx` (`username`),
  UNIQUE KEY `craft_users_email_unq_idx` (`email`),
  KEY `craft_users_verificationCode_idx` (`verificationCode`),
  KEY `craft_users_uid_idx` (`uid`),
  KEY `craft_users_preferredLocale_fk` (`preferredLocale`)
) ENGINE=InnoDB DEFAULT CHARSET=utf8 COLLATE=utf8_unicode_ci;

--
-- Data for table `craft_users`
--

INSERT INTO `craft_users` (`id`, `username`, `photo`, `firstName`, `lastName`, `email`, `password`, `preferredLocale`, `weekStartDay`, `admin`, `client`, `locked`, `suspended`, `pending`, `archived`, `lastLoginDate`, `lastLoginAttemptIPAddress`, `invalidLoginWindowStart`, `invalidLoginCount`, `lastInvalidLoginDate`, `lockoutDate`, `verificationCode`, `verificationCodeIssuedDate`, `unverifiedEmail`, `passwordResetRequired`, `lastPasswordChangeDate`, `dateCreated`, `dateUpdated`, `uid`) VALUES
 ('1', 'beheer', NULL, NULL, NULL, 'brankog98@icloud.com', '$2y$13$o6sEm7UA7p/HWBBB2hFoi.8rxgV03dfF6DLjGWnMYMcnvxJO5Sh0W', NULL, '0', '1', '0', '0', '0', '0', '0', '2018-12-11 12:59:01', '::1', NULL, NULL, '2018-11-04 15:44:11', NULL, NULL, NULL, NULL, '0', '2018-10-17 19:49:46', '2018-10-17 19:49:46', '2018-12-11 12:59:01', '2041b30f-d891-4033-9eea-609b16b59d76');



DROP TABLE IF EXISTS `craft_widgets`;


--
-- Schema for table `craft_widgets`
--
CREATE TABLE `craft_widgets` (
  `id` int(11) NOT NULL AUTO_INCREMENT,
  `userId` int(11) NOT NULL,
  `type` varchar(150) COLLATE utf8_unicode_ci NOT NULL,
  `sortOrder` smallint(6) unsigned DEFAULT NULL,
  `colspan` tinyint(4) unsigned DEFAULT NULL,
  `settings` text COLLATE utf8_unicode_ci,
  `enabled` tinyint(1) unsigned NOT NULL DEFAULT '1',
  `dateCreated` datetime NOT NULL,
  `dateUpdated` datetime NOT NULL,
  `uid` char(36) COLLATE utf8_unicode_ci NOT NULL DEFAULT '0',
  PRIMARY KEY (`id`),
  KEY `craft_widgets_userId_fk` (`userId`)
) ENGINE=InnoDB AUTO_INCREMENT=5 DEFAULT CHARSET=utf8 COLLATE=utf8_unicode_ci;

--
-- Data for table `craft_widgets`
--

INSERT INTO `craft_widgets` (`id`, `userId`, `type`, `sortOrder`, `colspan`, `settings`, `enabled`, `dateCreated`, `dateUpdated`, `uid`) VALUES
 ('1', '1', 'RecentEntries', '1', NULL, NULL, '1', '2018-10-17 19:51:21', '2018-10-17 19:51:21', 'ca867cfa-ed0f-4e33-b23d-fc0f2a31e818'),
 ('2', '1', 'GetHelp', '2', NULL, NULL, '1', '2018-10-17 19:51:21', '2018-10-17 19:51:21', '3b25c45d-96a7-488e-afd1-a982706e8a92'),
 ('3', '1', 'Updates', '3', NULL, NULL, '1', '2018-10-17 19:51:21', '2018-10-17 19:51:21', '5b787a16-586d-42cb-b75a-7f87164d71d5'),
 ('4', '1', 'Feed', '4', NULL, '{\"url\":\"https:\\/\\/craftcms.com\\/news.rss\",\"title\":\"Craft News\"}', '1', '2018-10-17 19:51:21', '2018-10-17 19:51:21', '85084dc1-3825-4dbd-8fb4-95b191bb28f0');


--
-- Constraints for tables
--


--
-- Constraints for table `craft_assetfiles`
--
ALTER TABLE `craft_assetfiles`
	ADD CONSTRAINT `craft_assetfiles_folderId_fk` FOREIGN KEY (`folderId`) REFERENCES `craft_assetfolders` (`id`) ON DELETE CASCADE,
	ADD CONSTRAINT `craft_assetfiles_id_fk` FOREIGN KEY (`id`) REFERENCES `craft_elements` (`id`) ON DELETE CASCADE,
	ADD CONSTRAINT `craft_assetfiles_sourceId_fk` FOREIGN KEY (`sourceId`) REFERENCES `craft_assetsources` (`id`) ON DELETE CASCADE;

--
-- Constraints for table `craft_assetfolders`
--
ALTER TABLE `craft_assetfolders`
	ADD CONSTRAINT `craft_assetfolders_parentId_fk` FOREIGN KEY (`parentId`) REFERENCES `craft_assetfolders` (`id`) ON DELETE CASCADE,
	ADD CONSTRAINT `craft_assetfolders_sourceId_fk` FOREIGN KEY (`sourceId`) REFERENCES `craft_assetsources` (`id`) ON DELETE CASCADE;

--
-- Constraints for table `craft_assetindexdata`
--
ALTER TABLE `craft_assetindexdata`
	ADD CONSTRAINT `craft_assetindexdata_sourceId_fk` FOREIGN KEY (`sourceId`) REFERENCES `craft_assetsources` (`id`) ON DELETE CASCADE;

--
-- Constraints for table `craft_assetsources`
--
ALTER TABLE `craft_assetsources`
	ADD CONSTRAINT `craft_assetsources_fieldLayoutId_fk` FOREIGN KEY (`fieldLayoutId`) REFERENCES `craft_fieldlayouts` (`id`) ON DELETE SET NULL;

--
-- Constraints for table `craft_categories`
--
ALTER TABLE `craft_categories`
	ADD CONSTRAINT `craft_categories_groupId_fk` FOREIGN KEY (`groupId`) REFERENCES `craft_categorygroups` (`id`) ON DELETE CASCADE,
	ADD CONSTRAINT `craft_categories_id_fk` FOREIGN KEY (`id`) REFERENCES `craft_elements` (`id`) ON DELETE CASCADE;

--
-- Constraints for table `craft_categorygroups`
--
ALTER TABLE `craft_categorygroups`
	ADD CONSTRAINT `craft_categorygroups_fieldLayoutId_fk` FOREIGN KEY (`fieldLayoutId`) REFERENCES `craft_fieldlayouts` (`id`) ON DELETE SET NULL,
	ADD CONSTRAINT `craft_categorygroups_structureId_fk` FOREIGN KEY (`structureId`) REFERENCES `craft_structures` (`id`) ON DELETE CASCADE;

--
-- Constraints for table `craft_categorygroups_i18n`
--
ALTER TABLE `craft_categorygroups_i18n`
	ADD CONSTRAINT `craft_categorygroups_i18n_groupId_fk` FOREIGN KEY (`groupId`) REFERENCES `craft_categorygroups` (`id`) ON DELETE CASCADE,
	ADD CONSTRAINT `craft_categorygroups_i18n_locale_fk` FOREIGN KEY (`locale`) REFERENCES `craft_locales` (`locale`) ON DELETE CASCADE ON UPDATE CASCADE;

--
-- Constraints for table `craft_commerce_addresses`
--
ALTER TABLE `craft_commerce_addresses`
	ADD CONSTRAINT `craft_commerce_addresses_countryId_fk` FOREIGN KEY (`countryId`) REFERENCES `craft_commerce_countries` (`id`) ON DELETE SET NULL,
	ADD CONSTRAINT `craft_commerce_addresses_stateId_fk` FOREIGN KEY (`stateId`) REFERENCES `craft_commerce_states` (`id`) ON DELETE SET NULL;

--
-- Constraints for table `craft_commerce_customer_discountuses`
--
ALTER TABLE `craft_commerce_customer_discountuses`
	ADD CONSTRAINT `craft_commerce_customer_discountuses_customerId_fk` FOREIGN KEY (`customerId`) REFERENCES `craft_commerce_customers` (`id`) ON DELETE CASCADE ON UPDATE CASCADE,
	ADD CONSTRAINT `craft_commerce_customer_discountuses_discountId_fk` FOREIGN KEY (`discountId`) REFERENCES `craft_commerce_discounts` (`id`) ON DELETE CASCADE ON UPDATE CASCADE;

--
-- Constraints for table `craft_commerce_customers`
--
ALTER TABLE `craft_commerce_customers`
	ADD CONSTRAINT `craft_commerce_customers_userId_fk` FOREIGN KEY (`userId`) REFERENCES `craft_users` (`id`) ON DELETE SET NULL;

--
-- Constraints for table `craft_commerce_customers_addresses`
--
ALTER TABLE `craft_commerce_customers_addresses`
	ADD CONSTRAINT `craft_commerce_customers_addresses_addressId_fk` FOREIGN KEY (`addressId`) REFERENCES `craft_commerce_addresses` (`id`) ON DELETE CASCADE ON UPDATE CASCADE,
	ADD CONSTRAINT `craft_commerce_customers_addresses_customerId_fk` FOREIGN KEY (`customerId`) REFERENCES `craft_commerce_customers` (`id`) ON DELETE CASCADE ON UPDATE CASCADE;

--
-- Constraints for table `craft_commerce_discount_products`
--
ALTER TABLE `craft_commerce_discount_products`
	ADD CONSTRAINT `craft_commerce_discount_products_discountId_fk` FOREIGN KEY (`discountId`) REFERENCES `craft_commerce_discounts` (`id`) ON DELETE CASCADE ON UPDATE CASCADE,
	ADD CONSTRAINT `craft_commerce_discount_products_productId_fk` FOREIGN KEY (`productId`) REFERENCES `craft_commerce_products` (`id`) ON DELETE CASCADE ON UPDATE CASCADE;

--
-- Constraints for table `craft_commerce_discount_producttypes`
--
ALTER TABLE `craft_commerce_discount_producttypes`
	ADD CONSTRAINT `craft_commerce_discount_producttypes_discountId_fk` FOREIGN KEY (`discountId`) REFERENCES `craft_commerce_discounts` (`id`) ON DELETE CASCADE ON UPDATE CASCADE,
	ADD CONSTRAINT `craft_commerce_discount_producttypes_productTypeId_fk` FOREIGN KEY (`productTypeId`) REFERENCES `craft_commerce_producttypes` (`id`) ON DELETE CASCADE ON UPDATE CASCADE;

--
-- Constraints for table `craft_commerce_discount_usergroups`
--
ALTER TABLE `craft_commerce_discount_usergroups`
	ADD CONSTRAINT `craft_commerce_discount_usergroups_discountId_fk` FOREIGN KEY (`discountId`) REFERENCES `craft_commerce_discounts` (`id`) ON DELETE CASCADE ON UPDATE CASCADE,
	ADD CONSTRAINT `craft_commerce_discount_usergroups_userGroupId_fk` FOREIGN KEY (`userGroupId`) REFERENCES `craft_usergroups` (`id`) ON DELETE CASCADE ON UPDATE CASCADE;

--
-- Constraints for table `craft_commerce_lineitems`
--
ALTER TABLE `craft_commerce_lineitems`
	ADD CONSTRAINT `craft_commerce_lineitems_orderId_fk` FOREIGN KEY (`orderId`) REFERENCES `craft_commerce_orders` (`id`) ON DELETE CASCADE,
	ADD CONSTRAINT `craft_commerce_lineitems_purchasableId_fk` FOREIGN KEY (`purchasableId`) REFERENCES `craft_elements` (`id`) ON DELETE SET NULL ON UPDATE CASCADE,
	ADD CONSTRAINT `craft_commerce_lineitems_shippingCategoryId_fk` FOREIGN KEY (`shippingCategoryId`) REFERENCES `craft_commerce_shippingcategories` (`id`) ON UPDATE CASCADE,
	ADD CONSTRAINT `craft_commerce_lineitems_taxCategoryId_fk` FOREIGN KEY (`taxCategoryId`) REFERENCES `craft_commerce_taxcategories` (`id`) ON UPDATE CASCADE;

--
-- Constraints for table `craft_commerce_orderadjustments`
--
ALTER TABLE `craft_commerce_orderadjustments`
	ADD CONSTRAINT `craft_commerce_orderadjustments_orderId_fk` FOREIGN KEY (`orderId`) REFERENCES `craft_commerce_orders` (`id`) ON DELETE CASCADE;

--
-- Constraints for table `craft_commerce_orderhistories`
--
ALTER TABLE `craft_commerce_orderhistories`
	ADD CONSTRAINT `craft_commerce_orderhistories_customerId_fk` FOREIGN KEY (`customerId`) REFERENCES `craft_commerce_customers` (`id`) ON DELETE CASCADE ON UPDATE CASCADE,
	ADD CONSTRAINT `craft_commerce_orderhistories_newStatusId_fk` FOREIGN KEY (`newStatusId`) REFERENCES `craft_commerce_orderstatuses` (`id`) ON UPDATE CASCADE,
	ADD CONSTRAINT `craft_commerce_orderhistories_orderId_fk` FOREIGN KEY (`orderId`) REFERENCES `craft_commerce_orders` (`id`) ON DELETE CASCADE ON UPDATE CASCADE,
	ADD CONSTRAINT `craft_commerce_orderhistories_prevStatusId_fk` FOREIGN KEY (`prevStatusId`) REFERENCES `craft_commerce_orderstatuses` (`id`) ON UPDATE CASCADE;

--
-- Constraints for table `craft_commerce_orders`
--
ALTER TABLE `craft_commerce_orders`
	ADD CONSTRAINT `craft_commerce_orders_billingAddressId_fk` FOREIGN KEY (`billingAddressId`) REFERENCES `craft_commerce_addresses` (`id`) ON DELETE SET NULL,
	ADD CONSTRAINT `craft_commerce_orders_customerId_fk` FOREIGN KEY (`customerId`) REFERENCES `craft_commerce_customers` (`id`) ON DELETE SET NULL,
	ADD CONSTRAINT `craft_commerce_orders_id_fk` FOREIGN KEY (`id`) REFERENCES `craft_elements` (`id`) ON DELETE CASCADE,
	ADD CONSTRAINT `craft_commerce_orders_orderStatusId_fk` FOREIGN KEY (`orderStatusId`) REFERENCES `craft_commerce_orderstatuses` (`id`) ON UPDATE CASCADE,
	ADD CONSTRAINT `craft_commerce_orders_paymentMethodId_fk` FOREIGN KEY (`paymentMethodId`) REFERENCES `craft_commerce_paymentmethods` (`id`) ON DELETE SET NULL,
	ADD CONSTRAINT `craft_commerce_orders_shippingAddressId_fk` FOREIGN KEY (`shippingAddressId`) REFERENCES `craft_commerce_addresses` (`id`) ON DELETE SET NULL;

--
-- Constraints for table `craft_commerce_ordersettings`
--
ALTER TABLE `craft_commerce_ordersettings`
	ADD CONSTRAINT `craft_commerce_ordersettings_fieldLayoutId_fk` FOREIGN KEY (`fieldLayoutId`) REFERENCES `craft_fieldlayouts` (`id`) ON DELETE SET NULL;

--
-- Constraints for table `craft_commerce_orderstatus_emails`
--
ALTER TABLE `craft_commerce_orderstatus_emails`
	ADD CONSTRAINT `craft_commerce_orderstatus_emails_emailId_fk` FOREIGN KEY (`emailId`) REFERENCES `craft_commerce_emails` (`id`) ON DELETE CASCADE ON UPDATE CASCADE,
	ADD CONSTRAINT `craft_commerce_orderstatus_emails_orderStatusId_fk` FOREIGN KEY (`orderStatusId`) REFERENCES `craft_commerce_orderstatuses` (`id`) ON DELETE CASCADE ON UPDATE CASCADE;

--
-- Constraints for table `craft_commerce_products`
--
ALTER TABLE `craft_commerce_products`
	ADD CONSTRAINT `craft_commerce_products_id_fk` FOREIGN KEY (`id`) REFERENCES `craft_elements` (`id`) ON DELETE CASCADE,
	ADD CONSTRAINT `craft_commerce_products_shippingCategoryId_fk` FOREIGN KEY (`shippingCategoryId`) REFERENCES `craft_commerce_shippingcategories` (`id`),
	ADD CONSTRAINT `craft_commerce_products_taxCategoryId_fk` FOREIGN KEY (`taxCategoryId`) REFERENCES `craft_commerce_taxcategories` (`id`),
	ADD CONSTRAINT `craft_commerce_products_typeId_fk` FOREIGN KEY (`typeId`) REFERENCES `craft_commerce_producttypes` (`id`) ON DELETE CASCADE;

--
-- Constraints for table `craft_commerce_producttypes`
--
ALTER TABLE `craft_commerce_producttypes`
	ADD CONSTRAINT `craft_commerce_producttypes_fieldLayoutId_fk` FOREIGN KEY (`fieldLayoutId`) REFERENCES `craft_fieldlayouts` (`id`) ON DELETE SET NULL,
	ADD CONSTRAINT `craft_commerce_producttypes_variantFieldLayoutId_fk` FOREIGN KEY (`variantFieldLayoutId`) REFERENCES `craft_fieldlayouts` (`id`) ON DELETE SET NULL;

--
-- Constraints for table `craft_commerce_producttypes_i18n`
--
ALTER TABLE `craft_commerce_producttypes_i18n`
	ADD CONSTRAINT `craft_commerce_producttypes_i18n_locale_fk` FOREIGN KEY (`locale`) REFERENCES `craft_locales` (`locale`) ON DELETE CASCADE ON UPDATE CASCADE,
	ADD CONSTRAINT `craft_commerce_producttypes_i18n_productTypeId_fk` FOREIGN KEY (`productTypeId`) REFERENCES `craft_commerce_producttypes` (`id`) ON DELETE CASCADE;

--
-- Constraints for table `craft_commerce_producttypes_shippingcategories`
--
ALTER TABLE `craft_commerce_producttypes_shippingcategories`
	ADD CONSTRAINT `craft_commerc_producttype_shippingcategorie_shippingCategoryI_fk` FOREIGN KEY (`shippingCategoryId`) REFERENCES `craft_commerce_shippingcategories` (`id`) ON DELETE CASCADE ON UPDATE CASCADE,
	ADD CONSTRAINT `craft_commerce_producttypes_shippingcategories_productTypeId_fk` FOREIGN KEY (`productTypeId`) REFERENCES `craft_commerce_producttypes` (`id`) ON DELETE CASCADE ON UPDATE CASCADE;

--
-- Constraints for table `craft_commerce_producttypes_taxcategories`
--
ALTER TABLE `craft_commerce_producttypes_taxcategories`
	ADD CONSTRAINT `craft_commerce_producttypes_taxcategories_productTypeId_fk` FOREIGN KEY (`productTypeId`) REFERENCES `craft_commerce_producttypes` (`id`) ON DELETE CASCADE,
	ADD CONSTRAINT `craft_commerce_producttypes_taxcategories_taxCategoryId_fk` FOREIGN KEY (`taxCategoryId`) REFERENCES `craft_commerce_taxcategories` (`id`) ON DELETE CASCADE;

--
-- Constraints for table `craft_commerce_purchasables`
--
ALTER TABLE `craft_commerce_purchasables`
	ADD CONSTRAINT `craft_commerce_purchasables_id_fk` FOREIGN KEY (`id`) REFERENCES `craft_elements` (`id`) ON DELETE CASCADE;

--
-- Constraints for table `craft_commerce_sale_products`
--
ALTER TABLE `craft_commerce_sale_products`
	ADD CONSTRAINT `craft_commerce_sale_products_productId_fk` FOREIGN KEY (`productId`) REFERENCES `craft_commerce_products` (`id`) ON DELETE CASCADE ON UPDATE CASCADE,
	ADD CONSTRAINT `craft_commerce_sale_products_saleId_fk` FOREIGN KEY (`saleId`) REFERENCES `craft_commerce_sales` (`id`) ON DELETE CASCADE ON UPDATE CASCADE;

--
-- Constraints for table `craft_commerce_sale_producttypes`
--
ALTER TABLE `craft_commerce_sale_producttypes`
	ADD CONSTRAINT `craft_commerce_sale_producttypes_productTypeId_fk` FOREIGN KEY (`productTypeId`) REFERENCES `craft_commerce_producttypes` (`id`) ON DELETE CASCADE ON UPDATE CASCADE,
	ADD CONSTRAINT `craft_commerce_sale_producttypes_saleId_fk` FOREIGN KEY (`saleId`) REFERENCES `craft_commerce_sales` (`id`) ON DELETE CASCADE ON UPDATE CASCADE;

--
-- Constraints for table `craft_commerce_sale_usergroups`
--
ALTER TABLE `craft_commerce_sale_usergroups`
	ADD CONSTRAINT `craft_commerce_sale_usergroups_saleId_fk` FOREIGN KEY (`saleId`) REFERENCES `craft_commerce_sales` (`id`) ON DELETE CASCADE ON UPDATE CASCADE,
	ADD CONSTRAINT `craft_commerce_sale_usergroups_userGroupId_fk` FOREIGN KEY (`userGroupId`) REFERENCES `craft_usergroups` (`id`) ON DELETE CASCADE ON UPDATE CASCADE;

--
-- Constraints for table `craft_commerce_shippingrule_categories`
--
ALTER TABLE `craft_commerce_shippingrule_categories`
	ADD CONSTRAINT `craft_commerce_shippingrule_categories_shippingCategoryId_fk` FOREIGN KEY (`shippingCategoryId`) REFERENCES `craft_commerce_shippingcategories` (`id`) ON DELETE CASCADE,
	ADD CONSTRAINT `craft_commerce_shippingrule_categories_shippingRuleId_fk` FOREIGN KEY (`shippingRuleId`) REFERENCES `craft_commerce_shippingrules` (`id`) ON DELETE CASCADE;

--
-- Constraints for table `craft_commerce_shippingrules`
--
ALTER TABLE `craft_commerce_shippingrules`
	ADD CONSTRAINT `craft_commerce_shippingrules_methodId_fk` FOREIGN KEY (`methodId`) REFERENCES `craft_commerce_shippingmethods` (`id`),
	ADD CONSTRAINT `craft_commerce_shippingrules_shippingZoneId_fk` FOREIGN KEY (`shippingZoneId`) REFERENCES `craft_commerce_shippingzones` (`id`) ON DELETE SET NULL;

--
-- Constraints for table `craft_commerce_shippingzone_countries`
--
ALTER TABLE `craft_commerce_shippingzone_countries`
	ADD CONSTRAINT `craft_commerce_shippingzone_countries_countryId_fk` FOREIGN KEY (`countryId`) REFERENCES `craft_commerce_countries` (`id`) ON DELETE CASCADE ON UPDATE CASCADE,
	ADD CONSTRAINT `craft_commerce_shippingzone_countries_shippingZoneId_fk` FOREIGN KEY (`shippingZoneId`) REFERENCES `craft_commerce_shippingzones` (`id`) ON DELETE CASCADE ON UPDATE CASCADE;

--
-- Constraints for table `craft_commerce_shippingzone_states`
--
ALTER TABLE `craft_commerce_shippingzone_states`
	ADD CONSTRAINT `craft_commerce_shippingzone_states_shippingZoneId_fk` FOREIGN KEY (`shippingZoneId`) REFERENCES `craft_commerce_shippingzones` (`id`) ON DELETE CASCADE ON UPDATE CASCADE,
	ADD CONSTRAINT `craft_commerce_shippingzone_states_stateId_fk` FOREIGN KEY (`stateId`) REFERENCES `craft_commerce_states` (`id`) ON DELETE CASCADE ON UPDATE CASCADE;

--
-- Constraints for table `craft_commerce_states`
--
ALTER TABLE `craft_commerce_states`
	ADD CONSTRAINT `craft_commerce_states_countryId_fk` FOREIGN KEY (`countryId`) REFERENCES `craft_commerce_countries` (`id`) ON DELETE CASCADE ON UPDATE CASCADE;

--
-- Constraints for table `craft_commerce_taxrates`
--
ALTER TABLE `craft_commerce_taxrates`
	ADD CONSTRAINT `craft_commerce_taxrates_taxCategoryId_fk` FOREIGN KEY (`taxCategoryId`) REFERENCES `craft_commerce_taxcategories` (`id`) ON UPDATE CASCADE,
	ADD CONSTRAINT `craft_commerce_taxrates_taxZoneId_fk` FOREIGN KEY (`taxZoneId`) REFERENCES `craft_commerce_taxzones` (`id`) ON UPDATE CASCADE;

--
-- Constraints for table `craft_commerce_taxzone_countries`
--
ALTER TABLE `craft_commerce_taxzone_countries`
	ADD CONSTRAINT `craft_commerce_taxzone_countries_countryId_fk` FOREIGN KEY (`countryId`) REFERENCES `craft_commerce_countries` (`id`) ON DELETE CASCADE ON UPDATE CASCADE,
	ADD CONSTRAINT `craft_commerce_taxzone_countries_taxZoneId_fk` FOREIGN KEY (`taxZoneId`) REFERENCES `craft_commerce_taxzones` (`id`) ON DELETE CASCADE ON UPDATE CASCADE;

--
-- Constraints for table `craft_commerce_taxzone_states`
--
ALTER TABLE `craft_commerce_taxzone_states`
	ADD CONSTRAINT `craft_commerce_taxzone_states_stateId_fk` FOREIGN KEY (`stateId`) REFERENCES `craft_commerce_states` (`id`) ON DELETE CASCADE ON UPDATE CASCADE,
	ADD CONSTRAINT `craft_commerce_taxzone_states_taxZoneId_fk` FOREIGN KEY (`taxZoneId`) REFERENCES `craft_commerce_taxzones` (`id`) ON DELETE CASCADE ON UPDATE CASCADE;

--
-- Constraints for table `craft_commerce_transactions`
--
ALTER TABLE `craft_commerce_transactions`
	ADD CONSTRAINT `craft_commerce_transactions_orderId_fk` FOREIGN KEY (`orderId`) REFERENCES `craft_commerce_orders` (`id`) ON DELETE CASCADE,
	ADD CONSTRAINT `craft_commerce_transactions_parentId_fk` FOREIGN KEY (`parentId`) REFERENCES `craft_commerce_transactions` (`id`) ON DELETE CASCADE ON UPDATE CASCADE,
	ADD CONSTRAINT `craft_commerce_transactions_paymentMethodId_fk` FOREIGN KEY (`paymentMethodId`) REFERENCES `craft_commerce_paymentmethods` (`id`) ON UPDATE CASCADE,
	ADD CONSTRAINT `craft_commerce_transactions_userId_fk` FOREIGN KEY (`userId`) REFERENCES `craft_users` (`id`) ON DELETE SET NULL;

--
-- Constraints for table `craft_commerce_variants`
--
ALTER TABLE `craft_commerce_variants`
	ADD CONSTRAINT `craft_commerce_variants_id_fk` FOREIGN KEY (`id`) REFERENCES `craft_elements` (`id`) ON DELETE CASCADE,
	ADD CONSTRAINT `craft_commerce_variants_productId_fk` FOREIGN KEY (`productId`) REFERENCES `craft_commerce_products` (`id`) ON DELETE SET NULL ON UPDATE CASCADE;

--
-- Constraints for table `craft_content`
--
ALTER TABLE `craft_content`
	ADD CONSTRAINT `craft_content_elementId_fk` FOREIGN KEY (`elementId`) REFERENCES `craft_elements` (`id`) ON DELETE CASCADE,
	ADD CONSTRAINT `craft_content_locale_fk` FOREIGN KEY (`locale`) REFERENCES `craft_locales` (`locale`) ON DELETE CASCADE ON UPDATE CASCADE;

--
-- Constraints for table `craft_elements_i18n`
--
ALTER TABLE `craft_elements_i18n`
	ADD CONSTRAINT `craft_elements_i18n_elementId_fk` FOREIGN KEY (`elementId`) REFERENCES `craft_elements` (`id`) ON DELETE CASCADE,
	ADD CONSTRAINT `craft_elements_i18n_locale_fk` FOREIGN KEY (`locale`) REFERENCES `craft_locales` (`locale`) ON DELETE CASCADE ON UPDATE CASCADE;

--
-- Constraints for table `craft_emailmessages`
--
ALTER TABLE `craft_emailmessages`
	ADD CONSTRAINT `craft_emailmessages_locale_fk` FOREIGN KEY (`locale`) REFERENCES `craft_locales` (`locale`) ON DELETE CASCADE ON UPDATE CASCADE;

--
-- Constraints for table `craft_entries`
--
ALTER TABLE `craft_entries`
	ADD CONSTRAINT `craft_entries_authorId_fk` FOREIGN KEY (`authorId`) REFERENCES `craft_users` (`id`) ON DELETE CASCADE,
	ADD CONSTRAINT `craft_entries_id_fk` FOREIGN KEY (`id`) REFERENCES `craft_elements` (`id`) ON DELETE CASCADE,
	ADD CONSTRAINT `craft_entries_sectionId_fk` FOREIGN KEY (`sectionId`) REFERENCES `craft_sections` (`id`) ON DELETE CASCADE,
	ADD CONSTRAINT `craft_entries_typeId_fk` FOREIGN KEY (`typeId`) REFERENCES `craft_entrytypes` (`id`) ON DELETE CASCADE;

--
-- Constraints for table `craft_entrydrafts`
--
ALTER TABLE `craft_entrydrafts`
	ADD CONSTRAINT `craft_entrydrafts_creatorId_fk` FOREIGN KEY (`creatorId`) REFERENCES `craft_users` (`id`) ON DELETE CASCADE,
	ADD CONSTRAINT `craft_entrydrafts_entryId_fk` FOREIGN KEY (`entryId`) REFERENCES `craft_entries` (`id`) ON DELETE CASCADE,
	ADD CONSTRAINT `craft_entrydrafts_locale_fk` FOREIGN KEY (`locale`) REFERENCES `craft_locales` (`locale`) ON DELETE CASCADE ON UPDATE CASCADE,
	ADD CONSTRAINT `craft_entrydrafts_sectionId_fk` FOREIGN KEY (`sectionId`) REFERENCES `craft_sections` (`id`) ON DELETE CASCADE;

--
-- Constraints for table `craft_entrytypes`
--
ALTER TABLE `craft_entrytypes`
	ADD CONSTRAINT `craft_entrytypes_fieldLayoutId_fk` FOREIGN KEY (`fieldLayoutId`) REFERENCES `craft_fieldlayouts` (`id`) ON DELETE SET NULL,
	ADD CONSTRAINT `craft_entrytypes_sectionId_fk` FOREIGN KEY (`sectionId`) REFERENCES `craft_sections` (`id`) ON DELETE CASCADE;

--
-- Constraints for table `craft_entryversions`
--
ALTER TABLE `craft_entryversions`
	ADD CONSTRAINT `craft_entryversions_creatorId_fk` FOREIGN KEY (`creatorId`) REFERENCES `craft_users` (`id`) ON DELETE SET NULL,
	ADD CONSTRAINT `craft_entryversions_entryId_fk` FOREIGN KEY (`entryId`) REFERENCES `craft_entries` (`id`) ON DELETE CASCADE,
	ADD CONSTRAINT `craft_entryversions_locale_fk` FOREIGN KEY (`locale`) REFERENCES `craft_locales` (`locale`) ON DELETE CASCADE ON UPDATE CASCADE,
	ADD CONSTRAINT `craft_entryversions_sectionId_fk` FOREIGN KEY (`sectionId`) REFERENCES `craft_sections` (`id`) ON DELETE CASCADE;

--
-- Constraints for table `craft_fieldlayoutfields`
--
ALTER TABLE `craft_fieldlayoutfields`
	ADD CONSTRAINT `craft_fieldlayoutfields_fieldId_fk` FOREIGN KEY (`fieldId`) REFERENCES `craft_fields` (`id`) ON DELETE CASCADE,
	ADD CONSTRAINT `craft_fieldlayoutfields_layoutId_fk` FOREIGN KEY (`layoutId`) REFERENCES `craft_fieldlayouts` (`id`) ON DELETE CASCADE,
	ADD CONSTRAINT `craft_fieldlayoutfields_tabId_fk` FOREIGN KEY (`tabId`) REFERENCES `craft_fieldlayouttabs` (`id`) ON DELETE CASCADE;

--
-- Constraints for table `craft_fieldlayouttabs`
--
ALTER TABLE `craft_fieldlayouttabs`
	ADD CONSTRAINT `craft_fieldlayouttabs_layoutId_fk` FOREIGN KEY (`layoutId`) REFERENCES `craft_fieldlayouts` (`id`) ON DELETE CASCADE;

--
-- Constraints for table `craft_fields`
--
ALTER TABLE `craft_fields`
	ADD CONSTRAINT `craft_fields_groupId_fk` FOREIGN KEY (`groupId`) REFERENCES `craft_fieldgroups` (`id`) ON DELETE CASCADE;

--
-- Constraints for table `craft_globalsets`
--
ALTER TABLE `craft_globalsets`
	ADD CONSTRAINT `craft_globalsets_fieldLayoutId_fk` FOREIGN KEY (`fieldLayoutId`) REFERENCES `craft_fieldlayouts` (`id`) ON DELETE SET NULL,
	ADD CONSTRAINT `craft_globalsets_id_fk` FOREIGN KEY (`id`) REFERENCES `craft_elements` (`id`) ON DELETE CASCADE;

--
-- Constraints for table `craft_matrixblocks`
--
ALTER TABLE `craft_matrixblocks`
	ADD CONSTRAINT `craft_matrixblocks_fieldId_fk` FOREIGN KEY (`fieldId`) REFERENCES `craft_fields` (`id`) ON DELETE CASCADE,
	ADD CONSTRAINT `craft_matrixblocks_id_fk` FOREIGN KEY (`id`) REFERENCES `craft_elements` (`id`) ON DELETE CASCADE,
	ADD CONSTRAINT `craft_matrixblocks_ownerId_fk` FOREIGN KEY (`ownerId`) REFERENCES `craft_elements` (`id`) ON DELETE CASCADE,
	ADD CONSTRAINT `craft_matrixblocks_ownerLocale_fk` FOREIGN KEY (`ownerLocale`) REFERENCES `craft_locales` (`locale`) ON DELETE CASCADE ON UPDATE CASCADE,
	ADD CONSTRAINT `craft_matrixblocks_typeId_fk` FOREIGN KEY (`typeId`) REFERENCES `craft_matrixblocktypes` (`id`) ON DELETE CASCADE;

--
-- Constraints for table `craft_matrixblocktypes`
--
ALTER TABLE `craft_matrixblocktypes`
	ADD CONSTRAINT `craft_matrixblocktypes_fieldId_fk` FOREIGN KEY (`fieldId`) REFERENCES `craft_fields` (`id`) ON DELETE CASCADE,
	ADD CONSTRAINT `craft_matrixblocktypes_fieldLayoutId_fk` FOREIGN KEY (`fieldLayoutId`) REFERENCES `craft_fieldlayouts` (`id`) ON DELETE SET NULL;

--
-- Constraints for table `craft_migrations`
--
ALTER TABLE `craft_migrations`
	ADD CONSTRAINT `craft_migrations_pluginId_fk` FOREIGN KEY (`pluginId`) REFERENCES `craft_plugins` (`id`) ON DELETE CASCADE;

--
-- Constraints for table `craft_relations`
--
ALTER TABLE `craft_relations`
	ADD CONSTRAINT `craft_relations_fieldId_fk` FOREIGN KEY (`fieldId`) REFERENCES `craft_fields` (`id`) ON DELETE CASCADE,
	ADD CONSTRAINT `craft_relations_sourceId_fk` FOREIGN KEY (`sourceId`) REFERENCES `craft_elements` (`id`) ON DELETE CASCADE,
	ADD CONSTRAINT `craft_relations_sourceLocale_fk` FOREIGN KEY (`sourceLocale`) REFERENCES `craft_locales` (`locale`) ON DELETE CASCADE ON UPDATE CASCADE,
	ADD CONSTRAINT `craft_relations_targetId_fk` FOREIGN KEY (`targetId`) REFERENCES `craft_elements` (`id`) ON DELETE CASCADE;

--
-- Constraints for table `craft_routes`
--
ALTER TABLE `craft_routes`
	ADD CONSTRAINT `craft_routes_locale_fk` FOREIGN KEY (`locale`) REFERENCES `craft_locales` (`locale`) ON DELETE CASCADE ON UPDATE CASCADE;

--
-- Constraints for table `craft_sections`
--
ALTER TABLE `craft_sections`
	ADD CONSTRAINT `craft_sections_structureId_fk` FOREIGN KEY (`structureId`) REFERENCES `craft_structures` (`id`) ON DELETE SET NULL;

--
-- Constraints for table `craft_sections_i18n`
--
ALTER TABLE `craft_sections_i18n`
	ADD CONSTRAINT `craft_sections_i18n_locale_fk` FOREIGN KEY (`locale`) REFERENCES `craft_locales` (`locale`) ON DELETE CASCADE ON UPDATE CASCADE,
	ADD CONSTRAINT `craft_sections_i18n_sectionId_fk` FOREIGN KEY (`sectionId`) REFERENCES `craft_sections` (`id`) ON DELETE CASCADE;

--
-- Constraints for table `craft_seomatic_meta`
--
ALTER TABLE `craft_seomatic_meta`
	ADD CONSTRAINT `craft_seomatic_meta_id_fk` FOREIGN KEY (`id`) REFERENCES `craft_elements` (`id`) ON DELETE CASCADE,
	ADD CONSTRAINT `craft_seomatic_meta_seoFacebookImageId_fk` FOREIGN KEY (`seoFacebookImageId`) REFERENCES `craft_assetfiles` (`id`) ON DELETE SET NULL,
	ADD CONSTRAINT `craft_seomatic_meta_seoImageId_fk` FOREIGN KEY (`seoImageId`) REFERENCES `craft_assetfiles` (`id`) ON DELETE SET NULL,
	ADD CONSTRAINT `craft_seomatic_meta_seoTwitterImageId_fk` FOREIGN KEY (`seoTwitterImageId`) REFERENCES `craft_assetfiles` (`id`) ON DELETE SET NULL;

--
-- Constraints for table `craft_seomatic_settings`
--
ALTER TABLE `craft_seomatic_settings`
	ADD CONSTRAINT `craft_seomatic_settings_genericCreatorImageId_fk` FOREIGN KEY (`genericCreatorImageId`) REFERENCES `craft_assetfiles` (`id`) ON DELETE SET NULL,
	ADD CONSTRAINT `craft_seomatic_settings_genericOwnerImageId_fk` FOREIGN KEY (`genericOwnerImageId`) REFERENCES `craft_assetfiles` (`id`) ON DELETE SET NULL,
	ADD CONSTRAINT `craft_seomatic_settings_siteSeoFacebookImageId_fk` FOREIGN KEY (`siteSeoFacebookImageId`) REFERENCES `craft_assetfiles` (`id`) ON DELETE SET NULL,
	ADD CONSTRAINT `craft_seomatic_settings_siteSeoImageId_fk` FOREIGN KEY (`siteSeoImageId`) REFERENCES `craft_assetfiles` (`id`) ON DELETE SET NULL,
	ADD CONSTRAINT `craft_seomatic_settings_siteSeoTwitterImageId_fk` FOREIGN KEY (`siteSeoTwitterImageId`) REFERENCES `craft_assetfiles` (`id`) ON DELETE SET NULL;

--
-- Constraints for table `craft_sessions`
--
ALTER TABLE `craft_sessions`
	ADD CONSTRAINT `craft_sessions_userId_fk` FOREIGN KEY (`userId`) REFERENCES `craft_users` (`id`) ON DELETE CASCADE;

--
-- Constraints for table `craft_shunnedmessages`
--
ALTER TABLE `craft_shunnedmessages`
	ADD CONSTRAINT `craft_shunnedmessages_userId_fk` FOREIGN KEY (`userId`) REFERENCES `craft_users` (`id`) ON DELETE CASCADE;

--
-- Constraints for table `craft_structureelements`
--
ALTER TABLE `craft_structureelements`
	ADD CONSTRAINT `craft_structureelements_elementId_fk` FOREIGN KEY (`elementId`) REFERENCES `craft_elements` (`id`) ON DELETE CASCADE,
	ADD CONSTRAINT `craft_structureelements_structureId_fk` FOREIGN KEY (`structureId`) REFERENCES `craft_structures` (`id`) ON DELETE CASCADE;

--
-- Constraints for table `craft_supertableblocks`
--
ALTER TABLE `craft_supertableblocks`
	ADD CONSTRAINT `craft_supertableblocks_fieldId_fk` FOREIGN KEY (`fieldId`) REFERENCES `craft_fields` (`id`) ON DELETE CASCADE,
	ADD CONSTRAINT `craft_supertableblocks_id_fk` FOREIGN KEY (`id`) REFERENCES `craft_elements` (`id`) ON DELETE CASCADE,
	ADD CONSTRAINT `craft_supertableblocks_ownerId_fk` FOREIGN KEY (`ownerId`) REFERENCES `craft_elements` (`id`) ON DELETE CASCADE,
	ADD CONSTRAINT `craft_supertableblocks_ownerLocale_fk` FOREIGN KEY (`ownerLocale`) REFERENCES `craft_locales` (`locale`) ON DELETE CASCADE ON UPDATE CASCADE,
	ADD CONSTRAINT `craft_supertableblocks_typeId_fk` FOREIGN KEY (`typeId`) REFERENCES `craft_supertableblocktypes` (`id`) ON DELETE CASCADE;

--
-- Constraints for table `craft_supertableblocktypes`
--
ALTER TABLE `craft_supertableblocktypes`
	ADD CONSTRAINT `craft_supertableblocktypes_fieldId_fk` FOREIGN KEY (`fieldId`) REFERENCES `craft_fields` (`id`) ON DELETE CASCADE,
	ADD CONSTRAINT `craft_supertableblocktypes_fieldLayoutId_fk` FOREIGN KEY (`fieldLayoutId`) REFERENCES `craft_fieldlayouts` (`id`) ON DELETE SET NULL;

--
-- Constraints for table `craft_taggroups`
--
ALTER TABLE `craft_taggroups`
	ADD CONSTRAINT `craft_taggroups_fieldLayoutId_fk` FOREIGN KEY (`fieldLayoutId`) REFERENCES `craft_fieldlayouts` (`id`) ON DELETE SET NULL;

--
-- Constraints for table `craft_tags`
--
ALTER TABLE `craft_tags`
	ADD CONSTRAINT `craft_tags_groupId_fk` FOREIGN KEY (`groupId`) REFERENCES `craft_taggroups` (`id`) ON DELETE CASCADE,
	ADD CONSTRAINT `craft_tags_id_fk` FOREIGN KEY (`id`) REFERENCES `craft_elements` (`id`) ON DELETE CASCADE;

--
-- Constraints for table `craft_templatecachecriteria`
--
ALTER TABLE `craft_templatecachecriteria`
	ADD CONSTRAINT `craft_templatecachecriteria_cacheId_fk` FOREIGN KEY (`cacheId`) REFERENCES `craft_templatecaches` (`id`) ON DELETE CASCADE;

--
-- Constraints for table `craft_templatecacheelements`
--
ALTER TABLE `craft_templatecacheelements`
	ADD CONSTRAINT `craft_templatecacheelements_cacheId_fk` FOREIGN KEY (`cacheId`) REFERENCES `craft_templatecaches` (`id`) ON DELETE CASCADE,
	ADD CONSTRAINT `craft_templatecacheelements_elementId_fk` FOREIGN KEY (`elementId`) REFERENCES `craft_elements` (`id`) ON DELETE CASCADE;

--
-- Constraints for table `craft_templatecaches`
--
ALTER TABLE `craft_templatecaches`
	ADD CONSTRAINT `craft_templatecaches_locale_fk` FOREIGN KEY (`locale`) REFERENCES `craft_locales` (`locale`) ON DELETE CASCADE ON UPDATE CASCADE;

--
-- Constraints for table `craft_usergroups_users`
--
ALTER TABLE `craft_usergroups_users`
	ADD CONSTRAINT `craft_usergroups_users_groupId_fk` FOREIGN KEY (`groupId`) REFERENCES `craft_usergroups` (`id`) ON DELETE CASCADE,
	ADD CONSTRAINT `craft_usergroups_users_userId_fk` FOREIGN KEY (`userId`) REFERENCES `craft_users` (`id`) ON DELETE CASCADE;

--
-- Constraints for table `craft_userpermissions_usergroups`
--
ALTER TABLE `craft_userpermissions_usergroups`
	ADD CONSTRAINT `craft_userpermissions_usergroups_groupId_fk` FOREIGN KEY (`groupId`) REFERENCES `craft_usergroups` (`id`) ON DELETE CASCADE,
	ADD CONSTRAINT `craft_userpermissions_usergroups_permissionId_fk` FOREIGN KEY (`permissionId`) REFERENCES `craft_userpermissions` (`id`) ON DELETE CASCADE;

--
-- Constraints for table `craft_userpermissions_users`
--
ALTER TABLE `craft_userpermissions_users`
	ADD CONSTRAINT `craft_userpermissions_users_permissionId_fk` FOREIGN KEY (`permissionId`) REFERENCES `craft_userpermissions` (`id`) ON DELETE CASCADE,
	ADD CONSTRAINT `craft_userpermissions_users_userId_fk` FOREIGN KEY (`userId`) REFERENCES `craft_users` (`id`) ON DELETE CASCADE;

--
-- Constraints for table `craft_users`
--
ALTER TABLE `craft_users`
	ADD CONSTRAINT `craft_users_id_fk` FOREIGN KEY (`id`) REFERENCES `craft_elements` (`id`) ON DELETE CASCADE,
	ADD CONSTRAINT `craft_users_preferredLocale_fk` FOREIGN KEY (`preferredLocale`) REFERENCES `craft_locales` (`locale`) ON DELETE SET NULL ON UPDATE CASCADE;

--
-- Constraints for table `craft_widgets`
--
ALTER TABLE `craft_widgets`
	ADD CONSTRAINT `craft_widgets_userId_fk` FOREIGN KEY (`userId`) REFERENCES `craft_users` (`id`) ON DELETE CASCADE;

SET FOREIGN_KEY_CHECKS = 1;
